

                             _   _
                            (_) | |
      __ _   _ __   __   __  _  | |
     / _` | | '_ \  \ \ / / | | | |
    | (_| | | | | |  \ V /  | | | |
     \__,_| |_| |_|   \_/   |_| |_|

    1.5.1-stable (b0a9dd9ced 2025-12-22T11:39:01.425730780Z)
    https://github.com/foundry-rs/foundry

Available Accounts
==================

(0) 0xf39Fd6e51aad88F6F4ce6aB8827279cffFb92266 (10000.000000000000000000 ETH)
(1) 0x70997970C51812dc3A010C7d01b50e0d17dc79C8 (10000.000000000000000000 ETH)
(2) 0x3C44CdDdB6a900fa2b585dd299e03d12FA4293BC (10000.000000000000000000 ETH)
(3) 0x90F79bf6EB2c4f870365E785982E1f101E93b906 (10000.000000000000000000 ETH)
(4) 0x15d34AAf54267DB7D7c367839AAf71A00a2C6A65 (10000.000000000000000000 ETH)
(5) 0x9965507D1a55bcC2695C58ba16FB37d819B0A4dc (10000.000000000000000000 ETH)
(6) 0x976EA74026E726554dB657fA54763abd0C3a0aa9 (10000.000000000000000000 ETH)
(7) 0x14dC79964da2C08b23698B3D3cc7Ca32193d9955 (10000.000000000000000000 ETH)
(8) 0x23618e81E3f5cdF7f54C3d65f7FBc0aBf5B21E8f (10000.000000000000000000 ETH)
(9) 0xa0Ee7A142d267C1f36714E4a8F75612F20a79720 (10000.000000000000000000 ETH)

Private Keys
==================

(0) 0xac0974bec39a17e36ba4a6b4d238ff944bacb478cbed5efcae784d7bf4f2ff80
(1) 0x59c6995e998f97a5a0044966f0945389dc9e86dae88c7a8412f4603b6b78690d
(2) 0x5de4111afa1a4b94908f83103eb1f1706367c2e68ca870fc3fb9a804cdab365a
(3) 0x7c852118294e51e653712a81e05800f419141751be58f605c371e15141b007a6
(4) 0x47e179ec197488593b187f80a00eb0da91f1b9d0b13f8733639f19c30a34926a
(5) 0x8b3a350cf5c34c9194ca85829a2df0ec3153be0318b5e2d3348e872092edffba
(6) 0x92db14e403b83dfe3df233f83dfa3a0d7096f21ca9b0d6d6b8d88b2b4ec1564e
(7) 0x4bbbf85ce3377467afe5d46f804f221813b2bb87f24d81f60f1fcdbf7cbf4356
(8) 0xdbda1821b80551c9d65939329250298aa3472ba22feea921c0cf5d620ea67b97
(9) 0x2a871d0798f97d79848a013d4936a73bf4cc922c825d33c1cf7073dff6d409c6

Wallet
==================
Mnemonic:          test test test test test test test test test test test junk
Derivation path:   m/44'/60'/0'/0/


Chain ID
==================

31338

Base Fee
==================

1000000000

Gas Limit
==================

30000000

Genesis Timestamp
==================

1775408772

Genesis Number
==================

0

Listening on 127.0.0.1:8546
eth_blockNumber
eth_chainId
eth_getTransactionCount
eth_feeHistory
eth_estimateGas
eth_sendRawTransaction
eth_getTransactionReceipt
eth_getTransactionReceipt
eth_getTransactionReceipt
eth_blockNumber
eth_getBlockByNumber

    Transaction: 0x350045bafc1ff7ca692a977f8deef8dd9a23f3ad3b9aae05af6ba8fa17cd1b51
    Contract created: 0xd9140951d8aE6E5F625a02F5908535e16e3af964
    Gas used: 211748

    Block Number: 290
    Block Hash: 0x8b3f0adc79fd4e0e2e9e9d405746bb37edd0ffef38a0f499bb35cbfaeabeaa0d
    Block Time: "Sun, 5 Apr 2026 17:06:19 +0000"

eth_getBlockByNumber
eth_blockNumber
eth_getTransactionReceipt
eth_getBlockByNumber
eth_chainId
eth_getTransactionCount
eth_feeHistory
eth_estimateGas
eth_sendRawTransaction
eth_getTransactionReceipt
eth_getTransactionReceipt
eth_blockNumber
eth_getBlockByNumber
eth_getTransactionReceipt
eth_getBlockByNumber

    Transaction: 0x5a5caafe526c2151574465ff4d561b57de6667dfeb1fbed7a032dbc39ff3af1e
    Contract created: 0x56D13Eb21a625EdA8438F55DF2C31dC3632034f5
    Gas used: 4733972

    Block Number: 291
    Block Hash: 0x5a1c01b246eddee194a283c23441cf88c7f2a63dded8066c9ee29e1f925b384a
    Block Time: "Sun, 5 Apr 2026 17:06:20 +0000"

eth_blockNumber
eth_getBlockByNumber
eth_getTransactionReceipt
eth_chainId
eth_getTransactionCount
eth_feeHistory
eth_estimateGas
eth_sendRawTransaction
eth_getTransactionReceipt
eth_getTransactionReceipt
eth_blockNumber
eth_getTransactionReceipt
eth_getBlockByNumber
eth_getBlockByNumber

    Transaction: 0x83b9784c3b185aac21056515cd0521dfd8040f227671f10aee991feb96b6bfd2
    Contract created: 0xE8addD62feD354203d079926a8e563BC1A7FE81e
    Gas used: 5204374

    Block Number: 292
    Block Hash: 0xad81f493efb948c9b7febc70153af6939a47b128f08cedef724fe0270defb237
    Block Time: "Sun, 5 Apr 2026 17:06:20 +0000"

eth_blockNumber
eth_getTransactionReceipt
eth_getBlockByNumber
eth_chainId
eth_getTransactionCount
eth_feeHistory
eth_estimateGas
eth_sendRawTransaction
eth_getTransactionReceipt
eth_getTransactionReceipt
eth_blockNumber

    Transaction: 0xb2872ee3b2a7c6ca4d3d857d3ea1533365d02ea6312378014ae7e27bc4e7d0db
    Gas used: 44450

    Block Number: 293
    Block Hash: 0x3e74599d4a8af6414732eccb6e0fe38f03408190f0c65e1fd889f16aac3b2a3f
    Block Time: "Sun, 5 Apr 2026 17:06:21 +0000"

eth_getBlockByNumber
eth_getTransactionReceipt
eth_getBlockByNumber
eth_blockNumber
eth_getBalance
eth_blockNumber
eth_blockNumber
eth_blockNumber
eth_blockNumber
eth_getLogs
eth_call
eth_blockNumber
eth_call
eth_blockNumber
eth_blockNumber
eth_blockNumber
eth_blockNumber
eth_call
eth_blockNumber
eth_getBlockByNumber
eth_blockNumber
eth_blockNumber
eth_blockNumber
eth_blockNumber
eth_blockNumber
eth_call
eth_blockNumber
eth_blockNumber
eth_getBalance
eth_blockNumber
eth_blockNumber
eth_blockNumber
eth_getCode
eth_getCode
eth_estimateGas
eth_gasPrice
eth_blockNumber
eth_call

RPC request failed:
    Request: EthCall(WithOtherFields { inner: TransactionRequest { from: None, to: Some(Call(0xe8addd62fed354203d079926a8e563bc1a7fe81e)), gas_price: None, max_fee_per_gas: None, max_priority_fee_per_gas: None, max_fee_per_blob_gas: None, gas: None, value: None, input: TransactionInput { input: None, data: Some(0x01ffc9a780ac58cd00000000000000000000000000000000000000000000000000000000) }, nonce: None, chain_id: None, access_list: None, transaction_type: None, blob_versioned_hashes: None, sidecar: None, authorization_list: None }, other: OtherFields {} }, Some(0x125), None, None)
    Error: Execution error: execution reverted

eth_call

RPC request failed:
    Request: EthCall(WithOtherFields { inner: TransactionRequest { from: None, to: Some(Call(0xe8addd62fed354203d079926a8e563bc1a7fe81e)), gas_price: None, max_fee_per_gas: None, max_priority_fee_per_gas: None, max_fee_per_blob_gas: None, gas: None, value: None, input: TransactionInput { input: None, data: Some(0x01ffc9a7d9b67a2600000000000000000000000000000000000000000000000000000000) }, nonce: None, chain_id: None, access_list: None, transaction_type: None, blob_versioned_hashes: None, sidecar: None, authorization_list: None }, other: OtherFields {} }, Some(0x125), None, None)
    Error: Execution error: execution reverted

eth_call

RPC request failed:
    Request: EthCall(WithOtherFields { inner: TransactionRequest { from: None, to: Some(Call(0xe8addd62fed354203d079926a8e563bc1a7fe81e)), gas_price: None, max_fee_per_gas: None, max_priority_fee_per_gas: None, max_fee_per_blob_gas: None, gas: None, value: None, input: TransactionInput { input: None, data: Some(0x95d89b41) }, nonce: None, chain_id: None, access_list: None, transaction_type: None, blob_versioned_hashes: None, sidecar: None, authorization_list: None }, other: OtherFields {} }, Some(0x125), None, None)
    Error: Execution error: execution reverted

eth_call

RPC request failed:
    Request: EthCall(WithOtherFields { inner: TransactionRequest { from: None, to: Some(Call(0xe8addd62fed354203d079926a8e563bc1a7fe81e)), gas_price: None, max_fee_per_gas: None, max_priority_fee_per_gas: None, max_fee_per_blob_gas: None, gas: None, value: None, input: TransactionInput { input: None, data: Some(0x313ce567) }, nonce: None, chain_id: None, access_list: None, transaction_type: None, blob_versioned_hashes: None, sidecar: None, authorization_list: None }, other: OtherFields {} }, Some(0x125), None, None)
    Error: Execution error: execution reverted

eth_call

RPC request failed:
    Request: EthCall(WithOtherFields { inner: TransactionRequest { from: None, to: Some(Call(0xe8addd62fed354203d079926a8e563bc1a7fe81e)), gas_price: None, max_fee_per_gas: None, max_priority_fee_per_gas: None, max_fee_per_blob_gas: None, gas: None, value: None, input: TransactionInput { input: None, data: Some(0x01ffc9a780ac58cd00000000000000000000000000000000000000000000000000000000) }, nonce: None, chain_id: None, access_list: None, transaction_type: None, blob_versioned_hashes: None, sidecar: None, authorization_list: None }, other: OtherFields {} }, Some(0x125), None, None)
    Error: Execution error: execution reverted

eth_call

RPC request failed:
    Request: EthCall(WithOtherFields { inner: TransactionRequest { from: None, to: Some(Call(0xe8addd62fed354203d079926a8e563bc1a7fe81e)), gas_price: None, max_fee_per_gas: None, max_priority_fee_per_gas: None, max_fee_per_blob_gas: None, gas: None, value: None, input: TransactionInput { input: None, data: Some(0x01ffc9a7d9b67a2600000000000000000000000000000000000000000000000000000000) }, nonce: None, chain_id: None, access_list: None, transaction_type: None, blob_versioned_hashes: None, sidecar: None, authorization_list: None }, other: OtherFields {} }, Some(0x125), None, None)
    Error: Execution error: execution reverted

eth_call

RPC request failed:
    Request: EthCall(WithOtherFields { inner: TransactionRequest { from: None, to: Some(Call(0xe8addd62fed354203d079926a8e563bc1a7fe81e)), gas_price: None, max_fee_per_gas: None, max_priority_fee_per_gas: None, max_fee_per_blob_gas: None, gas: None, value: None, input: TransactionInput { input: None, data: Some(0x01ffc9a780ac58cd00000000000000000000000000000000000000000000000000000000) }, nonce: None, chain_id: None, access_list: None, transaction_type: None, blob_versioned_hashes: None, sidecar: None, authorization_list: None }, other: OtherFields {} }, Some(0x125), None, None)
    Error: Execution error: execution reverted

eth_call

RPC request failed:
    Request: EthCall(WithOtherFields { inner: TransactionRequest { from: None, to: Some(Call(0xe8addd62fed354203d079926a8e563bc1a7fe81e)), gas_price: None, max_fee_per_gas: None, max_priority_fee_per_gas: None, max_fee_per_blob_gas: None, gas: None, value: None, input: TransactionInput { input: None, data: Some(0x95d89b41) }, nonce: None, chain_id: None, access_list: None, transaction_type: None, blob_versioned_hashes: None, sidecar: None, authorization_list: None }, other: OtherFields {} }, Some(0x125), None, None)
    Error: Execution error: execution reverted

eth_call

RPC request failed:
    Request: EthCall(WithOtherFields { inner: TransactionRequest { from: None, to: Some(Call(0xe8addd62fed354203d079926a8e563bc1a7fe81e)), gas_price: None, max_fee_per_gas: None, max_priority_fee_per_gas: None, max_fee_per_blob_gas: None, gas: None, value: None, input: TransactionInput { input: None, data: Some(0x313ce567) }, nonce: None, chain_id: None, access_list: None, transaction_type: None, blob_versioned_hashes: None, sidecar: None, authorization_list: None }, other: OtherFields {} }, Some(0x125), None, None)
    Error: Execution error: execution reverted

eth_call

RPC request failed:
    Request: EthCall(WithOtherFields { inner: TransactionRequest { from: None, to: Some(Call(0xe8addd62fed354203d079926a8e563bc1a7fe81e)), gas_price: None, max_fee_per_gas: None, max_priority_fee_per_gas: None, max_fee_per_blob_gas: None, gas: None, value: None, input: TransactionInput { input: None, data: Some(0x70a08231000000000000000000000000f39fd6e51aad88f6f4ce6ab8827279cfffb92266) }, nonce: None, chain_id: None, access_list: None, transaction_type: None, blob_versioned_hashes: None, sidecar: None, authorization_list: None }, other: OtherFields {} }, Some(0x125), None, None)
    Error: Execution error: execution reverted

eth_call

RPC request failed:
    Request: EthCall(WithOtherFields { inner: TransactionRequest { from: None, to: Some(Call(0xe8addd62fed354203d079926a8e563bc1a7fe81e)), gas_price: None, max_fee_per_gas: None, max_priority_fee_per_gas: None, max_fee_per_blob_gas: None, gas: None, value: None, input: TransactionInput { input: None, data: Some(0x01ffc9a7d9b67a2600000000000000000000000000000000000000000000000000000000) }, nonce: None, chain_id: None, access_list: None, transaction_type: None, blob_versioned_hashes: None, sidecar: None, authorization_list: None }, other: OtherFields {} }, Some(0x125), None, None)
    Error: Execution error: execution reverted

eth_call

RPC request failed:
    Request: EthCall(WithOtherFields { inner: TransactionRequest { from: None, to: Some(Call(0xe8addd62fed354203d079926a8e563bc1a7fe81e)), gas_price: None, max_fee_per_gas: None, max_priority_fee_per_gas: None, max_fee_per_blob_gas: None, gas: None, value: None, input: TransactionInput { input: None, data: Some(0x95d89b41) }, nonce: None, chain_id: None, access_list: None, transaction_type: None, blob_versioned_hashes: None, sidecar: None, authorization_list: None }, other: OtherFields {} }, Some(0x125), None, None)
    Error: Execution error: execution reverted

eth_call

RPC request failed:
    Request: EthCall(WithOtherFields { inner: TransactionRequest { from: None, to: Some(Call(0xe8addd62fed354203d079926a8e563bc1a7fe81e)), gas_price: None, max_fee_per_gas: None, max_priority_fee_per_gas: None, max_fee_per_blob_gas: None, gas: None, value: None, input: TransactionInput { input: None, data: Some(0x313ce567) }, nonce: None, chain_id: None, access_list: None, transaction_type: None, blob_versioned_hashes: None, sidecar: None, authorization_list: None }, other: OtherFields {} }, Some(0x125), None, None)
    Error: Execution error: execution reverted

eth_call

RPC request failed:
    Request: EthCall(WithOtherFields { inner: TransactionRequest { from: None, to: Some(Call(0xe8addd62fed354203d079926a8e563bc1a7fe81e)), gas_price: None, max_fee_per_gas: None, max_priority_fee_per_gas: None, max_fee_per_blob_gas: None, gas: None, value: None, input: TransactionInput { input: None, data: Some(0x70a08231000000000000000000000000f39fd6e51aad88f6f4ce6ab8827279cfffb92266) }, nonce: None, chain_id: None, access_list: None, transaction_type: None, blob_versioned_hashes: None, sidecar: None, authorization_list: None }, other: OtherFields {} }, Some(0x125), None, None)
    Error: Execution error: execution reverted

eth_call

RPC request failed:
    Request: EthCall(WithOtherFields { inner: TransactionRequest { from: None, to: Some(Call(0xe8addd62fed354203d079926a8e563bc1a7fe81e)), gas_price: None, max_fee_per_gas: None, max_priority_fee_per_gas: None, max_fee_per_blob_gas: None, gas: None, value: None, input: TransactionInput { input: None, data: Some(0x01ffc9a780ac58cd00000000000000000000000000000000000000000000000000000000) }, nonce: None, chain_id: None, access_list: None, transaction_type: None, blob_versioned_hashes: None, sidecar: None, authorization_list: None }, other: OtherFields {} }, Some(0x125), None, None)
    Error: Execution error: execution reverted

eth_blockNumber
eth_call

RPC request failed:
    Request: EthCall(WithOtherFields { inner: TransactionRequest { from: None, to: Some(Call(0xe8addd62fed354203d079926a8e563bc1a7fe81e)), gas_price: None, max_fee_per_gas: None, max_priority_fee_per_gas: None, max_fee_per_blob_gas: None, gas: None, value: None, input: TransactionInput { input: None, data: Some(0x01ffc9a7d9b67a2600000000000000000000000000000000000000000000000000000000) }, nonce: None, chain_id: None, access_list: None, transaction_type: None, blob_versioned_hashes: None, sidecar: None, authorization_list: None }, other: OtherFields {} }, Some(0x125), None, None)
    Error: Execution error: execution reverted

eth_call

RPC request failed:
    Request: EthCall(WithOtherFields { inner: TransactionRequest { from: None, to: Some(Call(0xe8addd62fed354203d079926a8e563bc1a7fe81e)), gas_price: None, max_fee_per_gas: None, max_priority_fee_per_gas: None, max_fee_per_blob_gas: None, gas: None, value: None, input: TransactionInput { input: None, data: Some(0x95d89b41) }, nonce: None, chain_id: None, access_list: None, transaction_type: None, blob_versioned_hashes: None, sidecar: None, authorization_list: None }, other: OtherFields {} }, Some(0x125), None, None)
    Error: Execution error: execution reverted

eth_call

RPC request failed:
    Request: EthCall(WithOtherFields { inner: TransactionRequest { from: None, to: Some(Call(0xe8addd62fed354203d079926a8e563bc1a7fe81e)), gas_price: None, max_fee_per_gas: None, max_priority_fee_per_gas: None, max_fee_per_blob_gas: None, gas: None, value: None, input: TransactionInput { input: None, data: Some(0x313ce567) }, nonce: None, chain_id: None, access_list: None, transaction_type: None, blob_versioned_hashes: None, sidecar: None, authorization_list: None }, other: OtherFields {} }, Some(0x125), None, None)
    Error: Execution error: execution reverted

eth_call

RPC request failed:
    Request: EthCall(WithOtherFields { inner: TransactionRequest { from: None, to: Some(Call(0xe8addd62fed354203d079926a8e563bc1a7fe81e)), gas_price: None, max_fee_per_gas: None, max_priority_fee_per_gas: None, max_fee_per_blob_gas: None, gas: None, value: None, input: TransactionInput { input: None, data: Some(0x70a08231000000000000000000000000f39fd6e51aad88f6f4ce6ab8827279cfffb92266) }, nonce: None, chain_id: None, access_list: None, transaction_type: None, blob_versioned_hashes: None, sidecar: None, authorization_list: None }, other: OtherFields {} }, Some(0x125), None, None)
    Error: Execution error: execution reverted

eth_getTransactionCount
eth_sendRawTransaction
eth_call

RPC request failed:
    Request: EthCall(WithOtherFields { inner: TransactionRequest { from: None, to: Some(Call(0xe8addd62fed354203d079926a8e563bc1a7fe81e)), gas_price: None, max_fee_per_gas: None, max_priority_fee_per_gas: None, max_fee_per_blob_gas: None, gas: None, value: None, input: TransactionInput { input: None, data: Some(0x01ffc9a780ac58cd00000000000000000000000000000000000000000000000000000000) }, nonce: None, chain_id: None, access_list: None, transaction_type: None, blob_versioned_hashes: None, sidecar: None, authorization_list: None }, other: OtherFields {} }, Some(0x125), None, None)
    Error: Execution error: execution reverted


    Transaction: 0xd3dfd04c61a6bea386b60c06bf45698a8efa2082045f2fc393dd90bc165d2649
    Gas used: 4459432

    Block Number: 294
    Block Hash: 0x8a24b34cfb28b8dfe1f929db1fd81449a8398a68fdf3b1bfae27d9ee6273e4ac
    Block Time: "Mon, 6 Apr 2026 12:37:02 +0000"

eth_call

RPC request failed:
eth_getTransactionReceipt
    Request: EthCall(WithOtherFields { inner: TransactionRequest { from: None, to: Some(Call(0xe8addd62fed354203d079926a8e563bc1a7fe81e)), gas_price: None, max_fee_per_gas: None, max_priority_fee_per_gas: None, max_fee_per_blob_gas: None, gas: None, value: None, input: TransactionInput { input: None, data: Some(0x01ffc9a7d9b67a2600000000000000000000000000000000000000000000000000000000) }, nonce: None, chain_id: None, access_list: None, transaction_type: None, blob_versioned_hashes: None, sidecar: None, authorization_list: None }, other: OtherFields {} }, Some(0x125), None, None)
    Error: Execution error: execution reverted

eth_call

RPC request failed:
    Request: EthCall(WithOtherFields { inner: TransactionRequest { from: None, to: Some(Call(0xe8addd62fed354203d079926a8e563bc1a7fe81e)), gas_price: None, max_fee_per_gas: None, max_priority_fee_per_gas: None, max_fee_per_blob_gas: None, gas: None, value: None, input: TransactionInput { input: None, data: Some(0x95d89b41) }, nonce: None, chain_id: None, access_list: None, transaction_type: None, blob_versioned_hashes: None, sidecar: None, authorization_list: None }, other: OtherFields {} }, Some(0x125), None, None)
    Error: Execution error: execution reverted

eth_call

RPC request failed:
    Request: EthCall(WithOtherFields { inner: TransactionRequest { from: None, to: Some(Call(0xe8addd62fed354203d079926a8e563bc1a7fe81e)), gas_price: None, max_fee_per_gas: None, max_priority_fee_per_gas: None, max_fee_per_blob_gas: None, gas: None, value: None, input: TransactionInput { input: None, data: Some(0x313ce567) }, nonce: None, chain_id: None, access_list: None, transaction_type: None, blob_versioned_hashes: None, sidecar: None, authorization_list: None }, other: OtherFields {} }, Some(0x125), None, None)
    Error: Execution error: execution reverted

eth_call

RPC request failed:
    Request: EthCall(WithOtherFields { inner: TransactionRequest { from: None, to: None, gas_price: None, max_fee_per_gas: None, max_priority_fee_per_gas: None, max_fee_per_blob_gas: None, gas: None, value: None, input: TransactionInput { input: None, data: Some(0x95d89b41) }, nonce: None, chain_id: None, access_list: None, transaction_type: None, blob_versioned_hashes: None, sidecar: None, authorization_list: None }, other: OtherFields {} }, Some(0x125), None, None)
    Error: Internal error: EVM error StackOverflow

eth_call

RPC request failed:
    Request: EthCall(WithOtherFields { inner: TransactionRequest { from: None, to: None, gas_price: None, max_fee_per_gas: None, max_priority_fee_per_gas: None, max_fee_per_blob_gas: None, gas: None, value: None, input: TransactionInput { input: None, data: Some(0x95d89b41) }, nonce: None, chain_id: None, access_list: None, transaction_type: None, blob_versioned_hashes: None, sidecar: None, authorization_list: None }, other: OtherFields {} }, Some(0x125), None, None)
    Error: Internal error: EVM error StackOverflow

eth_getLogs
eth_call
eth_call
eth_call
eth_getLogs
eth_getTransactionReceipt
eth_blockNumber
eth_getBlockByHash
eth_blockNumber
eth_call

RPC request failed:
    Request: EthCall(WithOtherFields { inner: TransactionRequest { from: None, to: Some(Call(0xe8addd62fed354203d079926a8e563bc1a7fe81e)), gas_price: None, max_fee_per_gas: None, max_priority_fee_per_gas: None, max_fee_per_blob_gas: None, gas: None, value: None, input: TransactionInput { input: None, data: Some(0x01ffc9a780ac58cd00000000000000000000000000000000000000000000000000000000) }, nonce: None, chain_id: None, access_list: None, transaction_type: None, blob_versioned_hashes: None, sidecar: None, authorization_list: None }, other: OtherFields {} }, Some(0x126), None, None)
    Error: Execution error: execution reverted

eth_getBalance
eth_call

RPC request failed:
    Request: EthCall(WithOtherFields { inner: TransactionRequest { from: None, to: Some(Call(0xe8addd62fed354203d079926a8e563bc1a7fe81e)), gas_price: None, max_fee_per_gas: None, max_priority_fee_per_gas: None, max_fee_per_blob_gas: None, gas: None, value: None, input: TransactionInput { input: None, data: Some(0x01ffc9a7d9b67a2600000000000000000000000000000000000000000000000000000000) }, nonce: None, chain_id: None, access_list: None, transaction_type: None, blob_versioned_hashes: None, sidecar: None, authorization_list: None }, other: OtherFields {} }, Some(0x126), None, None)
    Error: Execution error: execution reverted

eth_call

RPC request failed:
    Request: EthCall(WithOtherFields { inner: TransactionRequest { from: None, to: Some(Call(0xe8addd62fed354203d079926a8e563bc1a7fe81e)), gas_price: None, max_fee_per_gas: None, max_priority_fee_per_gas: None, max_fee_per_blob_gas: None, gas: None, value: None, input: TransactionInput { input: None, data: Some(0x95d89b41) }, nonce: None, chain_id: None, access_list: None, transaction_type: None, blob_versioned_hashes: None, sidecar: None, authorization_list: None }, other: OtherFields {} }, Some(0x126), None, None)
    Error: Execution error: execution reverted

eth_call

RPC request failed:
    Request: EthCall(WithOtherFields { inner: TransactionRequest { from: None, to: Some(Call(0xe8addd62fed354203d079926a8e563bc1a7fe81e)), gas_price: None, max_fee_per_gas: None, max_priority_fee_per_gas: None, max_fee_per_blob_gas: None, gas: None, value: None, input: TransactionInput { input: None, data: Some(0x313ce567) }, nonce: None, chain_id: None, access_list: None, transaction_type: None, blob_versioned_hashes: None, sidecar: None, authorization_list: None }, other: OtherFields {} }, Some(0x126), None, None)
    Error: Execution error: execution reverted

eth_blockNumber
eth_gasPrice
eth_blockNumber
eth_blockNumber
eth_call
eth_getBlockByNumber
eth_blockNumber
eth_getBalance
eth_getCode
eth_getCode
eth_estimateGas
eth_call

RPC request failed:
    Request: EthCall(WithOtherFields { inner: TransactionRequest { from: None, to: Some(Call(0x0084caef261f2644f79bd48024412cc208b4fbce)), gas_price: None, max_fee_per_gas: None, max_priority_fee_per_gas: None, max_fee_per_blob_gas: None, gas: None, value: None, input: TransactionInput { input: None, data: Some(0x01ffc9a780ac58cd00000000000000000000000000000000000000000000000000000000) }, nonce: None, chain_id: None, access_list: None, transaction_type: None, blob_versioned_hashes: None, sidecar: None, authorization_list: None }, other: OtherFields {} }, Some(0x126), None, None)
    Error: Execution error: execution reverted

eth_call

RPC request failed:
    Request: EthCall(WithOtherFields { inner: TransactionRequest { from: None, to: Some(Call(0x0084caef261f2644f79bd48024412cc208b4fbce)), gas_price: None, max_fee_per_gas: None, max_priority_fee_per_gas: None, max_fee_per_blob_gas: None, gas: None, value: None, input: TransactionInput { input: None, data: Some(0x01ffc9a7d9b67a2600000000000000000000000000000000000000000000000000000000) }, nonce: None, chain_id: None, access_list: None, transaction_type: None, blob_versioned_hashes: None, sidecar: None, authorization_list: None }, other: OtherFields {} }, Some(0x126), None, None)
    Error: Execution error: execution reverted

eth_call

RPC request failed:
    Request: EthCall(WithOtherFields { inner: TransactionRequest { from: None, to: Some(Call(0x0084caef261f2644f79bd48024412cc208b4fbce)), gas_price: None, max_fee_per_gas: None, max_priority_fee_per_gas: None, max_fee_per_blob_gas: None, gas: None, value: None, input: TransactionInput { input: None, data: Some(0x95d89b41) }, nonce: None, chain_id: None, access_list: None, transaction_type: None, blob_versioned_hashes: None, sidecar: None, authorization_list: None }, other: OtherFields {} }, Some(0x126), None, None)
    Error: Execution error: execution reverted

eth_call

RPC request failed:
    Request: EthCall(WithOtherFields { inner: TransactionRequest { from: None, to: Some(Call(0x0084caef261f2644f79bd48024412cc208b4fbce)), gas_price: None, max_fee_per_gas: None, max_priority_fee_per_gas: None, max_fee_per_blob_gas: None, gas: None, value: None, input: TransactionInput { input: None, data: Some(0x313ce567) }, nonce: None, chain_id: None, access_list: None, transaction_type: None, blob_versioned_hashes: None, sidecar: None, authorization_list: None }, other: OtherFields {} }, Some(0x126), None, None)
    Error: Execution error: execution reverted

eth_blockNumber
eth_call

RPC request failed:
    Request: EthCall(WithOtherFields { inner: TransactionRequest { from: None, to: Some(Call(0x0084caef261f2644f79bd48024412cc208b4fbce)), gas_price: None, max_fee_per_gas: None, max_priority_fee_per_gas: None, max_fee_per_blob_gas: None, gas: None, value: None, input: TransactionInput { input: None, data: Some(0x01ffc9a780ac58cd00000000000000000000000000000000000000000000000000000000) }, nonce: None, chain_id: None, access_list: None, transaction_type: None, blob_versioned_hashes: None, sidecar: None, authorization_list: None }, other: OtherFields {} }, Some(0x126), None, None)
    Error: Execution error: execution reverted

eth_call

RPC request failed:
    Request: EthCall(WithOtherFields { inner: TransactionRequest { from: None, to: Some(Call(0x0084caef261f2644f79bd48024412cc208b4fbce)), gas_price: None, max_fee_per_gas: None, max_priority_fee_per_gas: None, max_fee_per_blob_gas: None, gas: None, value: None, input: TransactionInput { input: None, data: Some(0x01ffc9a7d9b67a2600000000000000000000000000000000000000000000000000000000) }, nonce: None, chain_id: None, access_list: None, transaction_type: None, blob_versioned_hashes: None, sidecar: None, authorization_list: None }, other: OtherFields {} }, Some(0x126), None, None)
    Error: Execution error: execution reverted

eth_call

RPC request failed:
    Request: EthCall(WithOtherFields { inner: TransactionRequest { from: None, to: Some(Call(0x0084caef261f2644f79bd48024412cc208b4fbce)), gas_price: None, max_fee_per_gas: None, max_priority_fee_per_gas: None, max_fee_per_blob_gas: None, gas: None, value: None, input: TransactionInput { input: None, data: Some(0x95d89b41) }, nonce: None, chain_id: None, access_list: None, transaction_type: None, blob_versioned_hashes: None, sidecar: None, authorization_list: None }, other: OtherFields {} }, Some(0x126), None, None)
    Error: Execution error: execution reverted

eth_call

RPC request failed:
    Request: EthCall(WithOtherFields { inner: TransactionRequest { from: None, to: Some(Call(0x0084caef261f2644f79bd48024412cc208b4fbce)), gas_price: None, max_fee_per_gas: None, max_priority_fee_per_gas: None, max_fee_per_blob_gas: None, gas: None, value: None, input: TransactionInput { input: None, data: Some(0x313ce567) }, nonce: None, chain_id: None, access_list: None, transaction_type: None, blob_versioned_hashes: None, sidecar: None, authorization_list: None }, other: OtherFields {} }, Some(0x126), None, None)
    Error: Execution error: execution reverted

eth_call

RPC request failed:
    Request: EthCall(WithOtherFields { inner: TransactionRequest { from: None, to: Some(Call(0x0084caef261f2644f79bd48024412cc208b4fbce)), gas_price: None, max_fee_per_gas: None, max_priority_fee_per_gas: None, max_fee_per_blob_gas: None, gas: None, value: None, input: TransactionInput { input: None, data: Some(0x70a0823100000000000000000000000070997970c51812dc3a010c7d01b50e0d17dc79c8) }, nonce: None, chain_id: None, access_list: None, transaction_type: None, blob_versioned_hashes: None, sidecar: None, authorization_list: None }, other: OtherFields {} }, Some(0x126), None, None)
    Error: Execution error: execution reverted

eth_call

RPC request failed:
    Request: EthCall(WithOtherFields { inner: TransactionRequest { from: None, to: Some(Call(0x0084caef261f2644f79bd48024412cc208b4fbce)), gas_price: None, max_fee_per_gas: None, max_priority_fee_per_gas: None, max_fee_per_blob_gas: None, gas: None, value: None, input: TransactionInput { input: None, data: Some(0x01ffc9a780ac58cd00000000000000000000000000000000000000000000000000000000) }, nonce: None, chain_id: None, access_list: None, transaction_type: None, blob_versioned_hashes: None, sidecar: None, authorization_list: None }, other: OtherFields {} }, Some(0x126), None, None)
    Error: Execution error: execution reverted

eth_blockNumber
eth_call

RPC request failed:
    Request: EthCall(WithOtherFields { inner: TransactionRequest { from: None, to: Some(Call(0x0084caef261f2644f79bd48024412cc208b4fbce)), gas_price: None, max_fee_per_gas: None, max_priority_fee_per_gas: None, max_fee_per_blob_gas: None, gas: None, value: None, input: TransactionInput { input: None, data: Some(0x01ffc9a7d9b67a2600000000000000000000000000000000000000000000000000000000) }, nonce: None, chain_id: None, access_list: None, transaction_type: None, blob_versioned_hashes: None, sidecar: None, authorization_list: None }, other: OtherFields {} }, Some(0x126), None, None)
    Error: Execution error: execution reverted

eth_call

RPC request failed:
    Request: EthCall(WithOtherFields { inner: TransactionRequest { from: None, to: Some(Call(0x0084caef261f2644f79bd48024412cc208b4fbce)), gas_price: None, max_fee_per_gas: None, max_priority_fee_per_gas: None, max_fee_per_blob_gas: None, gas: None, value: None, input: TransactionInput { input: None, data: Some(0x95d89b41) }, nonce: None, chain_id: None, access_list: None, transaction_type: None, blob_versioned_hashes: None, sidecar: None, authorization_list: None }, other: OtherFields {} }, Some(0x126), None, None)
    Error: Execution error: execution reverted

eth_call

RPC request failed:
    Request: EthCall(WithOtherFields { inner: TransactionRequest { from: None, to: Some(Call(0x0084caef261f2644f79bd48024412cc208b4fbce)), gas_price: None, max_fee_per_gas: None, max_priority_fee_per_gas: None, max_fee_per_blob_gas: None, gas: None, value: None, input: TransactionInput { input: None, data: Some(0x313ce567) }, nonce: None, chain_id: None, access_list: None, transaction_type: None, blob_versioned_hashes: None, sidecar: None, authorization_list: None }, other: OtherFields {} }, Some(0x126), None, None)
    Error: Execution error: execution reverted

eth_call

RPC request failed:
    Request: EthCall(WithOtherFields { inner: TransactionRequest { from: None, to: Some(Call(0x0084caef261f2644f79bd48024412cc208b4fbce)), gas_price: None, max_fee_per_gas: None, max_priority_fee_per_gas: None, max_fee_per_blob_gas: None, gas: None, value: None, input: TransactionInput { input: None, data: Some(0x70a0823100000000000000000000000070997970c51812dc3a010c7d01b50e0d17dc79c8) }, nonce: None, chain_id: None, access_list: None, transaction_type: None, blob_versioned_hashes: None, sidecar: None, authorization_list: None }, other: OtherFields {} }, Some(0x126), None, None)
    Error: Execution error: execution reverted

eth_getTransactionCount
eth_sendRawTransaction

    Transaction: 0x88a7728e572a3d49d2bf8e1503b0a6fd0eded404eb48f5239222ed990e7c9b42
    Gas used: 52359

    Block Number: 295
    Block Hash: 0x486182e6f5bea5d3b9ee07a69feb43c3e43f9fa77b15c134eecb7365af5f52af
    Block Time: "Mon, 6 Apr 2026 12:37:16 +0000"

eth_call

RPC request failed:
    Request: EthCall(WithOtherFields { inner: TransactionRequest { from: None, to: Some(Call(0x0084caef261f2644f79bd48024412cc208b4fbce)), gas_price: None, max_fee_per_gas: None, max_priority_fee_per_gas: None, max_fee_per_blob_gas: None, gas: None, value: None, input: TransactionInput { input: None, data: Some(0x01ffc9a780ac58cd00000000000000000000000000000000000000000000000000000000) }, nonce: None, chain_id: None, access_list: None, transaction_type: None, blob_versioned_hashes: None, sidecar: None, authorization_list: None }, other: OtherFields {} }, Some(0x126), None, None)
    Error: Execution error: execution reverted

eth_getTransactionReceipt
eth_call

RPC request failed:
    Request: EthCall(WithOtherFields { inner: TransactionRequest { from: None, to: Some(Call(0x0084caef261f2644f79bd48024412cc208b4fbce)), gas_price: None, max_fee_per_gas: None, max_priority_fee_per_gas: None, max_fee_per_blob_gas: None, gas: None, value: None, input: TransactionInput { input: None, data: Some(0x01ffc9a7d9b67a2600000000000000000000000000000000000000000000000000000000) }, nonce: None, chain_id: None, access_list: None, transaction_type: None, blob_versioned_hashes: None, sidecar: None, authorization_list: None }, other: OtherFields {} }, Some(0x126), None, None)
    Error: Execution error: execution reverted

eth_call
eth_call
eth_call

RPC request failed:
    Request: EthCall(WithOtherFields { inner: TransactionRequest { from: None, to: Some(Call(0x0084caef261f2644f79bd48024412cc208b4fbce)), gas_price: None, max_fee_per_gas: None, max_priority_fee_per_gas: None, max_fee_per_blob_gas: None, gas: None, value: None, input: TransactionInput { input: None, data: Some(0x95d89b41) }, nonce: None, chain_id: None, access_list: None, transaction_type: None, blob_versioned_hashes: None, sidecar: None, authorization_list: None }, other: OtherFields {} }, Some(0x126), None, None)
    Error: Execution error: execution reverted

eth_call

RPC request failed:
    Request: EthCall(WithOtherFields { inner: TransactionRequest { from: None, to: Some(Call(0x0084caef261f2644f79bd48024412cc208b4fbce)), gas_price: None, max_fee_per_gas: None, max_priority_fee_per_gas: None, max_fee_per_blob_gas: None, gas: None, value: None, input: TransactionInput { input: None, data: Some(0x313ce567) }, nonce: None, chain_id: None, access_list: None, transaction_type: None, blob_versioned_hashes: None, sidecar: None, authorization_list: None }, other: OtherFields {} }, Some(0x126), None, None)
    Error: Execution error: execution reverted

eth_call

RPC request failed:
    Request: EthCall(WithOtherFields { inner: TransactionRequest { from: None, to: None, gas_price: None, max_fee_per_gas: None, max_priority_fee_per_gas: None, max_fee_per_blob_gas: None, gas: None, value: None, input: TransactionInput { input: None, data: Some(0x95d89b41) }, nonce: None, chain_id: None, access_list: None, transaction_type: None, blob_versioned_hashes: None, sidecar: None, authorization_list: None }, other: OtherFields {} }, Some(0x126), None, None)
    Error: Internal error: EVM error StackOverflow

eth_call

RPC request failed:
    Request: EthCall(WithOtherFields { inner: TransactionRequest { from: None, to: None, gas_price: None, max_fee_per_gas: None, max_priority_fee_per_gas: None, max_fee_per_blob_gas: None, gas: None, value: None, input: TransactionInput { input: None, data: Some(0x95d89b41) }, nonce: None, chain_id: None, access_list: None, transaction_type: None, blob_versioned_hashes: None, sidecar: None, authorization_list: None }, other: OtherFields {} }, Some(0x126), None, None)
    Error: Internal error: EVM error StackOverflow

eth_getTransactionReceipt
eth_blockNumber
eth_getBlockByHash
eth_blockNumber
eth_call

RPC request failed:
    Request: EthCall(WithOtherFields { inner: TransactionRequest { from: None, to: Some(Call(0x0084caef261f2644f79bd48024412cc208b4fbce)), gas_price: None, max_fee_per_gas: None, max_priority_fee_per_gas: None, max_fee_per_blob_gas: None, gas: None, value: None, input: TransactionInput { input: None, data: Some(0x01ffc9a780ac58cd00000000000000000000000000000000000000000000000000000000) }, nonce: None, chain_id: None, access_list: None, transaction_type: None, blob_versioned_hashes: None, sidecar: None, authorization_list: None }, other: OtherFields {} }, Some(0x127), None, None)
    Error: Execution error: execution reverted

eth_getBalance
eth_call

RPC request failed:
    Request: EthCall(WithOtherFields { inner: TransactionRequest { from: None, to: Some(Call(0x0084caef261f2644f79bd48024412cc208b4fbce)), gas_price: None, max_fee_per_gas: None, max_priority_fee_per_gas: None, max_fee_per_blob_gas: None, gas: None, value: None, input: TransactionInput { input: None, data: Some(0x01ffc9a7d9b67a2600000000000000000000000000000000000000000000000000000000) }, nonce: None, chain_id: None, access_list: None, transaction_type: None, blob_versioned_hashes: None, sidecar: None, authorization_list: None }, other: OtherFields {} }, Some(0x127), None, None)
    Error: Execution error: execution reverted

eth_blockNumber
eth_call

RPC request failed:
    Request: EthCall(WithOtherFields { inner: TransactionRequest { from: None, to: Some(Call(0x0084caef261f2644f79bd48024412cc208b4fbce)), gas_price: None, max_fee_per_gas: None, max_priority_fee_per_gas: None, max_fee_per_blob_gas: None, gas: None, value: None, input: TransactionInput { input: None, data: Some(0x95d89b41) }, nonce: None, chain_id: None, access_list: None, transaction_type: None, blob_versioned_hashes: None, sidecar: None, authorization_list: None }, other: OtherFields {} }, Some(0x127), None, None)
    Error: Execution error: execution reverted

eth_call

RPC request failed:
    Request: EthCall(WithOtherFields { inner: TransactionRequest { from: None, to: Some(Call(0x0084caef261f2644f79bd48024412cc208b4fbce)), gas_price: None, max_fee_per_gas: None, max_priority_fee_per_gas: None, max_fee_per_blob_gas: None, gas: None, value: None, input: TransactionInput { input: None, data: Some(0x313ce567) }, nonce: None, chain_id: None, access_list: None, transaction_type: None, blob_versioned_hashes: None, sidecar: None, authorization_list: None }, other: OtherFields {} }, Some(0x127), None, None)
    Error: Execution error: execution reverted

eth_gasPrice
eth_blockNumber
eth_call
eth_getTransactionReceipt
eth_call
eth_call
eth_blockNumber
eth_blockNumber
eth_blockNumber
eth_blockNumber
eth_blockNumber
eth_blockNumber
eth_blockNumber
eth_blockNumber
eth_blockNumber
eth_blockNumber
eth_blockNumber
eth_blockNumber
eth_blockNumber
eth_blockNumber
eth_blockNumber
eth_blockNumber
eth_blockNumber
eth_blockNumber
eth_blockNumber
eth_blockNumber
eth_blockNumber
eth_blockNumber
eth_blockNumber
eth_blockNumber
eth_blockNumber
eth_blockNumber
eth_blockNumber
eth_blockNumber
eth_blockNumber
eth_blockNumber
eth_blockNumber
eth_blockNumber
eth_blockNumber
eth_blockNumber
eth_blockNumber
eth_blockNumber
eth_blockNumber
eth_blockNumber
eth_blockNumber
eth_blockNumber
eth_blockNumber
eth_blockNumber
eth_blockNumber
eth_blockNumber
eth_blockNumber
eth_blockNumber
eth_blockNumber
eth_blockNumber
eth_blockNumber
eth_blockNumber
eth_blockNumber
eth_blockNumber
eth_blockNumber
eth_blockNumber
eth_blockNumber
eth_blockNumber
eth_blockNumber
eth_blockNumber
eth_blockNumber
eth_blockNumber
eth_blockNumber
eth_blockNumber
eth_blockNumber
eth_blockNumber
eth_blockNumber
eth_blockNumber
eth_blockNumber
eth_blockNumber
eth_blockNumber
eth_blockNumber
eth_blockNumber
eth_blockNumber
eth_blockNumber
eth_blockNumber
eth_blockNumber
eth_blockNumber
eth_blockNumber
eth_blockNumber
eth_blockNumber
eth_blockNumber
eth_blockNumber
eth_blockNumber
eth_blockNumber
eth_blockNumber
eth_blockNumber
eth_blockNumber
eth_blockNumber
eth_blockNumber
eth_blockNumber
eth_blockNumber
eth_blockNumber
eth_blockNumber
eth_blockNumber
eth_blockNumber
eth_blockNumber
eth_blockNumber
eth_blockNumber
eth_blockNumber
eth_blockNumber
eth_blockNumber
eth_blockNumber
eth_blockNumber
eth_blockNumber
eth_blockNumber
eth_blockNumber
eth_blockNumber
eth_blockNumber
eth_blockNumber
eth_blockNumber
eth_blockNumber
eth_blockNumber
eth_blockNumber
eth_blockNumber
eth_blockNumber
eth_blockNumber
eth_blockNumber
eth_blockNumber
eth_blockNumber
eth_blockNumber
eth_blockNumber
eth_blockNumber
eth_blockNumber
eth_blockNumber
eth_blockNumber
eth_blockNumber
eth_blockNumber
eth_blockNumber
eth_blockNumber
eth_blockNumber
eth_blockNumber
eth_blockNumber
eth_blockNumber
eth_blockNumber
eth_blockNumber
eth_blockNumber
eth_blockNumber
eth_blockNumber
eth_blockNumber
eth_blockNumber
eth_blockNumber
eth_blockNumber
eth_blockNumber
eth_blockNumber
eth_blockNumber
eth_blockNumber
eth_blockNumber
eth_getLogs
eth_call
eth_call
eth_call
eth_call
eth_blockNumber
eth_blockNumber
eth_blockNumber
eth_blockNumber
eth_blockNumber
eth_blockNumber
eth_blockNumber
eth_blockNumber
eth_call
eth_call
eth_call
eth_call
eth_blockNumber
eth_blockNumber
eth_blockNumber
eth_blockNumber
eth_blockNumber
eth_blockNumber
eth_getLogs
eth_call
eth_call
eth_call
eth_call
eth_blockNumber
eth_blockNumber
eth_blockNumber
eth_blockNumber
eth_blockNumber
eth_blockNumber
eth_blockNumber
eth_blockNumber
eth_blockNumber
eth_blockNumber
eth_blockNumber
eth_blockNumber
eth_blockNumber
eth_blockNumber
eth_blockNumber
eth_blockNumber
eth_blockNumber
eth_blockNumber
eth_blockNumber
eth_blockNumber
eth_blockNumber
eth_blockNumber
eth_blockNumber
eth_blockNumber
eth_blockNumber
eth_blockNumber
eth_blockNumber
eth_blockNumber
eth_blockNumber
eth_blockNumber
eth_blockNumber
eth_blockNumber
eth_blockNumber
eth_blockNumber
eth_blockNumber
eth_blockNumber
eth_blockNumber
eth_blockNumber
eth_blockNumber
eth_blockNumber
eth_blockNumber
eth_blockNumber
eth_blockNumber
eth_blockNumber
eth_blockNumber
eth_blockNumber
eth_blockNumber
eth_blockNumber
eth_blockNumber
eth_blockNumber
eth_blockNumber
eth_blockNumber
eth_blockNumber
eth_blockNumber
eth_blockNumber
eth_blockNumber
eth_blockNumber
eth_blockNumber
eth_blockNumber
eth_blockNumber
eth_blockNumber
eth_blockNumber
eth_blockNumber
eth_blockNumber
eth_blockNumber
eth_blockNumber
eth_blockNumber
eth_blockNumber
eth_blockNumber
eth_blockNumber
eth_blockNumber
eth_blockNumber
eth_blockNumber
eth_blockNumber
eth_blockNumber
eth_blockNumber
eth_blockNumber
eth_blockNumber
eth_blockNumber
eth_blockNumber
eth_blockNumber
eth_blockNumber
eth_blockNumber
eth_blockNumber
eth_blockNumber
eth_blockNumber
eth_blockNumber
eth_blockNumber
eth_blockNumber
eth_blockNumber
eth_blockNumber
eth_blockNumber
eth_blockNumber
eth_blockNumber
eth_blockNumber
eth_blockNumber
eth_blockNumber
eth_blockNumber
eth_blockNumber
eth_blockNumber
eth_blockNumber
eth_blockNumber
eth_blockNumber
eth_blockNumber
eth_blockNumber
eth_blockNumber
eth_blockNumber
eth_blockNumber
eth_blockNumber
eth_blockNumber
eth_blockNumber
eth_blockNumber
eth_blockNumber
eth_blockNumber
eth_blockNumber
eth_blockNumber
eth_blockNumber
eth_blockNumber
eth_call
eth_getLogs
eth_call
eth_call
eth_call
eth_blockNumber
eth_blockNumber
eth_call
eth_call
eth_getBlockByNumber
eth_blockNumber
eth_getBalance
eth_blockNumber
eth_getCode
eth_getCode
eth_estimateGas
eth_blockNumber
eth_call

RPC request failed:
    Request: EthCall(WithOtherFields { inner: TransactionRequest { from: None, to: Some(Call(0xe8addd62fed354203d079926a8e563bc1a7fe81e)), gas_price: None, max_fee_per_gas: None, max_priority_fee_per_gas: None, max_fee_per_blob_gas: None, gas: None, value: None, input: TransactionInput { input: None, data: Some(0x01ffc9a780ac58cd00000000000000000000000000000000000000000000000000000000) }, nonce: None, chain_id: None, access_list: None, transaction_type: None, blob_versioned_hashes: None, sidecar: None, authorization_list: None }, other: OtherFields {} }, Some(0x127), None, None)
    Error: Execution error: execution reverted

eth_call

RPC request failed:
    Request: EthCall(WithOtherFields { inner: TransactionRequest { from: None, to: Some(Call(0xe8addd62fed354203d079926a8e563bc1a7fe81e)), gas_price: None, max_fee_per_gas: None, max_priority_fee_per_gas: None, max_fee_per_blob_gas: None, gas: None, value: None, input: TransactionInput { input: None, data: Some(0x01ffc9a7d9b67a2600000000000000000000000000000000000000000000000000000000) }, nonce: None, chain_id: None, access_list: None, transaction_type: None, blob_versioned_hashes: None, sidecar: None, authorization_list: None }, other: OtherFields {} }, Some(0x127), None, None)
    Error: Execution error: execution reverted

eth_call

RPC request failed:
    Request: EthCall(WithOtherFields { inner: TransactionRequest { from: None, to: Some(Call(0xe8addd62fed354203d079926a8e563bc1a7fe81e)), gas_price: None, max_fee_per_gas: None, max_priority_fee_per_gas: None, max_fee_per_blob_gas: None, gas: None, value: None, input: TransactionInput { input: None, data: Some(0x95d89b41) }, nonce: None, chain_id: None, access_list: None, transaction_type: None, blob_versioned_hashes: None, sidecar: None, authorization_list: None }, other: OtherFields {} }, Some(0x127), None, None)
    Error: Execution error: execution reverted

eth_call

RPC request failed:
    Request: EthCall(WithOtherFields { inner: TransactionRequest { from: None, to: Some(Call(0xe8addd62fed354203d079926a8e563bc1a7fe81e)), gas_price: None, max_fee_per_gas: None, max_priority_fee_per_gas: None, max_fee_per_blob_gas: None, gas: None, value: None, input: TransactionInput { input: None, data: Some(0x313ce567) }, nonce: None, chain_id: None, access_list: None, transaction_type: None, blob_versioned_hashes: None, sidecar: None, authorization_list: None }, other: OtherFields {} }, Some(0x127), None, None)
    Error: Execution error: execution reverted

eth_call

RPC request failed:
    Request: EthCall(WithOtherFields { inner: TransactionRequest { from: None, to: Some(Call(0xe8addd62fed354203d079926a8e563bc1a7fe81e)), gas_price: None, max_fee_per_gas: None, max_priority_fee_per_gas: None, max_fee_per_blob_gas: None, gas: None, value: None, input: TransactionInput { input: None, data: Some(0x01ffc9a780ac58cd00000000000000000000000000000000000000000000000000000000) }, nonce: None, chain_id: None, access_list: None, transaction_type: None, blob_versioned_hashes: None, sidecar: None, authorization_list: None }, other: OtherFields {} }, Some(0x127), None, None)
    Error: Execution error: execution reverted

eth_call

RPC request failed:
    Request: EthCall(WithOtherFields { inner: TransactionRequest { from: None, to: Some(Call(0xe8addd62fed354203d079926a8e563bc1a7fe81e)), gas_price: None, max_fee_per_gas: None, max_priority_fee_per_gas: None, max_fee_per_blob_gas: None, gas: None, value: None, input: TransactionInput { input: None, data: Some(0x01ffc9a7d9b67a2600000000000000000000000000000000000000000000000000000000) }, nonce: None, chain_id: None, access_list: None, transaction_type: None, blob_versioned_hashes: None, sidecar: None, authorization_list: None }, other: OtherFields {} }, Some(0x127), None, None)
    Error: Execution error: execution reverted

eth_call

RPC request failed:
    Request: EthCall(WithOtherFields { inner: TransactionRequest { from: None, to: Some(Call(0xe8addd62fed354203d079926a8e563bc1a7fe81e)), gas_price: None, max_fee_per_gas: None, max_priority_fee_per_gas: None, max_fee_per_blob_gas: None, gas: None, value: None, input: TransactionInput { input: None, data: Some(0x95d89b41) }, nonce: None, chain_id: None, access_list: None, transaction_type: None, blob_versioned_hashes: None, sidecar: None, authorization_list: None }, other: OtherFields {} }, Some(0x127), None, None)
    Error: Execution error: execution reverted

eth_call

RPC request failed:
    Request: EthCall(WithOtherFields { inner: TransactionRequest { from: None, to: Some(Call(0xe8addd62fed354203d079926a8e563bc1a7fe81e)), gas_price: None, max_fee_per_gas: None, max_priority_fee_per_gas: None, max_fee_per_blob_gas: None, gas: None, value: None, input: TransactionInput { input: None, data: Some(0x313ce567) }, nonce: None, chain_id: None, access_list: None, transaction_type: None, blob_versioned_hashes: None, sidecar: None, authorization_list: None }, other: OtherFields {} }, Some(0x127), None, None)
    Error: Execution error: execution reverted

eth_call

RPC request failed:
    Request: EthCall(WithOtherFields { inner: TransactionRequest { from: None, to: Some(Call(0xe8addd62fed354203d079926a8e563bc1a7fe81e)), gas_price: None, max_fee_per_gas: None, max_priority_fee_per_gas: None, max_fee_per_blob_gas: None, gas: None, value: None, input: TransactionInput { input: None, data: Some(0x70a08231000000000000000000000000f39fd6e51aad88f6f4ce6ab8827279cfffb92266) }, nonce: None, chain_id: None, access_list: None, transaction_type: None, blob_versioned_hashes: None, sidecar: None, authorization_list: None }, other: OtherFields {} }, Some(0x127), None, None)
    Error: Execution error: execution reverted

eth_call

RPC request failed:
    Request: EthCall(WithOtherFields { inner: TransactionRequest { from: None, to: Some(Call(0xe8addd62fed354203d079926a8e563bc1a7fe81e)), gas_price: None, max_fee_per_gas: None, max_priority_fee_per_gas: None, max_fee_per_blob_gas: None, gas: None, value: None, input: TransactionInput { input: None, data: Some(0x01ffc9a780ac58cd00000000000000000000000000000000000000000000000000000000) }, nonce: None, chain_id: None, access_list: None, transaction_type: None, blob_versioned_hashes: None, sidecar: None, authorization_list: None }, other: OtherFields {} }, Some(0x127), None, None)
    Error: Execution error: execution reverted

eth_blockNumber
eth_call

RPC request failed:
    Request: EthCall(WithOtherFields { inner: TransactionRequest { from: None, to: Some(Call(0xe8addd62fed354203d079926a8e563bc1a7fe81e)), gas_price: None, max_fee_per_gas: None, max_priority_fee_per_gas: None, max_fee_per_blob_gas: None, gas: None, value: None, input: TransactionInput { input: None, data: Some(0x01ffc9a7d9b67a2600000000000000000000000000000000000000000000000000000000) }, nonce: None, chain_id: None, access_list: None, transaction_type: None, blob_versioned_hashes: None, sidecar: None, authorization_list: None }, other: OtherFields {} }, Some(0x127), None, None)
    Error: Execution error: execution reverted

eth_call

RPC request failed:
    Request: EthCall(WithOtherFields { inner: TransactionRequest { from: None, to: Some(Call(0xe8addd62fed354203d079926a8e563bc1a7fe81e)), gas_price: None, max_fee_per_gas: None, max_priority_fee_per_gas: None, max_fee_per_blob_gas: None, gas: None, value: None, input: TransactionInput { input: None, data: Some(0x95d89b41) }, nonce: None, chain_id: None, access_list: None, transaction_type: None, blob_versioned_hashes: None, sidecar: None, authorization_list: None }, other: OtherFields {} }, Some(0x127), None, None)
    Error: Execution error: execution reverted

eth_call

RPC request failed:
    Request: EthCall(WithOtherFields { inner: TransactionRequest { from: None, to: Some(Call(0xe8addd62fed354203d079926a8e563bc1a7fe81e)), gas_price: None, max_fee_per_gas: None, max_priority_fee_per_gas: None, max_fee_per_blob_gas: None, gas: None, value: None, input: TransactionInput { input: None, data: Some(0x313ce567) }, nonce: None, chain_id: None, access_list: None, transaction_type: None, blob_versioned_hashes: None, sidecar: None, authorization_list: None }, other: OtherFields {} }, Some(0x127), None, None)
    Error: Execution error: execution reverted

eth_call

RPC request failed:
    Request: EthCall(WithOtherFields { inner: TransactionRequest { from: None, to: Some(Call(0xe8addd62fed354203d079926a8e563bc1a7fe81e)), gas_price: None, max_fee_per_gas: None, max_priority_fee_per_gas: None, max_fee_per_blob_gas: None, gas: None, value: None, input: TransactionInput { input: None, data: Some(0x70a08231000000000000000000000000f39fd6e51aad88f6f4ce6ab8827279cfffb92266) }, nonce: None, chain_id: None, access_list: None, transaction_type: None, blob_versioned_hashes: None, sidecar: None, authorization_list: None }, other: OtherFields {} }, Some(0x127), None, None)
    Error: Execution error: execution reverted

eth_getTransactionCount
eth_sendRawTransaction
eth_call

RPC request failed:
    Request: EthCall(WithOtherFields { inner: TransactionRequest { from: None, to: Some(Call(0xe8addd62fed354203d079926a8e563bc1a7fe81e)), gas_price: None, max_fee_per_gas: None, max_priority_fee_per_gas: None, max_fee_per_blob_gas: None, gas: None, value: None, input: TransactionInput { input: None, data: Some(0x01ffc9a780ac58cd00000000000000000000000000000000000000000000000000000000) }, nonce: None, chain_id: None, access_list: None, transaction_type: None, blob_versioned_hashes: None, sidecar: None, authorization_list: None }, other: OtherFields {} }, Some(0x127), None, None)
    Error: Execution error: execution reverted


    Transaction: 0xbf37fd6a5f777eb51790a8c155fe0a61c488ddb0e02a81354a38beebe19deebc
    Gas used: 4460889

    Block Number: 296
    Block Hash: 0x187dfd5d5c4db9471abc0807117236e059374fae374102525e9cc5b20ad658d4
    Block Time: "Tue, 7 Apr 2026 12:48:45 +0000"

eth_call

RPC request failed:
    Request: EthCall(WithOtherFields { inner: TransactionRequest { from: None, to: Some(Call(0xe8addd62fed354203d079926a8e563bc1a7fe81e)), gas_price: None, max_fee_per_gas: None, max_priority_fee_per_gas: None, max_fee_per_blob_gas: None, gas: None, value: None, input: TransactionInput { input: None, data: Some(0x01ffc9a7d9b67a2600000000000000000000000000000000000000000000000000000000) }, nonce: None, chain_id: None, access_list: None, transaction_type: None, blob_versioned_hashes: None, sidecar: None, authorization_list: None }, other: OtherFields {} }, Some(0x127), None, None)
    Error: Execution error: execution reverted

eth_getTransactionReceipt
eth_call
eth_call

RPC request failed:
    Request: EthCall(WithOtherFields { inner: TransactionRequest { from: None, to: Some(Call(0xe8addd62fed354203d079926a8e563bc1a7fe81e)), gas_price: None, max_fee_per_gas: None, max_priority_fee_per_gas: None, max_fee_per_blob_gas: None, gas: None, value: None, input: TransactionInput { input: None, data: Some(0x95d89b41) }, nonce: None, chain_id: None, access_list: None, transaction_type: None, blob_versioned_hashes: None, sidecar: None, authorization_list: None }, other: OtherFields {} }, Some(0x127), None, None)
    Error: Execution error: execution reverted


RPC request failed:
    Request: EthCall(WithOtherFields { inner: TransactionRequest { from: None, to: Some(Call(0xe8addd62fed354203d079926a8e563bc1a7fe81e)), gas_price: None, max_fee_per_gas: None, max_priority_fee_per_gas: None, max_fee_per_blob_gas: None, gas: None, value: None, input: TransactionInput { input: None, data: Some(0x313ce567) }, nonce: None, chain_id: None, access_list: None, transaction_type: None, blob_versioned_hashes: None, sidecar: None, authorization_list: None }, other: OtherFields {} }, Some(0x127), None, None)
    Error: Execution error: execution reverted

eth_call

RPC request failed:
    Request: EthCall(WithOtherFields { inner: TransactionRequest { from: None, to: None, gas_price: None, max_fee_per_gas: None, max_priority_fee_per_gas: None, max_fee_per_blob_gas: None, gas: None, value: None, input: TransactionInput { input: None, data: Some(0x95d89b41) }, nonce: None, chain_id: None, access_list: None, transaction_type: None, blob_versioned_hashes: None, sidecar: None, authorization_list: None }, other: OtherFields {} }, Some(0x127), None, None)
    Error: Internal error: EVM error StackOverflow

eth_call

RPC request failed:
    Request: EthCall(WithOtherFields { inner: TransactionRequest { from: None, to: None, gas_price: None, max_fee_per_gas: None, max_priority_fee_per_gas: None, max_fee_per_blob_gas: None, gas: None, value: None, input: TransactionInput { input: None, data: Some(0x95d89b41) }, nonce: None, chain_id: None, access_list: None, transaction_type: None, blob_versioned_hashes: None, sidecar: None, authorization_list: None }, other: OtherFields {} }, Some(0x127), None, None)
    Error: Internal error: EVM error StackOverflow

eth_getLogs
eth_call
eth_getLogs
eth_call
eth_call
eth_call
eth_call
eth_call
eth_call
eth_getTransactionReceipt
eth_blockNumber
eth_getBlockByHash
eth_blockNumber
eth_call

RPC request failed:
    Request: EthCall(WithOtherFields { inner: TransactionRequest { from: None, to: Some(Call(0xe8addd62fed354203d079926a8e563bc1a7fe81e)), gas_price: None, max_fee_per_gas: None, max_priority_fee_per_gas: None, max_fee_per_blob_gas: None, gas: None, value: None, input: TransactionInput { input: None, data: Some(0x01ffc9a780ac58cd00000000000000000000000000000000000000000000000000000000) }, nonce: None, chain_id: None, access_list: None, transaction_type: None, blob_versioned_hashes: None, sidecar: None, authorization_list: None }, other: OtherFields {} }, Some(0x128), None, None)
    Error: Execution error: execution reverted

eth_getBalance
eth_call

RPC request failed:
    Request: EthCall(WithOtherFields { inner: TransactionRequest { from: None, to: Some(Call(0xe8addd62fed354203d079926a8e563bc1a7fe81e)), gas_price: None, max_fee_per_gas: None, max_priority_fee_per_gas: None, max_fee_per_blob_gas: None, gas: None, value: None, input: TransactionInput { input: None, data: Some(0x01ffc9a7d9b67a2600000000000000000000000000000000000000000000000000000000) }, nonce: None, chain_id: None, access_list: None, transaction_type: None, blob_versioned_hashes: None, sidecar: None, authorization_list: None }, other: OtherFields {} }, Some(0x128), None, None)
    Error: Execution error: execution reverted

eth_call

RPC request failed:
    Request: EthCall(WithOtherFields { inner: TransactionRequest { from: None, to: Some(Call(0xe8addd62fed354203d079926a8e563bc1a7fe81e)), gas_price: None, max_fee_per_gas: None, max_priority_fee_per_gas: None, max_fee_per_blob_gas: None, gas: None, value: None, input: TransactionInput { input: None, data: Some(0x95d89b41) }, nonce: None, chain_id: None, access_list: None, transaction_type: None, blob_versioned_hashes: None, sidecar: None, authorization_list: None }, other: OtherFields {} }, Some(0x128), None, None)
    Error: Execution error: execution reverted

eth_call

RPC request failed:
    Request: EthCall(WithOtherFields { inner: TransactionRequest { from: None, to: Some(Call(0xe8addd62fed354203d079926a8e563bc1a7fe81e)), gas_price: None, max_fee_per_gas: None, max_priority_fee_per_gas: None, max_fee_per_blob_gas: None, gas: None, value: None, input: TransactionInput { input: None, data: Some(0x313ce567) }, nonce: None, chain_id: None, access_list: None, transaction_type: None, blob_versioned_hashes: None, sidecar: None, authorization_list: None }, other: OtherFields {} }, Some(0x128), None, None)
    Error: Execution error: execution reverted

eth_gasPrice
eth_blockNumber
eth_blockNumber
eth_blockNumber
eth_call
eth_call
eth_call
eth_call
eth_getBlockByNumber
eth_blockNumber
eth_getBalance
eth_blockNumber
eth_getCode
eth_getCode
eth_estimateGas
eth_blockNumber
eth_call

RPC request failed:
    Request: EthCall(WithOtherFields { inner: TransactionRequest { from: None, to: Some(Call(0x6abdb0e66f1c851ee1c4a64b3c3514613edf93dd)), gas_price: None, max_fee_per_gas: None, max_priority_fee_per_gas: None, max_fee_per_blob_gas: None, gas: None, value: None, input: TransactionInput { input: None, data: Some(0x01ffc9a780ac58cd00000000000000000000000000000000000000000000000000000000) }, nonce: None, chain_id: None, access_list: None, transaction_type: None, blob_versioned_hashes: None, sidecar: None, authorization_list: None }, other: OtherFields {} }, Some(0x128), None, None)
    Error: Execution error: execution reverted

eth_call

RPC request failed:
    Request: EthCall(WithOtherFields { inner: TransactionRequest { from: None, to: Some(Call(0x6abdb0e66f1c851ee1c4a64b3c3514613edf93dd)), gas_price: None, max_fee_per_gas: None, max_priority_fee_per_gas: None, max_fee_per_blob_gas: None, gas: None, value: None, input: TransactionInput { input: None, data: Some(0x01ffc9a7d9b67a2600000000000000000000000000000000000000000000000000000000) }, nonce: None, chain_id: None, access_list: None, transaction_type: None, blob_versioned_hashes: None, sidecar: None, authorization_list: None }, other: OtherFields {} }, Some(0x128), None, None)
    Error: Execution error: execution reverted

eth_call

RPC request failed:
    Request: EthCall(WithOtherFields { inner: TransactionRequest { from: None, to: Some(Call(0x6abdb0e66f1c851ee1c4a64b3c3514613edf93dd)), gas_price: None, max_fee_per_gas: None, max_priority_fee_per_gas: None, max_fee_per_blob_gas: None, gas: None, value: None, input: TransactionInput { input: None, data: Some(0x95d89b41) }, nonce: None, chain_id: None, access_list: None, transaction_type: None, blob_versioned_hashes: None, sidecar: None, authorization_list: None }, other: OtherFields {} }, Some(0x128), None, None)
    Error: Execution error: execution reverted

eth_call

RPC request failed:
    Request: EthCall(WithOtherFields { inner: TransactionRequest { from: None, to: Some(Call(0x6abdb0e66f1c851ee1c4a64b3c3514613edf93dd)), gas_price: None, max_fee_per_gas: None, max_priority_fee_per_gas: None, max_fee_per_blob_gas: None, gas: None, value: None, input: TransactionInput { input: None, data: Some(0x313ce567) }, nonce: None, chain_id: None, access_list: None, transaction_type: None, blob_versioned_hashes: None, sidecar: None, authorization_list: None }, other: OtherFields {} }, Some(0x128), None, None)
    Error: Execution error: execution reverted

eth_call

RPC request failed:
    Request: EthCall(WithOtherFields { inner: TransactionRequest { from: None, to: Some(Call(0x6abdb0e66f1c851ee1c4a64b3c3514613edf93dd)), gas_price: None, max_fee_per_gas: None, max_priority_fee_per_gas: None, max_fee_per_blob_gas: None, gas: None, value: None, input: TransactionInput { input: None, data: Some(0x01ffc9a780ac58cd00000000000000000000000000000000000000000000000000000000) }, nonce: None, chain_id: None, access_list: None, transaction_type: None, blob_versioned_hashes: None, sidecar: None, authorization_list: None }, other: OtherFields {} }, Some(0x128), None, None)
    Error: Execution error: execution reverted

eth_call

RPC request failed:
    Request: EthCall(WithOtherFields { inner: TransactionRequest { from: None, to: Some(Call(0x6abdb0e66f1c851ee1c4a64b3c3514613edf93dd)), gas_price: None, max_fee_per_gas: None, max_priority_fee_per_gas: None, max_fee_per_blob_gas: None, gas: None, value: None, input: TransactionInput { input: None, data: Some(0x01ffc9a7d9b67a2600000000000000000000000000000000000000000000000000000000) }, nonce: None, chain_id: None, access_list: None, transaction_type: None, blob_versioned_hashes: None, sidecar: None, authorization_list: None }, other: OtherFields {} }, Some(0x128), None, None)
    Error: Execution error: execution reverted

eth_call

RPC request failed:
    Request: EthCall(WithOtherFields { inner: TransactionRequest { from: None, to: Some(Call(0x6abdb0e66f1c851ee1c4a64b3c3514613edf93dd)), gas_price: None, max_fee_per_gas: None, max_priority_fee_per_gas: None, max_fee_per_blob_gas: None, gas: None, value: None, input: TransactionInput { input: None, data: Some(0x95d89b41) }, nonce: None, chain_id: None, access_list: None, transaction_type: None, blob_versioned_hashes: None, sidecar: None, authorization_list: None }, other: OtherFields {} }, Some(0x128), None, None)
    Error: Execution error: execution reverted

eth_call

RPC request failed:
    Request: EthCall(WithOtherFields { inner: TransactionRequest { from: None, to: Some(Call(0x6abdb0e66f1c851ee1c4a64b3c3514613edf93dd)), gas_price: None, max_fee_per_gas: None, max_priority_fee_per_gas: None, max_fee_per_blob_gas: None, gas: None, value: None, input: TransactionInput { input: None, data: Some(0x313ce567) }, nonce: None, chain_id: None, access_list: None, transaction_type: None, blob_versioned_hashes: None, sidecar: None, authorization_list: None }, other: OtherFields {} }, Some(0x128), None, None)
    Error: Execution error: execution reverted

eth_call

RPC request failed:
    Request: EthCall(WithOtherFields { inner: TransactionRequest { from: None, to: Some(Call(0x6abdb0e66f1c851ee1c4a64b3c3514613edf93dd)), gas_price: None, max_fee_per_gas: None, max_priority_fee_per_gas: None, max_fee_per_blob_gas: None, gas: None, value: None, input: TransactionInput { input: None, data: Some(0x70a0823100000000000000000000000070997970c51812dc3a010c7d01b50e0d17dc79c8) }, nonce: None, chain_id: None, access_list: None, transaction_type: None, blob_versioned_hashes: None, sidecar: None, authorization_list: None }, other: OtherFields {} }, Some(0x128), None, None)
    Error: Execution error: execution reverted

eth_call

RPC request failed:
    Request: EthCall(WithOtherFields { inner: TransactionRequest { from: None, to: Some(Call(0x6abdb0e66f1c851ee1c4a64b3c3514613edf93dd)), gas_price: None, max_fee_per_gas: None, max_priority_fee_per_gas: None, max_fee_per_blob_gas: None, gas: None, value: None, input: TransactionInput { input: None, data: Some(0x01ffc9a780ac58cd00000000000000000000000000000000000000000000000000000000) }, nonce: None, chain_id: None, access_list: None, transaction_type: None, blob_versioned_hashes: None, sidecar: None, authorization_list: None }, other: OtherFields {} }, Some(0x128), None, None)
    Error: Execution error: execution reverted

eth_call

RPC request failed:
    Request: EthCall(WithOtherFields { inner: TransactionRequest { from: None, to: Some(Call(0x6abdb0e66f1c851ee1c4a64b3c3514613edf93dd)), gas_price: None, max_fee_per_gas: None, max_priority_fee_per_gas: None, max_fee_per_blob_gas: None, gas: None, value: None, input: TransactionInput { input: None, data: Some(0x01ffc9a7d9b67a2600000000000000000000000000000000000000000000000000000000) }, nonce: None, chain_id: None, access_list: None, transaction_type: None, blob_versioned_hashes: None, sidecar: None, authorization_list: None }, other: OtherFields {} }, Some(0x128), None, None)
    Error: Execution error: execution reverted

eth_call

RPC request failed:
    Request: EthCall(WithOtherFields { inner: TransactionRequest { from: None, to: Some(Call(0x6abdb0e66f1c851ee1c4a64b3c3514613edf93dd)), gas_price: None, max_fee_per_gas: None, max_priority_fee_per_gas: None, max_fee_per_blob_gas: None, gas: None, value: None, input: TransactionInput { input: None, data: Some(0x95d89b41) }, nonce: None, chain_id: None, access_list: None, transaction_type: None, blob_versioned_hashes: None, sidecar: None, authorization_list: None }, other: OtherFields {} }, Some(0x128), None, None)
    Error: Execution error: execution reverted

eth_call

RPC request failed:
    Request: EthCall(WithOtherFields { inner: TransactionRequest { from: None, to: Some(Call(0x6abdb0e66f1c851ee1c4a64b3c3514613edf93dd)), gas_price: None, max_fee_per_gas: None, max_priority_fee_per_gas: None, max_fee_per_blob_gas: None, gas: None, value: None, input: TransactionInput { input: None, data: Some(0x313ce567) }, nonce: None, chain_id: None, access_list: None, transaction_type: None, blob_versioned_hashes: None, sidecar: None, authorization_list: None }, other: OtherFields {} }, Some(0x128), None, None)
    Error: Execution error: execution reverted

eth_call

RPC request failed:
    Request: EthCall(WithOtherFields { inner: TransactionRequest { from: None, to: Some(Call(0x6abdb0e66f1c851ee1c4a64b3c3514613edf93dd)), gas_price: None, max_fee_per_gas: None, max_priority_fee_per_gas: None, max_fee_per_blob_gas: None, gas: None, value: None, input: TransactionInput { input: None, data: Some(0x70a0823100000000000000000000000070997970c51812dc3a010c7d01b50e0d17dc79c8) }, nonce: None, chain_id: None, access_list: None, transaction_type: None, blob_versioned_hashes: None, sidecar: None, authorization_list: None }, other: OtherFields {} }, Some(0x128), None, None)
    Error: Execution error: execution reverted

eth_call

RPC request failed:
    Request: EthCall(WithOtherFields { inner: TransactionRequest { from: None, to: Some(Call(0x6abdb0e66f1c851ee1c4a64b3c3514613edf93dd)), gas_price: None, max_fee_per_gas: None, max_priority_fee_per_gas: None, max_fee_per_blob_gas: None, gas: None, value: None, input: TransactionInput { input: None, data: Some(0x01ffc9a780ac58cd00000000000000000000000000000000000000000000000000000000) }, nonce: None, chain_id: None, access_list: None, transaction_type: None, blob_versioned_hashes: None, sidecar: None, authorization_list: None }, other: OtherFields {} }, Some(0x128), None, None)
    Error: Execution error: execution reverted

eth_blockNumber
eth_call

RPC request failed:
    Request: EthCall(WithOtherFields { inner: TransactionRequest { from: None, to: Some(Call(0x6abdb0e66f1c851ee1c4a64b3c3514613edf93dd)), gas_price: None, max_fee_per_gas: None, max_priority_fee_per_gas: None, max_fee_per_blob_gas: None, gas: None, value: None, input: TransactionInput { input: None, data: Some(0x01ffc9a7d9b67a2600000000000000000000000000000000000000000000000000000000) }, nonce: None, chain_id: None, access_list: None, transaction_type: None, blob_versioned_hashes: None, sidecar: None, authorization_list: None }, other: OtherFields {} }, Some(0x128), None, None)
    Error: Execution error: execution reverted

eth_call

RPC request failed:
    Request: EthCall(WithOtherFields { inner: TransactionRequest { from: None, to: Some(Call(0x6abdb0e66f1c851ee1c4a64b3c3514613edf93dd)), gas_price: None, max_fee_per_gas: None, max_priority_fee_per_gas: None, max_fee_per_blob_gas: None, gas: None, value: None, input: TransactionInput { input: None, data: Some(0x95d89b41) }, nonce: None, chain_id: None, access_list: None, transaction_type: None, blob_versioned_hashes: None, sidecar: None, authorization_list: None }, other: OtherFields {} }, Some(0x128), None, None)
    Error: Execution error: execution reverted

eth_call

RPC request failed:
    Request: EthCall(WithOtherFields { inner: TransactionRequest { from: None, to: Some(Call(0x6abdb0e66f1c851ee1c4a64b3c3514613edf93dd)), gas_price: None, max_fee_per_gas: None, max_priority_fee_per_gas: None, max_fee_per_blob_gas: None, gas: None, value: None, input: TransactionInput { input: None, data: Some(0x313ce567) }, nonce: None, chain_id: None, access_list: None, transaction_type: None, blob_versioned_hashes: None, sidecar: None, authorization_list: None }, other: OtherFields {} }, Some(0x128), None, None)
    Error: Execution error: execution reverted

eth_call

RPC request failed:
    Request: EthCall(WithOtherFields { inner: TransactionRequest { from: None, to: Some(Call(0x6abdb0e66f1c851ee1c4a64b3c3514613edf93dd)), gas_price: None, max_fee_per_gas: None, max_priority_fee_per_gas: None, max_fee_per_blob_gas: None, gas: None, value: None, input: TransactionInput { input: None, data: Some(0x70a0823100000000000000000000000070997970c51812dc3a010c7d01b50e0d17dc79c8) }, nonce: None, chain_id: None, access_list: None, transaction_type: None, blob_versioned_hashes: None, sidecar: None, authorization_list: None }, other: OtherFields {} }, Some(0x128), None, None)
    Error: Execution error: execution reverted

eth_blockNumber
eth_getTransactionCount
eth_sendRawTransaction

    Transaction: 0x16cd1191ca19a8e236cf7e7a9e068ab33b0bb866b2558f1f4c9b111ea03297ee
    Gas used: 49138

    Block Number: 297
    Block Hash: 0xdb8fca0a658230f59ef80a6fb0cfed347d6a75d5b0b61fec73f7a43b19e971fe
    Block Time: "Tue, 7 Apr 2026 12:49:46 +0000"

eth_call

RPC request failed:
    Request: EthCall(WithOtherFields { inner: TransactionRequest { from: None, to: Some(Call(0x6abdb0e66f1c851ee1c4a64b3c3514613edf93dd)), gas_price: None, max_fee_per_gas: None, max_priority_fee_per_gas: None, max_fee_per_blob_gas: None, gas: None, value: None, input: TransactionInput { input: None, data: Some(0x01ffc9a780ac58cd00000000000000000000000000000000000000000000000000000000) }, nonce: None, chain_id: None, access_list: None, transaction_type: None, blob_versioned_hashes: None, sidecar: None, authorization_list: None }, other: OtherFields {} }, Some(0x128), None, None)
    Error: Execution error: execution reverted

eth_getTransactionReceipt
eth_call
eth_call
eth_call
eth_call
eth_call
eth_call
eth_call

RPC request failed:
    Request: EthCall(WithOtherFields { inner: TransactionRequest { from: None, to: Some(Call(0x6abdb0e66f1c851ee1c4a64b3c3514613edf93dd)), gas_price: None, max_fee_per_gas: None, max_priority_fee_per_gas: None, max_fee_per_blob_gas: None, gas: None, value: None, input: TransactionInput { input: None, data: Some(0x01ffc9a7d9b67a2600000000000000000000000000000000000000000000000000000000) }, nonce: None, chain_id: None, access_list: None, transaction_type: None, blob_versioned_hashes: None, sidecar: None, authorization_list: None }, other: OtherFields {} }, Some(0x128), None, None)
    Error: Execution error: execution reverted

eth_call

RPC request failed:
    Request: EthCall(WithOtherFields { inner: TransactionRequest { from: None, to: Some(Call(0x6abdb0e66f1c851ee1c4a64b3c3514613edf93dd)), gas_price: None, max_fee_per_gas: None, max_priority_fee_per_gas: None, max_fee_per_blob_gas: None, gas: None, value: None, input: TransactionInput { input: None, data: Some(0x95d89b41) }, nonce: None, chain_id: None, access_list: None, transaction_type: None, blob_versioned_hashes: None, sidecar: None, authorization_list: None }, other: OtherFields {} }, Some(0x128), None, None)
    Error: Execution error: execution reverted

eth_call

RPC request failed:
    Request: EthCall(WithOtherFields { inner: TransactionRequest { from: None, to: Some(Call(0x6abdb0e66f1c851ee1c4a64b3c3514613edf93dd)), gas_price: None, max_fee_per_gas: None, max_priority_fee_per_gas: None, max_fee_per_blob_gas: None, gas: None, value: None, input: TransactionInput { input: None, data: Some(0x313ce567) }, nonce: None, chain_id: None, access_list: None, transaction_type: None, blob_versioned_hashes: None, sidecar: None, authorization_list: None }, other: OtherFields {} }, Some(0x128), None, None)
    Error: Execution error: execution reverted

eth_call

RPC request failed:
    Request: EthCall(WithOtherFields { inner: TransactionRequest { from: None, to: None, gas_price: None, max_fee_per_gas: None, max_priority_fee_per_gas: None, max_fee_per_blob_gas: None, gas: None, value: None, input: TransactionInput { input: None, data: Some(0x95d89b41) }, nonce: None, chain_id: None, access_list: None, transaction_type: None, blob_versioned_hashes: None, sidecar: None, authorization_list: None }, other: OtherFields {} }, Some(0x128), None, None)
    Error: Internal error: EVM error StackOverflow

eth_call

RPC request failed:
    Request: EthCall(WithOtherFields { inner: TransactionRequest { from: None, to: None, gas_price: None, max_fee_per_gas: None, max_priority_fee_per_gas: None, max_fee_per_blob_gas: None, gas: None, value: None, input: TransactionInput { input: None, data: Some(0x95d89b41) }, nonce: None, chain_id: None, access_list: None, transaction_type: None, blob_versioned_hashes: None, sidecar: None, authorization_list: None }, other: OtherFields {} }, Some(0x128), None, None)
    Error: Internal error: EVM error StackOverflow

eth_getTransactionReceipt
eth_blockNumber
eth_getBlockByHash
eth_blockNumber
eth_call

RPC request failed:
    Request: EthCall(WithOtherFields { inner: TransactionRequest { from: None, to: Some(Call(0x6abdb0e66f1c851ee1c4a64b3c3514613edf93dd)), gas_price: None, max_fee_per_gas: None, max_priority_fee_per_gas: None, max_fee_per_blob_gas: None, gas: None, value: None, input: TransactionInput { input: None, data: Some(0x01ffc9a780ac58cd00000000000000000000000000000000000000000000000000000000) }, nonce: None, chain_id: None, access_list: None, transaction_type: None, blob_versioned_hashes: None, sidecar: None, authorization_list: None }, other: OtherFields {} }, Some(0x129), None, None)
    Error: Execution error: execution reverted

eth_getBalance
eth_call

RPC request failed:
    Request: EthCall(WithOtherFields { inner: TransactionRequest { from: None, to: Some(Call(0x6abdb0e66f1c851ee1c4a64b3c3514613edf93dd)), gas_price: None, max_fee_per_gas: None, max_priority_fee_per_gas: None, max_fee_per_blob_gas: None, gas: None, value: None, input: TransactionInput { input: None, data: Some(0x01ffc9a7d9b67a2600000000000000000000000000000000000000000000000000000000) }, nonce: None, chain_id: None, access_list: None, transaction_type: None, blob_versioned_hashes: None, sidecar: None, authorization_list: None }, other: OtherFields {} }, Some(0x129), None, None)
    Error: Execution error: execution reverted

eth_blockNumber
eth_call

RPC request failed:
    Request: EthCall(WithOtherFields { inner: TransactionRequest { from: None, to: Some(Call(0x6abdb0e66f1c851ee1c4a64b3c3514613edf93dd)), gas_price: None, max_fee_per_gas: None, max_priority_fee_per_gas: None, max_fee_per_blob_gas: None, gas: None, value: None, input: TransactionInput { input: None, data: Some(0x95d89b41) }, nonce: None, chain_id: None, access_list: None, transaction_type: None, blob_versioned_hashes: None, sidecar: None, authorization_list: None }, other: OtherFields {} }, Some(0x129), None, None)
    Error: Execution error: execution reverted

eth_call

RPC request failed:
    Request: EthCall(WithOtherFields { inner: TransactionRequest { from: None, to: Some(Call(0x6abdb0e66f1c851ee1c4a64b3c3514613edf93dd)), gas_price: None, max_fee_per_gas: None, max_priority_fee_per_gas: None, max_fee_per_blob_gas: None, gas: None, value: None, input: TransactionInput { input: None, data: Some(0x313ce567) }, nonce: None, chain_id: None, access_list: None, transaction_type: None, blob_versioned_hashes: None, sidecar: None, authorization_list: None }, other: OtherFields {} }, Some(0x129), None, None)
    Error: Execution error: execution reverted

eth_gasPrice
eth_call
eth_call
eth_call
eth_call
eth_call
eth_call
eth_getTransactionReceipt
eth_call
eth_call
eth_call
eth_call
eth_call
eth_call
eth_getTransactionReceipt
eth_call
eth_call
eth_getLogs
eth_call
eth_call
eth_call
eth_call
eth_call
eth_call
eth_call
eth_call
eth_call
eth_call
eth_call
eth_call
eth_call
eth_call
eth_blockNumber
eth_getBlockByNumber
eth_blockNumber
eth_call
eth_call
eth_call
eth_call
eth_blockNumber
eth_getBalance
eth_blockNumber
eth_blockNumber
eth_blockNumber
eth_blockNumber
eth_blockNumber
eth_blockNumber
eth_getCode
eth_getCode
eth_estimateGas
eth_blockNumber
eth_call

RPC request failed:
    Request: EthCall(WithOtherFields { inner: TransactionRequest { from: None, to: Some(Call(0xe8addd62fed354203d079926a8e563bc1a7fe81e)), gas_price: None, max_fee_per_gas: None, max_priority_fee_per_gas: None, max_fee_per_blob_gas: None, gas: None, value: None, input: TransactionInput { input: None, data: Some(0x01ffc9a780ac58cd00000000000000000000000000000000000000000000000000000000) }, nonce: None, chain_id: None, access_list: None, transaction_type: None, blob_versioned_hashes: None, sidecar: None, authorization_list: None }, other: OtherFields {} }, Some(0x129), None, None)
    Error: Execution error: execution reverted

eth_call

RPC request failed:
    Request: EthCall(WithOtherFields { inner: TransactionRequest { from: None, to: Some(Call(0xe8addd62fed354203d079926a8e563bc1a7fe81e)), gas_price: None, max_fee_per_gas: None, max_priority_fee_per_gas: None, max_fee_per_blob_gas: None, gas: None, value: None, input: TransactionInput { input: None, data: Some(0x01ffc9a7d9b67a2600000000000000000000000000000000000000000000000000000000) }, nonce: None, chain_id: None, access_list: None, transaction_type: None, blob_versioned_hashes: None, sidecar: None, authorization_list: None }, other: OtherFields {} }, Some(0x129), None, None)
    Error: Execution error: execution reverted

eth_call

RPC request failed:
    Request: EthCall(WithOtherFields { inner: TransactionRequest { from: None, to: Some(Call(0xe8addd62fed354203d079926a8e563bc1a7fe81e)), gas_price: None, max_fee_per_gas: None, max_priority_fee_per_gas: None, max_fee_per_blob_gas: None, gas: None, value: None, input: TransactionInput { input: None, data: Some(0x95d89b41) }, nonce: None, chain_id: None, access_list: None, transaction_type: None, blob_versioned_hashes: None, sidecar: None, authorization_list: None }, other: OtherFields {} }, Some(0x129), None, None)
    Error: Execution error: execution reverted

eth_call

RPC request failed:
    Request: EthCall(WithOtherFields { inner: TransactionRequest { from: None, to: Some(Call(0xe8addd62fed354203d079926a8e563bc1a7fe81e)), gas_price: None, max_fee_per_gas: None, max_priority_fee_per_gas: None, max_fee_per_blob_gas: None, gas: None, value: None, input: TransactionInput { input: None, data: Some(0x313ce567) }, nonce: None, chain_id: None, access_list: None, transaction_type: None, blob_versioned_hashes: None, sidecar: None, authorization_list: None }, other: OtherFields {} }, Some(0x129), None, None)
    Error: Execution error: execution reverted

eth_call

RPC request failed:
    Request: EthCall(WithOtherFields { inner: TransactionRequest { from: None, to: Some(Call(0xe8addd62fed354203d079926a8e563bc1a7fe81e)), gas_price: None, max_fee_per_gas: None, max_priority_fee_per_gas: None, max_fee_per_blob_gas: None, gas: None, value: None, input: TransactionInput { input: None, data: Some(0x01ffc9a780ac58cd00000000000000000000000000000000000000000000000000000000) }, nonce: None, chain_id: None, access_list: None, transaction_type: None, blob_versioned_hashes: None, sidecar: None, authorization_list: None }, other: OtherFields {} }, Some(0x129), None, None)
    Error: Execution error: execution reverted

eth_call

RPC request failed:
    Request: EthCall(WithOtherFields { inner: TransactionRequest { from: None, to: Some(Call(0xe8addd62fed354203d079926a8e563bc1a7fe81e)), gas_price: None, max_fee_per_gas: None, max_priority_fee_per_gas: None, max_fee_per_blob_gas: None, gas: None, value: None, input: TransactionInput { input: None, data: Some(0x01ffc9a7d9b67a2600000000000000000000000000000000000000000000000000000000) }, nonce: None, chain_id: None, access_list: None, transaction_type: None, blob_versioned_hashes: None, sidecar: None, authorization_list: None }, other: OtherFields {} }, Some(0x129), None, None)
    Error: Execution error: execution reverted

eth_call

RPC request failed:
    Request: EthCall(WithOtherFields { inner: TransactionRequest { from: None, to: Some(Call(0xe8addd62fed354203d079926a8e563bc1a7fe81e)), gas_price: None, max_fee_per_gas: None, max_priority_fee_per_gas: None, max_fee_per_blob_gas: None, gas: None, value: None, input: TransactionInput { input: None, data: Some(0x95d89b41) }, nonce: None, chain_id: None, access_list: None, transaction_type: None, blob_versioned_hashes: None, sidecar: None, authorization_list: None }, other: OtherFields {} }, Some(0x129), None, None)
    Error: Execution error: execution reverted

eth_call

RPC request failed:
    Request: EthCall(WithOtherFields { inner: TransactionRequest { from: None, to: Some(Call(0xe8addd62fed354203d079926a8e563bc1a7fe81e)), gas_price: None, max_fee_per_gas: None, max_priority_fee_per_gas: None, max_fee_per_blob_gas: None, gas: None, value: None, input: TransactionInput { input: None, data: Some(0x70a08231000000000000000000000000f39fd6e51aad88f6f4ce6ab8827279cfffb92266) }, nonce: None, chain_id: None, access_list: None, transaction_type: None, blob_versioned_hashes: None, sidecar: None, authorization_list: None }, other: OtherFields {} }, Some(0x129), None, None)
    Error: Execution error: execution reverted

eth_call

RPC request failed:
    Request: EthCall(WithOtherFields { inner: TransactionRequest { from: None, to: Some(Call(0xe8addd62fed354203d079926a8e563bc1a7fe81e)), gas_price: None, max_fee_per_gas: None, max_priority_fee_per_gas: None, max_fee_per_blob_gas: None, gas: None, value: None, input: TransactionInput { input: None, data: Some(0x313ce567) }, nonce: None, chain_id: None, access_list: None, transaction_type: None, blob_versioned_hashes: None, sidecar: None, authorization_list: None }, other: OtherFields {} }, Some(0x129), None, None)
    Error: Execution error: execution reverted

eth_call

RPC request failed:
    Request: EthCall(WithOtherFields { inner: TransactionRequest { from: None, to: Some(Call(0xe8addd62fed354203d079926a8e563bc1a7fe81e)), gas_price: None, max_fee_per_gas: None, max_priority_fee_per_gas: None, max_fee_per_blob_gas: None, gas: None, value: None, input: TransactionInput { input: None, data: Some(0x01ffc9a780ac58cd00000000000000000000000000000000000000000000000000000000) }, nonce: None, chain_id: None, access_list: None, transaction_type: None, blob_versioned_hashes: None, sidecar: None, authorization_list: None }, other: OtherFields {} }, Some(0x129), None, None)
    Error: Execution error: execution reverted

eth_call

RPC request failed:
    Request: EthCall(WithOtherFields { inner: TransactionRequest { from: None, to: Some(Call(0xe8addd62fed354203d079926a8e563bc1a7fe81e)), gas_price: None, max_fee_per_gas: None, max_priority_fee_per_gas: None, max_fee_per_blob_gas: None, gas: None, value: None, input: TransactionInput { input: None, data: Some(0x01ffc9a7d9b67a2600000000000000000000000000000000000000000000000000000000) }, nonce: None, chain_id: None, access_list: None, transaction_type: None, blob_versioned_hashes: None, sidecar: None, authorization_list: None }, other: OtherFields {} }, Some(0x129), None, None)
    Error: Execution error: execution reverted

eth_call

RPC request failed:
    Request: EthCall(WithOtherFields { inner: TransactionRequest { from: None, to: Some(Call(0xe8addd62fed354203d079926a8e563bc1a7fe81e)), gas_price: None, max_fee_per_gas: None, max_priority_fee_per_gas: None, max_fee_per_blob_gas: None, gas: None, value: None, input: TransactionInput { input: None, data: Some(0x95d89b41) }, nonce: None, chain_id: None, access_list: None, transaction_type: None, blob_versioned_hashes: None, sidecar: None, authorization_list: None }, other: OtherFields {} }, Some(0x129), None, None)
    Error: Execution error: execution reverted

eth_call

RPC request failed:
    Request: EthCall(WithOtherFields { inner: TransactionRequest { from: None, to: Some(Call(0xe8addd62fed354203d079926a8e563bc1a7fe81e)), gas_price: None, max_fee_per_gas: None, max_priority_fee_per_gas: None, max_fee_per_blob_gas: None, gas: None, value: None, input: TransactionInput { input: None, data: Some(0x313ce567) }, nonce: None, chain_id: None, access_list: None, transaction_type: None, blob_versioned_hashes: None, sidecar: None, authorization_list: None }, other: OtherFields {} }, Some(0x129), None, None)
    Error: Execution error: execution reverted

eth_call

RPC request failed:
    Request: EthCall(WithOtherFields { inner: TransactionRequest { from: None, to: Some(Call(0xe8addd62fed354203d079926a8e563bc1a7fe81e)), gas_price: None, max_fee_per_gas: None, max_priority_fee_per_gas: None, max_fee_per_blob_gas: None, gas: None, value: None, input: TransactionInput { input: None, data: Some(0x70a08231000000000000000000000000f39fd6e51aad88f6f4ce6ab8827279cfffb92266) }, nonce: None, chain_id: None, access_list: None, transaction_type: None, blob_versioned_hashes: None, sidecar: None, authorization_list: None }, other: OtherFields {} }, Some(0x129), None, None)
    Error: Execution error: execution reverted

eth_call

RPC request failed:
    Request: EthCall(WithOtherFields { inner: TransactionRequest { from: None, to: Some(Call(0xe8addd62fed354203d079926a8e563bc1a7fe81e)), gas_price: None, max_fee_per_gas: None, max_priority_fee_per_gas: None, max_fee_per_blob_gas: None, gas: None, value: None, input: TransactionInput { input: None, data: Some(0x01ffc9a780ac58cd00000000000000000000000000000000000000000000000000000000) }, nonce: None, chain_id: None, access_list: None, transaction_type: None, blob_versioned_hashes: None, sidecar: None, authorization_list: None }, other: OtherFields {} }, Some(0x129), None, None)
    Error: Execution error: execution reverted

eth_blockNumber
eth_call

RPC request failed:
    Request: EthCall(WithOtherFields { inner: TransactionRequest { from: None, to: Some(Call(0xe8addd62fed354203d079926a8e563bc1a7fe81e)), gas_price: None, max_fee_per_gas: None, max_priority_fee_per_gas: None, max_fee_per_blob_gas: None, gas: None, value: None, input: TransactionInput { input: None, data: Some(0x01ffc9a7d9b67a2600000000000000000000000000000000000000000000000000000000) }, nonce: None, chain_id: None, access_list: None, transaction_type: None, blob_versioned_hashes: None, sidecar: None, authorization_list: None }, other: OtherFields {} }, Some(0x129), None, None)
    Error: Execution error: execution reverted

eth_call

RPC request failed:
    Request: EthCall(WithOtherFields { inner: TransactionRequest { from: None, to: Some(Call(0xe8addd62fed354203d079926a8e563bc1a7fe81e)), gas_price: None, max_fee_per_gas: None, max_priority_fee_per_gas: None, max_fee_per_blob_gas: None, gas: None, value: None, input: TransactionInput { input: None, data: Some(0x95d89b41) }, nonce: None, chain_id: None, access_list: None, transaction_type: None, blob_versioned_hashes: None, sidecar: None, authorization_list: None }, other: OtherFields {} }, Some(0x129), None, None)
    Error: Execution error: execution reverted

eth_call

RPC request failed:
    Request: EthCall(WithOtherFields { inner: TransactionRequest { from: None, to: Some(Call(0xe8addd62fed354203d079926a8e563bc1a7fe81e)), gas_price: None, max_fee_per_gas: None, max_priority_fee_per_gas: None, max_fee_per_blob_gas: None, gas: None, value: None, input: TransactionInput { input: None, data: Some(0x313ce567) }, nonce: None, chain_id: None, access_list: None, transaction_type: None, blob_versioned_hashes: None, sidecar: None, authorization_list: None }, other: OtherFields {} }, Some(0x129), None, None)
    Error: Execution error: execution reverted

eth_call

RPC request failed:
    Request: EthCall(WithOtherFields { inner: TransactionRequest { from: None, to: Some(Call(0xe8addd62fed354203d079926a8e563bc1a7fe81e)), gas_price: None, max_fee_per_gas: None, max_priority_fee_per_gas: None, max_fee_per_blob_gas: None, gas: None, value: None, input: TransactionInput { input: None, data: Some(0x70a08231000000000000000000000000f39fd6e51aad88f6f4ce6ab8827279cfffb92266) }, nonce: None, chain_id: None, access_list: None, transaction_type: None, blob_versioned_hashes: None, sidecar: None, authorization_list: None }, other: OtherFields {} }, Some(0x129), None, None)
    Error: Execution error: execution reverted

eth_blockNumber
eth_getTransactionCount
eth_sendRawTransaction
eth_call

RPC request failed:
    Request: EthCall(WithOtherFields { inner: TransactionRequest { from: None, to: Some(Call(0xe8addd62fed354203d079926a8e563bc1a7fe81e)), gas_price: None, max_fee_per_gas: None, max_priority_fee_per_gas: None, max_fee_per_blob_gas: None, gas: None, value: None, input: TransactionInput { input: None, data: Some(0x01ffc9a780ac58cd00000000000000000000000000000000000000000000000000000000) }, nonce: None, chain_id: None, access_list: None, transaction_type: None, blob_versioned_hashes: None, sidecar: None, authorization_list: None }, other: OtherFields {} }, Some(0x129), None, None)
    Error: Execution error: execution reverted


    Transaction: 0xdf8ba62a685b745e787d7211bd0c292efc7d1a1beaaba28ed1a2ed4fe96eb55a
    Gas used: 4462316

    Block Number: 298
    Block Hash: 0x273b096d55dc7d4edab2c76adf9dc15511ec6405a912567bc6cb675dab5c64a0
    Block Time: "Wed, 8 Apr 2026 03:07:52 +0000"

eth_call
eth_getTransactionReceipt

RPC request failed:
    Request: EthCall(WithOtherFields { inner: TransactionRequest { from: None, to: Some(Call(0xe8addd62fed354203d079926a8e563bc1a7fe81e)), gas_price: None, max_fee_per_gas: None, max_priority_fee_per_gas: None, max_fee_per_blob_gas: None, gas: None, value: None, input: TransactionInput { input: None, data: Some(0x01ffc9a7d9b67a2600000000000000000000000000000000000000000000000000000000) }, nonce: None, chain_id: None, access_list: None, transaction_type: None, blob_versioned_hashes: None, sidecar: None, authorization_list: None }, other: OtherFields {} }, Some(0x129), None, None)
    Error: Execution error: execution reverted

eth_call

RPC request failed:
    Request: EthCall(WithOtherFields { inner: TransactionRequest { from: None, to: Some(Call(0xe8addd62fed354203d079926a8e563bc1a7fe81e)), gas_price: None, max_fee_per_gas: None, max_priority_fee_per_gas: None, max_fee_per_blob_gas: None, gas: None, value: None, input: TransactionInput { input: None, data: Some(0x95d89b41) }, nonce: None, chain_id: None, access_list: None, transaction_type: None, blob_versioned_hashes: None, sidecar: None, authorization_list: None }, other: OtherFields {} }, Some(0x129), None, None)
    Error: Execution error: execution reverted

eth_call

RPC request failed:
    Request: EthCall(WithOtherFields { inner: TransactionRequest { from: None, to: Some(Call(0xe8addd62fed354203d079926a8e563bc1a7fe81e)), gas_price: None, max_fee_per_gas: None, max_priority_fee_per_gas: None, max_fee_per_blob_gas: None, gas: None, value: None, input: TransactionInput { input: None, data: Some(0x313ce567) }, nonce: None, chain_id: None, access_list: None, transaction_type: None, blob_versioned_hashes: None, sidecar: None, authorization_list: None }, other: OtherFields {} }, Some(0x129), None, None)
    Error: Execution error: execution reverted

eth_call

RPC request failed:
    Request: EthCall(WithOtherFields { inner: TransactionRequest { from: None, to: None, gas_price: None, max_fee_per_gas: None, max_priority_fee_per_gas: None, max_fee_per_blob_gas: None, gas: None, value: None, input: TransactionInput { input: None, data: Some(0x95d89b41) }, nonce: None, chain_id: None, access_list: None, transaction_type: None, blob_versioned_hashes: None, sidecar: None, authorization_list: None }, other: OtherFields {} }, Some(0x129), None, None)
    Error: Internal error: EVM error StackOverflow

eth_getLogs
eth_getLogs
eth_call
eth_call
eth_call
eth_call
eth_call
eth_call
eth_call
eth_call
eth_call
eth_call
eth_getTransactionReceipt
eth_blockNumber
eth_getBlockByHash
eth_blockNumber
eth_call

RPC request failed:
    Request: EthCall(WithOtherFields { inner: TransactionRequest { from: None, to: Some(Call(0xe8addd62fed354203d079926a8e563bc1a7fe81e)), gas_price: None, max_fee_per_gas: None, max_priority_fee_per_gas: None, max_fee_per_blob_gas: None, gas: None, value: None, input: TransactionInput { input: None, data: Some(0x01ffc9a780ac58cd00000000000000000000000000000000000000000000000000000000) }, nonce: None, chain_id: None, access_list: None, transaction_type: None, blob_versioned_hashes: None, sidecar: None, authorization_list: None }, other: OtherFields {} }, Some(0x12a), None, None)
    Error: Execution error: execution reverted

eth_getBalance
eth_call

RPC request failed:
    Request: EthCall(WithOtherFields { inner: TransactionRequest { from: None, to: Some(Call(0xe8addd62fed354203d079926a8e563bc1a7fe81e)), gas_price: None, max_fee_per_gas: None, max_priority_fee_per_gas: None, max_fee_per_blob_gas: None, gas: None, value: None, input: TransactionInput { input: None, data: Some(0x01ffc9a7d9b67a2600000000000000000000000000000000000000000000000000000000) }, nonce: None, chain_id: None, access_list: None, transaction_type: None, blob_versioned_hashes: None, sidecar: None, authorization_list: None }, other: OtherFields {} }, Some(0x12a), None, None)
    Error: Execution error: execution reverted

eth_call

RPC request failed:
    Request: EthCall(WithOtherFields { inner: TransactionRequest { from: None, to: Some(Call(0xe8addd62fed354203d079926a8e563bc1a7fe81e)), gas_price: None, max_fee_per_gas: None, max_priority_fee_per_gas: None, max_fee_per_blob_gas: None, gas: None, value: None, input: TransactionInput { input: None, data: Some(0x95d89b41) }, nonce: None, chain_id: None, access_list: None, transaction_type: None, blob_versioned_hashes: None, sidecar: None, authorization_list: None }, other: OtherFields {} }, Some(0x12a), None, None)
    Error: Execution error: execution reverted

eth_call

RPC request failed:
    Request: EthCall(WithOtherFields { inner: TransactionRequest { from: None, to: Some(Call(0xe8addd62fed354203d079926a8e563bc1a7fe81e)), gas_price: None, max_fee_per_gas: None, max_priority_fee_per_gas: None, max_fee_per_blob_gas: None, gas: None, value: None, input: TransactionInput { input: None, data: Some(0x313ce567) }, nonce: None, chain_id: None, access_list: None, transaction_type: None, blob_versioned_hashes: None, sidecar: None, authorization_list: None }, other: OtherFields {} }, Some(0x12a), None, None)
    Error: Execution error: execution reverted

eth_blockNumber
eth_gasPrice
eth_blockNumber
eth_call
eth_call
eth_call
eth_getBlockByNumber
eth_call
eth_call
eth_call
eth_blockNumber
eth_getBalance
eth_blockNumber
eth_blockNumber
eth_call
eth_call
eth_call
eth_call
eth_call
eth_call
eth_call
eth_call
eth_call
eth_call
eth_blockNumber
eth_blockNumber
eth_call
eth_call
eth_call
eth_call
eth_call
eth_call
eth_blockNumber
eth_call
eth_call
eth_call
eth_call
eth_call
eth_call
eth_call
eth_call
eth_call
eth_call
eth_call
eth_call
eth_blockNumber
eth_blockNumber
eth_getCode
eth_getCode
eth_estimateGas
eth_blockNumber
eth_call

RPC request failed:
    Request: EthCall(WithOtherFields { inner: TransactionRequest { from: None, to: Some(Call(0xe8addd62fed354203d079926a8e563bc1a7fe81e)), gas_price: None, max_fee_per_gas: None, max_priority_fee_per_gas: None, max_fee_per_blob_gas: None, gas: None, value: None, input: TransactionInput { input: None, data: Some(0x01ffc9a780ac58cd00000000000000000000000000000000000000000000000000000000) }, nonce: None, chain_id: None, access_list: None, transaction_type: None, blob_versioned_hashes: None, sidecar: None, authorization_list: None }, other: OtherFields {} }, Some(0x12a), None, None)
    Error: Execution error: execution reverted

eth_call

RPC request failed:
    Request: EthCall(WithOtherFields { inner: TransactionRequest { from: None, to: Some(Call(0xe8addd62fed354203d079926a8e563bc1a7fe81e)), gas_price: None, max_fee_per_gas: None, max_priority_fee_per_gas: None, max_fee_per_blob_gas: None, gas: None, value: None, input: TransactionInput { input: None, data: Some(0x01ffc9a7d9b67a2600000000000000000000000000000000000000000000000000000000) }, nonce: None, chain_id: None, access_list: None, transaction_type: None, blob_versioned_hashes: None, sidecar: None, authorization_list: None }, other: OtherFields {} }, Some(0x12a), None, None)
    Error: Execution error: execution reverted

eth_call

RPC request failed:
    Request: EthCall(WithOtherFields { inner: TransactionRequest { from: None, to: Some(Call(0xe8addd62fed354203d079926a8e563bc1a7fe81e)), gas_price: None, max_fee_per_gas: None, max_priority_fee_per_gas: None, max_fee_per_blob_gas: None, gas: None, value: None, input: TransactionInput { input: None, data: Some(0x95d89b41) }, nonce: None, chain_id: None, access_list: None, transaction_type: None, blob_versioned_hashes: None, sidecar: None, authorization_list: None }, other: OtherFields {} }, Some(0x12a), None, None)
    Error: Execution error: execution reverted

eth_call

RPC request failed:
    Request: EthCall(WithOtherFields { inner: TransactionRequest { from: None, to: Some(Call(0xe8addd62fed354203d079926a8e563bc1a7fe81e)), gas_price: None, max_fee_per_gas: None, max_priority_fee_per_gas: None, max_fee_per_blob_gas: None, gas: None, value: None, input: TransactionInput { input: None, data: Some(0x313ce567) }, nonce: None, chain_id: None, access_list: None, transaction_type: None, blob_versioned_hashes: None, sidecar: None, authorization_list: None }, other: OtherFields {} }, Some(0x12a), None, None)
    Error: Execution error: execution reverted

eth_call

RPC request failed:
    Request: EthCall(WithOtherFields { inner: TransactionRequest { from: None, to: Some(Call(0xe8addd62fed354203d079926a8e563bc1a7fe81e)), gas_price: None, max_fee_per_gas: None, max_priority_fee_per_gas: None, max_fee_per_blob_gas: None, gas: None, value: None, input: TransactionInput { input: None, data: Some(0x01ffc9a780ac58cd00000000000000000000000000000000000000000000000000000000) }, nonce: None, chain_id: None, access_list: None, transaction_type: None, blob_versioned_hashes: None, sidecar: None, authorization_list: None }, other: OtherFields {} }, Some(0x12a), None, None)
    Error: Execution error: execution reverted

eth_call

RPC request failed:
    Request: EthCall(WithOtherFields { inner: TransactionRequest { from: None, to: Some(Call(0xe8addd62fed354203d079926a8e563bc1a7fe81e)), gas_price: None, max_fee_per_gas: None, max_priority_fee_per_gas: None, max_fee_per_blob_gas: None, gas: None, value: None, input: TransactionInput { input: None, data: Some(0x01ffc9a7d9b67a2600000000000000000000000000000000000000000000000000000000) }, nonce: None, chain_id: None, access_list: None, transaction_type: None, blob_versioned_hashes: None, sidecar: None, authorization_list: None }, other: OtherFields {} }, Some(0x12a), None, None)
    Error: Execution error: execution reverted

eth_call

RPC request failed:
    Request: EthCall(WithOtherFields { inner: TransactionRequest { from: None, to: Some(Call(0xe8addd62fed354203d079926a8e563bc1a7fe81e)), gas_price: None, max_fee_per_gas: None, max_priority_fee_per_gas: None, max_fee_per_blob_gas: None, gas: None, value: None, input: TransactionInput { input: None, data: Some(0x95d89b41) }, nonce: None, chain_id: None, access_list: None, transaction_type: None, blob_versioned_hashes: None, sidecar: None, authorization_list: None }, other: OtherFields {} }, Some(0x12a), None, None)
    Error: Execution error: execution reverted

eth_call

RPC request failed:
    Request: EthCall(WithOtherFields { inner: TransactionRequest { from: None, to: Some(Call(0xe8addd62fed354203d079926a8e563bc1a7fe81e)), gas_price: None, max_fee_per_gas: None, max_priority_fee_per_gas: None, max_fee_per_blob_gas: None, gas: None, value: None, input: TransactionInput { input: None, data: Some(0x313ce567) }, nonce: None, chain_id: None, access_list: None, transaction_type: None, blob_versioned_hashes: None, sidecar: None, authorization_list: None }, other: OtherFields {} }, Some(0x12a), None, None)
    Error: Execution error: execution reverted

eth_call

RPC request failed:
    Request: EthCall(WithOtherFields { inner: TransactionRequest { from: None, to: Some(Call(0xe8addd62fed354203d079926a8e563bc1a7fe81e)), gas_price: None, max_fee_per_gas: None, max_priority_fee_per_gas: None, max_fee_per_blob_gas: None, gas: None, value: None, input: TransactionInput { input: None, data: Some(0x70a08231000000000000000000000000f39fd6e51aad88f6f4ce6ab8827279cfffb92266) }, nonce: None, chain_id: None, access_list: None, transaction_type: None, blob_versioned_hashes: None, sidecar: None, authorization_list: None }, other: OtherFields {} }, Some(0x12a), None, None)
    Error: Execution error: execution reverted

eth_call

RPC request failed:
    Request: EthCall(WithOtherFields { inner: TransactionRequest { from: None, to: Some(Call(0xe8addd62fed354203d079926a8e563bc1a7fe81e)), gas_price: None, max_fee_per_gas: None, max_priority_fee_per_gas: None, max_fee_per_blob_gas: None, gas: None, value: None, input: TransactionInput { input: None, data: Some(0x01ffc9a780ac58cd00000000000000000000000000000000000000000000000000000000) }, nonce: None, chain_id: None, access_list: None, transaction_type: None, blob_versioned_hashes: None, sidecar: None, authorization_list: None }, other: OtherFields {} }, Some(0x12a), None, None)
    Error: Execution error: execution reverted

eth_blockNumber
eth_call

RPC request failed:
    Request: EthCall(WithOtherFields { inner: TransactionRequest { from: None, to: Some(Call(0xe8addd62fed354203d079926a8e563bc1a7fe81e)), gas_price: None, max_fee_per_gas: None, max_priority_fee_per_gas: None, max_fee_per_blob_gas: None, gas: None, value: None, input: TransactionInput { input: None, data: Some(0x01ffc9a7d9b67a2600000000000000000000000000000000000000000000000000000000) }, nonce: None, chain_id: None, access_list: None, transaction_type: None, blob_versioned_hashes: None, sidecar: None, authorization_list: None }, other: OtherFields {} }, Some(0x12a), None, None)
    Error: Execution error: execution reverted

eth_blockNumber
eth_call

RPC request failed:
    Request: EthCall(WithOtherFields { inner: TransactionRequest { from: None, to: Some(Call(0xe8addd62fed354203d079926a8e563bc1a7fe81e)), gas_price: None, max_fee_per_gas: None, max_priority_fee_per_gas: None, max_fee_per_blob_gas: None, gas: None, value: None, input: TransactionInput { input: None, data: Some(0x95d89b41) }, nonce: None, chain_id: None, access_list: None, transaction_type: None, blob_versioned_hashes: None, sidecar: None, authorization_list: None }, other: OtherFields {} }, Some(0x12a), None, None)
    Error: Execution error: execution reverted

eth_call

RPC request failed:
    Request: EthCall(WithOtherFields { inner: TransactionRequest { from: None, to: Some(Call(0xe8addd62fed354203d079926a8e563bc1a7fe81e)), gas_price: None, max_fee_per_gas: None, max_priority_fee_per_gas: None, max_fee_per_blob_gas: None, gas: None, value: None, input: TransactionInput { input: None, data: Some(0x313ce567) }, nonce: None, chain_id: None, access_list: None, transaction_type: None, blob_versioned_hashes: None, sidecar: None, authorization_list: None }, other: OtherFields {} }, Some(0x12a), None, None)
    Error: Execution error: execution reverted

eth_call

RPC request failed:
    Request: EthCall(WithOtherFields { inner: TransactionRequest { from: None, to: Some(Call(0xe8addd62fed354203d079926a8e563bc1a7fe81e)), gas_price: None, max_fee_per_gas: None, max_priority_fee_per_gas: None, max_fee_per_blob_gas: None, gas: None, value: None, input: TransactionInput { input: None, data: Some(0x70a08231000000000000000000000000f39fd6e51aad88f6f4ce6ab8827279cfffb92266) }, nonce: None, chain_id: None, access_list: None, transaction_type: None, blob_versioned_hashes: None, sidecar: None, authorization_list: None }, other: OtherFields {} }, Some(0x12a), None, None)
    Error: Execution error: execution reverted

eth_getTransactionCount
eth_sendRawTransaction

    Transaction: 0x130fa02b9ef9c7ad3c1ef569c5d5c4b84aa3f5bc345c81f2174c9864c1028ae3
    Gas used: 4440965

    Block Number: 299
    Block Hash: 0x88d5b7683dd20a93a5a6232d0cc83b65b6d286573a7082ec5d89c429af900917
    Block Time: "Wed, 8 Apr 2026 03:10:04 +0000"

eth_call

RPC request failed:
    Request: EthCall(WithOtherFields { inner: TransactionRequest { from: None, to: Some(Call(0xe8addd62fed354203d079926a8e563bc1a7fe81e)), gas_price: None, max_fee_per_gas: None, max_priority_fee_per_gas: None, max_fee_per_blob_gas: None, gas: None, value: None, input: TransactionInput { input: None, data: Some(0x01ffc9a780ac58cd00000000000000000000000000000000000000000000000000000000) }, nonce: None, chain_id: None, access_list: None, transaction_type: None, blob_versioned_hashes: None, sidecar: None, authorization_list: None }, other: OtherFields {} }, Some(0x12a), None, None)
    Error: Execution error: execution reverted

eth_getTransactionReceipt
eth_call

RPC request failed:
    Request: EthCall(WithOtherFields { inner: TransactionRequest { from: None, to: Some(Call(0xe8addd62fed354203d079926a8e563bc1a7fe81e)), gas_price: None, max_fee_per_gas: None, max_priority_fee_per_gas: None, max_fee_per_blob_gas: None, gas: None, value: None, input: TransactionInput { input: None, data: Some(0x01ffc9a7d9b67a2600000000000000000000000000000000000000000000000000000000) }, nonce: None, chain_id: None, access_list: None, transaction_type: None, blob_versioned_hashes: None, sidecar: None, authorization_list: None }, other: OtherFields {} }, Some(0x12a), None, None)
    Error: Execution error: execution reverted

eth_call

RPC request failed:
    Request: EthCall(WithOtherFields { inner: TransactionRequest { from: None, to: Some(Call(0xe8addd62fed354203d079926a8e563bc1a7fe81e)), gas_price: None, max_fee_per_gas: None, max_priority_fee_per_gas: None, max_fee_per_blob_gas: None, gas: None, value: None, input: TransactionInput { input: None, data: Some(0x95d89b41) }, nonce: None, chain_id: None, access_list: None, transaction_type: None, blob_versioned_hashes: None, sidecar: None, authorization_list: None }, other: OtherFields {} }, Some(0x12a), None, None)
    Error: Execution error: execution reverted

eth_call

RPC request failed:
    Request: EthCall(WithOtherFields { inner: TransactionRequest { from: None, to: Some(Call(0xe8addd62fed354203d079926a8e563bc1a7fe81e)), gas_price: None, max_fee_per_gas: None, max_priority_fee_per_gas: None, max_fee_per_blob_gas: None, gas: None, value: None, input: TransactionInput { input: None, data: Some(0x313ce567) }, nonce: None, chain_id: None, access_list: None, transaction_type: None, blob_versioned_hashes: None, sidecar: None, authorization_list: None }, other: OtherFields {} }, Some(0x12a), None, None)
    Error: Execution error: execution reverted

eth_call

RPC request failed:
    Request: EthCall(WithOtherFields { inner: TransactionRequest { from: None, to: None, gas_price: None, max_fee_per_gas: None, max_priority_fee_per_gas: None, max_fee_per_blob_gas: None, gas: None, value: None, input: TransactionInput { input: None, data: Some(0x95d89b41) }, nonce: None, chain_id: None, access_list: None, transaction_type: None, blob_versioned_hashes: None, sidecar: None, authorization_list: None }, other: OtherFields {} }, Some(0x12a), None, None)
    Error: Internal error: EVM error StackOverflow

eth_call

RPC request failed:
    Request: EthCall(WithOtherFields { inner: TransactionRequest { from: None, to: None, gas_price: None, max_fee_per_gas: None, max_priority_fee_per_gas: None, max_fee_per_blob_gas: None, gas: None, value: None, input: TransactionInput { input: None, data: Some(0x95d89b41) }, nonce: None, chain_id: None, access_list: None, transaction_type: None, blob_versioned_hashes: None, sidecar: None, authorization_list: None }, other: OtherFields {} }, Some(0x12a), None, None)
    Error: Internal error: EVM error StackOverflow

eth_getLogs
eth_call
eth_call
eth_call
eth_call
eth_call
eth_call
eth_call
eth_call
eth_call
eth_call
eth_getLogs
eth_call
eth_call
eth_call
eth_getTransactionReceipt
eth_blockNumber
eth_getBlockByHash
eth_blockNumber
eth_call

RPC request failed:
    Request: EthCall(WithOtherFields { inner: TransactionRequest { from: None, to: Some(Call(0xe8addd62fed354203d079926a8e563bc1a7fe81e)), gas_price: None, max_fee_per_gas: None, max_priority_fee_per_gas: None, max_fee_per_blob_gas: None, gas: None, value: None, input: TransactionInput { input: None, data: Some(0x01ffc9a780ac58cd00000000000000000000000000000000000000000000000000000000) }, nonce: None, chain_id: None, access_list: None, transaction_type: None, blob_versioned_hashes: None, sidecar: None, authorization_list: None }, other: OtherFields {} }, Some(0x12b), None, None)
    Error: Execution error: execution reverted

eth_getBalance
eth_call

RPC request failed:
    Request: EthCall(WithOtherFields { inner: TransactionRequest { from: None, to: Some(Call(0xe8addd62fed354203d079926a8e563bc1a7fe81e)), gas_price: None, max_fee_per_gas: None, max_priority_fee_per_gas: None, max_fee_per_blob_gas: None, gas: None, value: None, input: TransactionInput { input: None, data: Some(0x01ffc9a7d9b67a2600000000000000000000000000000000000000000000000000000000) }, nonce: None, chain_id: None, access_list: None, transaction_type: None, blob_versioned_hashes: None, sidecar: None, authorization_list: None }, other: OtherFields {} }, Some(0x12b), None, None)
    Error: Execution error: execution reverted

eth_blockNumber
eth_call

RPC request failed:
    Request: EthCall(WithOtherFields { inner: TransactionRequest { from: None, to: Some(Call(0xe8addd62fed354203d079926a8e563bc1a7fe81e)), gas_price: None, max_fee_per_gas: None, max_priority_fee_per_gas: None, max_fee_per_blob_gas: None, gas: None, value: None, input: TransactionInput { input: None, data: Some(0x95d89b41) }, nonce: None, chain_id: None, access_list: None, transaction_type: None, blob_versioned_hashes: None, sidecar: None, authorization_list: None }, other: OtherFields {} }, Some(0x12b), None, None)
    Error: Execution error: execution reverted

eth_call

RPC request failed:
    Request: EthCall(WithOtherFields { inner: TransactionRequest { from: None, to: Some(Call(0xe8addd62fed354203d079926a8e563bc1a7fe81e)), gas_price: None, max_fee_per_gas: None, max_priority_fee_per_gas: None, max_fee_per_blob_gas: None, gas: None, value: None, input: TransactionInput { input: None, data: Some(0x313ce567) }, nonce: None, chain_id: None, access_list: None, transaction_type: None, blob_versioned_hashes: None, sidecar: None, authorization_list: None }, other: OtherFields {} }, Some(0x12b), None, None)
    Error: Execution error: execution reverted

eth_gasPrice
eth_blockNumber
eth_call
eth_call
eth_call
eth_call
eth_call
eth_call
eth_call
eth_call
eth_getBlockByNumber
eth_blockNumber
eth_getBalance
eth_blockNumber
eth_blockNumber
eth_blockNumber
eth_blockNumber
eth_blockNumber
eth_blockNumber
eth_blockNumber
eth_blockNumber
eth_blockNumber
eth_blockNumber
eth_blockNumber
eth_blockNumber
eth_blockNumber
eth_blockNumber
eth_blockNumber
eth_blockNumber
eth_blockNumber
eth_blockNumber
eth_blockNumber
eth_blockNumber
eth_blockNumber
eth_blockNumber
eth_blockNumber
eth_blockNumber
eth_blockNumber
eth_blockNumber
eth_call
eth_call
eth_call
eth_call
eth_call
eth_call
eth_call
eth_call
eth_call
eth_call
eth_call
eth_call
eth_call
eth_call
eth_getLogs
eth_call
eth_call
eth_call
eth_call
eth_call
eth_call
eth_call
eth_call
eth_call
eth_call
eth_call
eth_call
eth_blockNumber
eth_getCode
eth_getCode
eth_estimateGas
eth_blockNumber
eth_call

RPC request failed:
    Request: EthCall(WithOtherFields { inner: TransactionRequest { from: None, to: Some(Call(0x565798d98bc70b262210b693b1948226ae724146)), gas_price: None, max_fee_per_gas: None, max_priority_fee_per_gas: None, max_fee_per_blob_gas: None, gas: None, value: None, input: TransactionInput { input: None, data: Some(0x01ffc9a780ac58cd00000000000000000000000000000000000000000000000000000000) }, nonce: None, chain_id: None, access_list: None, transaction_type: None, blob_versioned_hashes: None, sidecar: None, authorization_list: None }, other: OtherFields {} }, Some(0x12b), None, None)
    Error: Execution error: execution reverted

eth_call

RPC request failed:
    Request: EthCall(WithOtherFields { inner: TransactionRequest { from: None, to: Some(Call(0x565798d98bc70b262210b693b1948226ae724146)), gas_price: None, max_fee_per_gas: None, max_priority_fee_per_gas: None, max_fee_per_blob_gas: None, gas: None, value: None, input: TransactionInput { input: None, data: Some(0x01ffc9a7d9b67a2600000000000000000000000000000000000000000000000000000000) }, nonce: None, chain_id: None, access_list: None, transaction_type: None, blob_versioned_hashes: None, sidecar: None, authorization_list: None }, other: OtherFields {} }, Some(0x12b), None, None)
    Error: Execution error: execution reverted

eth_call

RPC request failed:
    Request: EthCall(WithOtherFields { inner: TransactionRequest { from: None, to: Some(Call(0x565798d98bc70b262210b693b1948226ae724146)), gas_price: None, max_fee_per_gas: None, max_priority_fee_per_gas: None, max_fee_per_blob_gas: None, gas: None, value: None, input: TransactionInput { input: None, data: Some(0x95d89b41) }, nonce: None, chain_id: None, access_list: None, transaction_type: None, blob_versioned_hashes: None, sidecar: None, authorization_list: None }, other: OtherFields {} }, Some(0x12b), None, None)
    Error: Execution error: execution reverted

eth_call

RPC request failed:
    Request: EthCall(WithOtherFields { inner: TransactionRequest { from: None, to: Some(Call(0x565798d98bc70b262210b693b1948226ae724146)), gas_price: None, max_fee_per_gas: None, max_priority_fee_per_gas: None, max_fee_per_blob_gas: None, gas: None, value: None, input: TransactionInput { input: None, data: Some(0x313ce567) }, nonce: None, chain_id: None, access_list: None, transaction_type: None, blob_versioned_hashes: None, sidecar: None, authorization_list: None }, other: OtherFields {} }, Some(0x12b), None, None)
    Error: Execution error: execution reverted

eth_call

RPC request failed:
    Request: EthCall(WithOtherFields { inner: TransactionRequest { from: None, to: Some(Call(0x565798d98bc70b262210b693b1948226ae724146)), gas_price: None, max_fee_per_gas: None, max_priority_fee_per_gas: None, max_fee_per_blob_gas: None, gas: None, value: None, input: TransactionInput { input: None, data: Some(0x01ffc9a780ac58cd00000000000000000000000000000000000000000000000000000000) }, nonce: None, chain_id: None, access_list: None, transaction_type: None, blob_versioned_hashes: None, sidecar: None, authorization_list: None }, other: OtherFields {} }, Some(0x12b), None, None)
    Error: Execution error: execution reverted

eth_call

RPC request failed:
    Request: EthCall(WithOtherFields { inner: TransactionRequest { from: None, to: Some(Call(0x565798d98bc70b262210b693b1948226ae724146)), gas_price: None, max_fee_per_gas: None, max_priority_fee_per_gas: None, max_fee_per_blob_gas: None, gas: None, value: None, input: TransactionInput { input: None, data: Some(0x01ffc9a7d9b67a2600000000000000000000000000000000000000000000000000000000) }, nonce: None, chain_id: None, access_list: None, transaction_type: None, blob_versioned_hashes: None, sidecar: None, authorization_list: None }, other: OtherFields {} }, Some(0x12b), None, None)
    Error: Execution error: execution reverted

eth_call

RPC request failed:
    Request: EthCall(WithOtherFields { inner: TransactionRequest { from: None, to: Some(Call(0x565798d98bc70b262210b693b1948226ae724146)), gas_price: None, max_fee_per_gas: None, max_priority_fee_per_gas: None, max_fee_per_blob_gas: None, gas: None, value: None, input: TransactionInput { input: None, data: Some(0x95d89b41) }, nonce: None, chain_id: None, access_list: None, transaction_type: None, blob_versioned_hashes: None, sidecar: None, authorization_list: None }, other: OtherFields {} }, Some(0x12b), None, None)
    Error: Execution error: execution reverted

eth_call

RPC request failed:
    Request: EthCall(WithOtherFields { inner: TransactionRequest { from: None, to: Some(Call(0x565798d98bc70b262210b693b1948226ae724146)), gas_price: None, max_fee_per_gas: None, max_priority_fee_per_gas: None, max_fee_per_blob_gas: None, gas: None, value: None, input: TransactionInput { input: None, data: Some(0x313ce567) }, nonce: None, chain_id: None, access_list: None, transaction_type: None, blob_versioned_hashes: None, sidecar: None, authorization_list: None }, other: OtherFields {} }, Some(0x12b), None, None)
    Error: Execution error: execution reverted

eth_call

RPC request failed:
    Request: EthCall(WithOtherFields { inner: TransactionRequest { from: None, to: Some(Call(0x565798d98bc70b262210b693b1948226ae724146)), gas_price: None, max_fee_per_gas: None, max_priority_fee_per_gas: None, max_fee_per_blob_gas: None, gas: None, value: None, input: TransactionInput { input: None, data: Some(0x70a0823100000000000000000000000070997970c51812dc3a010c7d01b50e0d17dc79c8) }, nonce: None, chain_id: None, access_list: None, transaction_type: None, blob_versioned_hashes: None, sidecar: None, authorization_list: None }, other: OtherFields {} }, Some(0x12b), None, None)
    Error: Execution error: execution reverted

eth_call
eth_blockNumber

RPC request failed:
    Request: EthCall(WithOtherFields { inner: TransactionRequest { from: None, to: Some(Call(0x565798d98bc70b262210b693b1948226ae724146)), gas_price: None, max_fee_per_gas: None, max_priority_fee_per_gas: None, max_fee_per_blob_gas: None, gas: None, value: None, input: TransactionInput { input: None, data: Some(0x01ffc9a780ac58cd00000000000000000000000000000000000000000000000000000000) }, nonce: None, chain_id: None, access_list: None, transaction_type: None, blob_versioned_hashes: None, sidecar: None, authorization_list: None }, other: OtherFields {} }, Some(0x12b), None, None)
    Error: Execution error: execution reverted

eth_call

RPC request failed:
    Request: EthCall(WithOtherFields { inner: TransactionRequest { from: None, to: Some(Call(0x565798d98bc70b262210b693b1948226ae724146)), gas_price: None, max_fee_per_gas: None, max_priority_fee_per_gas: None, max_fee_per_blob_gas: None, gas: None, value: None, input: TransactionInput { input: None, data: Some(0x01ffc9a7d9b67a2600000000000000000000000000000000000000000000000000000000) }, nonce: None, chain_id: None, access_list: None, transaction_type: None, blob_versioned_hashes: None, sidecar: None, authorization_list: None }, other: OtherFields {} }, Some(0x12b), None, None)
    Error: Execution error: execution reverted

eth_call

RPC request failed:
    Request: EthCall(WithOtherFields { inner: TransactionRequest { from: None, to: Some(Call(0x565798d98bc70b262210b693b1948226ae724146)), gas_price: None, max_fee_per_gas: None, max_priority_fee_per_gas: None, max_fee_per_blob_gas: None, gas: None, value: None, input: TransactionInput { input: None, data: Some(0x95d89b41) }, nonce: None, chain_id: None, access_list: None, transaction_type: None, blob_versioned_hashes: None, sidecar: None, authorization_list: None }, other: OtherFields {} }, Some(0x12b), None, None)
    Error: Execution error: execution reverted

eth_call

RPC request failed:
    Request: EthCall(WithOtherFields { inner: TransactionRequest { from: None, to: Some(Call(0x565798d98bc70b262210b693b1948226ae724146)), gas_price: None, max_fee_per_gas: None, max_priority_fee_per_gas: None, max_fee_per_blob_gas: None, gas: None, value: None, input: TransactionInput { input: None, data: Some(0x313ce567) }, nonce: None, chain_id: None, access_list: None, transaction_type: None, blob_versioned_hashes: None, sidecar: None, authorization_list: None }, other: OtherFields {} }, Some(0x12b), None, None)
    Error: Execution error: execution reverted

eth_call

RPC request failed:
    Request: EthCall(WithOtherFields { inner: TransactionRequest { from: None, to: Some(Call(0x565798d98bc70b262210b693b1948226ae724146)), gas_price: None, max_fee_per_gas: None, max_priority_fee_per_gas: None, max_fee_per_blob_gas: None, gas: None, value: None, input: TransactionInput { input: None, data: Some(0x70a0823100000000000000000000000070997970c51812dc3a010c7d01b50e0d17dc79c8) }, nonce: None, chain_id: None, access_list: None, transaction_type: None, blob_versioned_hashes: None, sidecar: None, authorization_list: None }, other: OtherFields {} }, Some(0x12b), None, None)
    Error: Execution error: execution reverted

eth_blockNumber
eth_getTransactionCount
eth_sendRawTransaction

    Transaction: 0x16989d5705edb9ba2c527787c53d042543e2f2b76a0ed15c5eba05ab58b52129
    Gas used: 49138

    Block Number: 300
    Block Hash: 0xb6765e85db48989850e73c8daebcb3e0a48faf629b8509cf2bca25b822e4f8e5
    Block Time: "Wed, 8 Apr 2026 03:23:12 +0000"

eth_call

RPC request failed:
    Request: EthCall(WithOtherFields { inner: TransactionRequest { from: None, to: Some(Call(0x565798d98bc70b262210b693b1948226ae724146)), gas_price: None, max_fee_per_gas: None, max_priority_fee_per_gas: None, max_fee_per_blob_gas: None, gas: None, value: None, input: TransactionInput { input: None, data: Some(0x01ffc9a780ac58cd00000000000000000000000000000000000000000000000000000000) }, nonce: None, chain_id: None, access_list: None, transaction_type: None, blob_versioned_hashes: None, sidecar: None, authorization_list: None }, other: OtherFields {} }, Some(0x12b), None, None)
    Error: Execution error: execution reverted

eth_call

RPC request failed:
    Request: EthCall(WithOtherFields { inner: TransactionRequest { from: None, to: Some(Call(0x565798d98bc70b262210b693b1948226ae724146)), gas_price: None, max_fee_per_gas: None, max_priority_fee_per_gas: None, max_fee_per_blob_gas: None, gas: None, value: None, input: TransactionInput { input: None, data: Some(0x01ffc9a7d9b67a2600000000000000000000000000000000000000000000000000000000) }, nonce: None, chain_id: None, access_list: None, transaction_type: None, blob_versioned_hashes: None, sidecar: None, authorization_list: None }, other: OtherFields {} }, Some(0x12b), None, None)
    Error: Execution error: execution reverted

eth_getTransactionReceipt
eth_call

RPC request failed:
    Request: EthCall(WithOtherFields { inner: TransactionRequest { from: None, to: Some(Call(0x565798d98bc70b262210b693b1948226ae724146)), gas_price: None, max_fee_per_gas: None, max_priority_fee_per_gas: None, max_fee_per_blob_gas: None, gas: None, value: None, input: TransactionInput { input: None, data: Some(0x95d89b41) }, nonce: None, chain_id: None, access_list: None, transaction_type: None, blob_versioned_hashes: None, sidecar: None, authorization_list: None }, other: OtherFields {} }, Some(0x12b), None, None)
    Error: Execution error: execution reverted

eth_call
eth_call
eth_call
eth_call
eth_call
eth_call

RPC request failed:
    Request: EthCall(WithOtherFields { inner: TransactionRequest { from: None, to: Some(Call(0x565798d98bc70b262210b693b1948226ae724146)), gas_price: None, max_fee_per_gas: None, max_priority_fee_per_gas: None, max_fee_per_blob_gas: None, gas: None, value: None, input: TransactionInput { input: None, data: Some(0x313ce567) }, nonce: None, chain_id: None, access_list: None, transaction_type: None, blob_versioned_hashes: None, sidecar: None, authorization_list: None }, other: OtherFields {} }, Some(0x12b), None, None)
    Error: Execution error: execution reverted

eth_call
eth_call
eth_call
eth_call
eth_call
eth_call
eth_call
eth_call

RPC request failed:
    Request: EthCall(WithOtherFields { inner: TransactionRequest { from: None, to: None, gas_price: None, max_fee_per_gas: None, max_priority_fee_per_gas: None, max_fee_per_blob_gas: None, gas: None, value: None, input: TransactionInput { input: None, data: Some(0x95d89b41) }, nonce: None, chain_id: None, access_list: None, transaction_type: None, blob_versioned_hashes: None, sidecar: None, authorization_list: None }, other: OtherFields {} }, Some(0x12b), None, None)
    Error: Internal error: EVM error StackOverflow

eth_getTransactionReceipt
eth_blockNumber
eth_getBlockByHash
eth_blockNumber
eth_call

RPC request failed:
    Request: EthCall(WithOtherFields { inner: TransactionRequest { from: None, to: Some(Call(0x565798d98bc70b262210b693b1948226ae724146)), gas_price: None, max_fee_per_gas: None, max_priority_fee_per_gas: None, max_fee_per_blob_gas: None, gas: None, value: None, input: TransactionInput { input: None, data: Some(0x01ffc9a780ac58cd00000000000000000000000000000000000000000000000000000000) }, nonce: None, chain_id: None, access_list: None, transaction_type: None, blob_versioned_hashes: None, sidecar: None, authorization_list: None }, other: OtherFields {} }, Some(0x12c), None, None)
    Error: Execution error: execution reverted

eth_getBalance
eth_call

RPC request failed:
    Request: EthCall(WithOtherFields { inner: TransactionRequest { from: None, to: Some(Call(0x565798d98bc70b262210b693b1948226ae724146)), gas_price: None, max_fee_per_gas: None, max_priority_fee_per_gas: None, max_fee_per_blob_gas: None, gas: None, value: None, input: TransactionInput { input: None, data: Some(0x01ffc9a7d9b67a2600000000000000000000000000000000000000000000000000000000) }, nonce: None, chain_id: None, access_list: None, transaction_type: None, blob_versioned_hashes: None, sidecar: None, authorization_list: None }, other: OtherFields {} }, Some(0x12c), None, None)
    Error: Execution error: execution reverted

eth_blockNumber
eth_call

RPC request failed:
    Request: EthCall(WithOtherFields { inner: TransactionRequest { from: None, to: Some(Call(0x565798d98bc70b262210b693b1948226ae724146)), gas_price: None, max_fee_per_gas: None, max_priority_fee_per_gas: None, max_fee_per_blob_gas: None, gas: None, value: None, input: TransactionInput { input: None, data: Some(0x95d89b41) }, nonce: None, chain_id: None, access_list: None, transaction_type: None, blob_versioned_hashes: None, sidecar: None, authorization_list: None }, other: OtherFields {} }, Some(0x12c), None, None)
    Error: Execution error: execution reverted

eth_call

RPC request failed:
    Request: EthCall(WithOtherFields { inner: TransactionRequest { from: None, to: Some(Call(0x565798d98bc70b262210b693b1948226ae724146)), gas_price: None, max_fee_per_gas: None, max_priority_fee_per_gas: None, max_fee_per_blob_gas: None, gas: None, value: None, input: TransactionInput { input: None, data: Some(0x313ce567) }, nonce: None, chain_id: None, access_list: None, transaction_type: None, blob_versioned_hashes: None, sidecar: None, authorization_list: None }, other: OtherFields {} }, Some(0x12c), None, None)
    Error: Execution error: execution reverted

eth_gasPrice
eth_getCode
eth_getCode
eth_getBlockByNumber
eth_estimateGas
eth_blockNumber
eth_call

RPC request failed:
    Request: EthCall(WithOtherFields { inner: TransactionRequest { from: None, to: Some(Call(0x38b754262f1f4c4a7177dad5424c056f7b6c154b)), gas_price: None, max_fee_per_gas: None, max_priority_fee_per_gas: None, max_fee_per_blob_gas: None, gas: None, value: None, input: TransactionInput { input: None, data: Some(0x01ffc9a780ac58cd00000000000000000000000000000000000000000000000000000000) }, nonce: None, chain_id: None, access_list: None, transaction_type: None, blob_versioned_hashes: None, sidecar: None, authorization_list: None }, other: OtherFields {} }, Some(0x12c), None, None)
    Error: Execution error: execution reverted

eth_call

RPC request failed:
    Request: EthCall(WithOtherFields { inner: TransactionRequest { from: None, to: Some(Call(0x38b754262f1f4c4a7177dad5424c056f7b6c154b)), gas_price: None, max_fee_per_gas: None, max_priority_fee_per_gas: None, max_fee_per_blob_gas: None, gas: None, value: None, input: TransactionInput { input: None, data: Some(0x01ffc9a7d9b67a2600000000000000000000000000000000000000000000000000000000) }, nonce: None, chain_id: None, access_list: None, transaction_type: None, blob_versioned_hashes: None, sidecar: None, authorization_list: None }, other: OtherFields {} }, Some(0x12c), None, None)
    Error: Execution error: execution reverted

eth_call

RPC request failed:
    Request: EthCall(WithOtherFields { inner: TransactionRequest { from: None, to: Some(Call(0x38b754262f1f4c4a7177dad5424c056f7b6c154b)), gas_price: None, max_fee_per_gas: None, max_priority_fee_per_gas: None, max_fee_per_blob_gas: None, gas: None, value: None, input: TransactionInput { input: None, data: Some(0x95d89b41) }, nonce: None, chain_id: None, access_list: None, transaction_type: None, blob_versioned_hashes: None, sidecar: None, authorization_list: None }, other: OtherFields {} }, Some(0x12c), None, None)
    Error: Execution error: execution reverted

eth_call

RPC request failed:
    Request: EthCall(WithOtherFields { inner: TransactionRequest { from: None, to: Some(Call(0x38b754262f1f4c4a7177dad5424c056f7b6c154b)), gas_price: None, max_fee_per_gas: None, max_priority_fee_per_gas: None, max_fee_per_blob_gas: None, gas: None, value: None, input: TransactionInput { input: None, data: Some(0x313ce567) }, nonce: None, chain_id: None, access_list: None, transaction_type: None, blob_versioned_hashes: None, sidecar: None, authorization_list: None }, other: OtherFields {} }, Some(0x12c), None, None)
    Error: Execution error: execution reverted

eth_call

RPC request failed:
    Request: EthCall(WithOtherFields { inner: TransactionRequest { from: None, to: Some(Call(0x38b754262f1f4c4a7177dad5424c056f7b6c154b)), gas_price: None, max_fee_per_gas: None, max_priority_fee_per_gas: None, max_fee_per_blob_gas: None, gas: None, value: None, input: TransactionInput { input: None, data: Some(0x01ffc9a780ac58cd00000000000000000000000000000000000000000000000000000000) }, nonce: None, chain_id: None, access_list: None, transaction_type: None, blob_versioned_hashes: None, sidecar: None, authorization_list: None }, other: OtherFields {} }, Some(0x12c), None, None)
    Error: Execution error: execution reverted

eth_call

RPC request failed:
    Request: EthCall(WithOtherFields { inner: TransactionRequest { from: None, to: Some(Call(0x38b754262f1f4c4a7177dad5424c056f7b6c154b)), gas_price: None, max_fee_per_gas: None, max_priority_fee_per_gas: None, max_fee_per_blob_gas: None, gas: None, value: None, input: TransactionInput { input: None, data: Some(0x01ffc9a7d9b67a2600000000000000000000000000000000000000000000000000000000) }, nonce: None, chain_id: None, access_list: None, transaction_type: None, blob_versioned_hashes: None, sidecar: None, authorization_list: None }, other: OtherFields {} }, Some(0x12c), None, None)
    Error: Execution error: execution reverted

eth_call

RPC request failed:
    Request: EthCall(WithOtherFields { inner: TransactionRequest { from: None, to: Some(Call(0x38b754262f1f4c4a7177dad5424c056f7b6c154b)), gas_price: None, max_fee_per_gas: None, max_priority_fee_per_gas: None, max_fee_per_blob_gas: None, gas: None, value: None, input: TransactionInput { input: None, data: Some(0x95d89b41) }, nonce: None, chain_id: None, access_list: None, transaction_type: None, blob_versioned_hashes: None, sidecar: None, authorization_list: None }, other: OtherFields {} }, Some(0x12c), None, None)
    Error: Execution error: execution reverted

eth_call

RPC request failed:
    Request: EthCall(WithOtherFields { inner: TransactionRequest { from: None, to: Some(Call(0x38b754262f1f4c4a7177dad5424c056f7b6c154b)), gas_price: None, max_fee_per_gas: None, max_priority_fee_per_gas: None, max_fee_per_blob_gas: None, gas: None, value: None, input: TransactionInput { input: None, data: Some(0x313ce567) }, nonce: None, chain_id: None, access_list: None, transaction_type: None, blob_versioned_hashes: None, sidecar: None, authorization_list: None }, other: OtherFields {} }, Some(0x12c), None, None)
    Error: Execution error: execution reverted

eth_call

RPC request failed:
    Request: EthCall(WithOtherFields { inner: TransactionRequest { from: None, to: Some(Call(0x38b754262f1f4c4a7177dad5424c056f7b6c154b)), gas_price: None, max_fee_per_gas: None, max_priority_fee_per_gas: None, max_fee_per_blob_gas: None, gas: None, value: None, input: TransactionInput { input: None, data: Some(0x70a0823100000000000000000000000070997970c51812dc3a010c7d01b50e0d17dc79c8) }, nonce: None, chain_id: None, access_list: None, transaction_type: None, blob_versioned_hashes: None, sidecar: None, authorization_list: None }, other: OtherFields {} }, Some(0x12c), None, None)
    Error: Execution error: execution reverted

eth_call

RPC request failed:
    Request: EthCall(WithOtherFields { inner: TransactionRequest { from: None, to: Some(Call(0x38b754262f1f4c4a7177dad5424c056f7b6c154b)), gas_price: None, max_fee_per_gas: None, max_priority_fee_per_gas: None, max_fee_per_blob_gas: None, gas: None, value: None, input: TransactionInput { input: None, data: Some(0x01ffc9a780ac58cd00000000000000000000000000000000000000000000000000000000) }, nonce: None, chain_id: None, access_list: None, transaction_type: None, blob_versioned_hashes: None, sidecar: None, authorization_list: None }, other: OtherFields {} }, Some(0x12c), None, None)
    Error: Execution error: execution reverted

eth_blockNumber
eth_call

RPC request failed:
    Request: EthCall(WithOtherFields { inner: TransactionRequest { from: None, to: Some(Call(0x38b754262f1f4c4a7177dad5424c056f7b6c154b)), gas_price: None, max_fee_per_gas: None, max_priority_fee_per_gas: None, max_fee_per_blob_gas: None, gas: None, value: None, input: TransactionInput { input: None, data: Some(0x01ffc9a7d9b67a2600000000000000000000000000000000000000000000000000000000) }, nonce: None, chain_id: None, access_list: None, transaction_type: None, blob_versioned_hashes: None, sidecar: None, authorization_list: None }, other: OtherFields {} }, Some(0x12c), None, None)
    Error: Execution error: execution reverted

eth_call

RPC request failed:
    Request: EthCall(WithOtherFields { inner: TransactionRequest { from: None, to: Some(Call(0x38b754262f1f4c4a7177dad5424c056f7b6c154b)), gas_price: None, max_fee_per_gas: None, max_priority_fee_per_gas: None, max_fee_per_blob_gas: None, gas: None, value: None, input: TransactionInput { input: None, data: Some(0x95d89b41) }, nonce: None, chain_id: None, access_list: None, transaction_type: None, blob_versioned_hashes: None, sidecar: None, authorization_list: None }, other: OtherFields {} }, Some(0x12c), None, None)
    Error: Execution error: execution reverted

eth_call

RPC request failed:
    Request: EthCall(WithOtherFields { inner: TransactionRequest { from: None, to: Some(Call(0x38b754262f1f4c4a7177dad5424c056f7b6c154b)), gas_price: None, max_fee_per_gas: None, max_priority_fee_per_gas: None, max_fee_per_blob_gas: None, gas: None, value: None, input: TransactionInput { input: None, data: Some(0x313ce567) }, nonce: None, chain_id: None, access_list: None, transaction_type: None, blob_versioned_hashes: None, sidecar: None, authorization_list: None }, other: OtherFields {} }, Some(0x12c), None, None)
    Error: Execution error: execution reverted

eth_call

RPC request failed:
    Request: EthCall(WithOtherFields { inner: TransactionRequest { from: None, to: Some(Call(0x38b754262f1f4c4a7177dad5424c056f7b6c154b)), gas_price: None, max_fee_per_gas: None, max_priority_fee_per_gas: None, max_fee_per_blob_gas: None, gas: None, value: None, input: TransactionInput { input: None, data: Some(0x70a0823100000000000000000000000070997970c51812dc3a010c7d01b50e0d17dc79c8) }, nonce: None, chain_id: None, access_list: None, transaction_type: None, blob_versioned_hashes: None, sidecar: None, authorization_list: None }, other: OtherFields {} }, Some(0x12c), None, None)
    Error: Execution error: execution reverted

eth_getTransactionCount
eth_sendRawTransaction

    Transaction: 0x8868643f0a01d9842864eed6954d6723c96e4da05d98562cda0c6eb7d0621db5
    Gas used: 52359

    Block Number: 301
    Block Hash: 0xb4ed08fb83f7a4f26d09cc8e38ba7700440bfbc0c04036562686ccb2a0e86d54
    Block Time: "Wed, 8 Apr 2026 03:23:20 +0000"

eth_call

RPC request failed:
    Request: EthCall(WithOtherFields { inner: TransactionRequest { from: None, to: Some(Call(0x38b754262f1f4c4a7177dad5424c056f7b6c154b)), gas_price: None, max_fee_per_gas: None, max_priority_fee_per_gas: None, max_fee_per_blob_gas: None, gas: None, value: None, input: TransactionInput { input: None, data: Some(0x01ffc9a780ac58cd00000000000000000000000000000000000000000000000000000000) }, nonce: None, chain_id: None, access_list: None, transaction_type: None, blob_versioned_hashes: None, sidecar: None, authorization_list: None }, other: OtherFields {} }, Some(0x12c), None, None)
    Error: Execution error: execution reverted

eth_call

RPC request failed:
    Request: EthCall(WithOtherFields { inner: TransactionRequest { from: None, to: Some(Call(0x38b754262f1f4c4a7177dad5424c056f7b6c154b)), gas_price: None, max_fee_per_gas: None, max_priority_fee_per_gas: None, max_fee_per_blob_gas: None, gas: None, value: None, input: TransactionInput { input: None, data: Some(0x01ffc9a7d9b67a2600000000000000000000000000000000000000000000000000000000) }, nonce: None, chain_id: None, access_list: None, transaction_type: None, blob_versioned_hashes: None, sidecar: None, authorization_list: None }, other: OtherFields {} }, Some(0x12c), None, None)
    Error: Execution error: execution reverted

eth_getTransactionReceipt
eth_call
eth_call

RPC request failed:
    Request: EthCall(WithOtherFields { inner: TransactionRequest { from: None, to: Some(Call(0x38b754262f1f4c4a7177dad5424c056f7b6c154b)), gas_price: None, max_fee_per_gas: None, max_priority_fee_per_gas: None, max_fee_per_blob_gas: None, gas: None, value: None, input: TransactionInput { input: None, data: Some(0x95d89b41) }, nonce: None, chain_id: None, access_list: None, transaction_type: None, blob_versioned_hashes: None, sidecar: None, authorization_list: None }, other: OtherFields {} }, Some(0x12c), None, None)
    Error: Execution error: execution reverted

eth_call
eth_call

RPC request failed:
    Request: EthCall(WithOtherFields { inner: TransactionRequest { from: None, to: Some(Call(0x38b754262f1f4c4a7177dad5424c056f7b6c154b)), gas_price: None, max_fee_per_gas: None, max_priority_fee_per_gas: None, max_fee_per_blob_gas: None, gas: None, value: None, input: TransactionInput { input: None, data: Some(0x313ce567) }, nonce: None, chain_id: None, access_list: None, transaction_type: None, blob_versioned_hashes: None, sidecar: None, authorization_list: None }, other: OtherFields {} }, Some(0x12c), None, None)
    Error: Execution error: execution reverted

eth_call
eth_call
eth_call
eth_call
eth_call
eth_call
eth_call
eth_call
eth_call
eth_call
eth_call

RPC request failed:
    Request: EthCall(WithOtherFields { inner: TransactionRequest { from: None, to: None, gas_price: None, max_fee_per_gas: None, max_priority_fee_per_gas: None, max_fee_per_blob_gas: None, gas: None, value: None, input: TransactionInput { input: None, data: Some(0x95d89b41) }, nonce: None, chain_id: None, access_list: None, transaction_type: None, blob_versioned_hashes: None, sidecar: None, authorization_list: None }, other: OtherFields {} }, Some(0x12c), None, None)
    Error: Internal error: EVM error StackOverflow

eth_call

RPC request failed:
    Request: EthCall(WithOtherFields { inner: TransactionRequest { from: None, to: None, gas_price: None, max_fee_per_gas: None, max_priority_fee_per_gas: None, max_fee_per_blob_gas: None, gas: None, value: None, input: TransactionInput { input: None, data: Some(0x95d89b41) }, nonce: None, chain_id: None, access_list: None, transaction_type: None, blob_versioned_hashes: None, sidecar: None, authorization_list: None }, other: OtherFields {} }, Some(0x12c), None, None)
    Error: Internal error: EVM error StackOverflow

eth_getTransactionReceipt
eth_blockNumber
eth_getBlockByHash
eth_blockNumber
eth_call

RPC request failed:
    Request: EthCall(WithOtherFields { inner: TransactionRequest { from: None, to: Some(Call(0x38b754262f1f4c4a7177dad5424c056f7b6c154b)), gas_price: None, max_fee_per_gas: None, max_priority_fee_per_gas: None, max_fee_per_blob_gas: None, gas: None, value: None, input: TransactionInput { input: None, data: Some(0x01ffc9a780ac58cd00000000000000000000000000000000000000000000000000000000) }, nonce: None, chain_id: None, access_list: None, transaction_type: None, blob_versioned_hashes: None, sidecar: None, authorization_list: None }, other: OtherFields {} }, Some(0x12d), None, None)
    Error: Execution error: execution reverted

eth_getBalance
eth_call

RPC request failed:
    Request: EthCall(WithOtherFields { inner: TransactionRequest { from: None, to: Some(Call(0x38b754262f1f4c4a7177dad5424c056f7b6c154b)), gas_price: None, max_fee_per_gas: None, max_priority_fee_per_gas: None, max_fee_per_blob_gas: None, gas: None, value: None, input: TransactionInput { input: None, data: Some(0x01ffc9a7d9b67a2600000000000000000000000000000000000000000000000000000000) }, nonce: None, chain_id: None, access_list: None, transaction_type: None, blob_versioned_hashes: None, sidecar: None, authorization_list: None }, other: OtherFields {} }, Some(0x12d), None, None)
    Error: Execution error: execution reverted

eth_blockNumber
eth_call

RPC request failed:
    Request: EthCall(WithOtherFields { inner: TransactionRequest { from: None, to: Some(Call(0x38b754262f1f4c4a7177dad5424c056f7b6c154b)), gas_price: None, max_fee_per_gas: None, max_priority_fee_per_gas: None, max_fee_per_blob_gas: None, gas: None, value: None, input: TransactionInput { input: None, data: Some(0x95d89b41) }, nonce: None, chain_id: None, access_list: None, transaction_type: None, blob_versioned_hashes: None, sidecar: None, authorization_list: None }, other: OtherFields {} }, Some(0x12d), None, None)
    Error: Execution error: execution reverted

eth_call

RPC request failed:
    Request: EthCall(WithOtherFields { inner: TransactionRequest { from: None, to: Some(Call(0x38b754262f1f4c4a7177dad5424c056f7b6c154b)), gas_price: None, max_fee_per_gas: None, max_priority_fee_per_gas: None, max_fee_per_blob_gas: None, gas: None, value: None, input: TransactionInput { input: None, data: Some(0x313ce567) }, nonce: None, chain_id: None, access_list: None, transaction_type: None, blob_versioned_hashes: None, sidecar: None, authorization_list: None }, other: OtherFields {} }, Some(0x12d), None, None)
    Error: Execution error: execution reverted

eth_gasPrice
eth_blockNumber
eth_blockNumber
eth_blockNumber
eth_blockNumber
eth_blockNumber
eth_blockNumber
eth_blockNumber
eth_blockNumber
eth_call
eth_call
eth_call
eth_call
eth_call
eth_call
eth_call
eth_call
eth_call
eth_call
eth_call
eth_call
eth_call
eth_getTransactionReceipt
eth_blockNumber
eth_blockNumber
eth_blockNumber
eth_blockNumber
eth_blockNumber
eth_blockNumber
eth_blockNumber
eth_blockNumber
eth_blockNumber
eth_blockNumber
eth_blockNumber
eth_blockNumber
eth_blockNumber
eth_blockNumber
eth_blockNumber
eth_blockNumber
eth_blockNumber
eth_blockNumber
eth_blockNumber
eth_blockNumber
eth_blockNumber
eth_blockNumber
eth_getTransactionReceipt
eth_call
eth_call
eth_call
eth_call
eth_call
eth_call
eth_call
eth_call
eth_call
eth_call
eth_call
eth_call
eth_call
eth_blockNumber
eth_blockNumber
eth_blockNumber
eth_blockNumber
eth_blockNumber
eth_blockNumber
eth_getLogs
eth_call
eth_call
eth_call
eth_call
eth_call
eth_call
eth_call
eth_call
eth_call
eth_call
eth_call
eth_call
eth_call
eth_call
eth_call
eth_call
eth_call
eth_call
eth_call
eth_call
eth_call
eth_call
eth_call
eth_call
eth_call
eth_call
eth_getLogs
eth_call
eth_call
eth_call
eth_call
eth_call
eth_call
eth_call
eth_call
eth_call
eth_call
eth_call
eth_call
eth_call
eth_blockNumber
eth_blockNumber
eth_call
eth_call
eth_call
eth_call
eth_call
eth_call
eth_call
eth_call
eth_call
eth_call
eth_call
eth_call
eth_call
eth_blockNumber
eth_blockNumber
eth_blockNumber
eth_call
eth_call
eth_call
eth_call
eth_call
eth_call
eth_call
eth_call
eth_call
eth_call
eth_call
eth_call
eth_call
eth_blockNumber
eth_blockNumber
eth_call
eth_call
eth_call
eth_call
eth_call
eth_call
eth_call
eth_call
eth_getBlockByNumber
eth_blockNumber
eth_getBalance
eth_blockNumber
eth_blockNumber
eth_getCode
eth_getCode
eth_estimateGas
eth_blockNumber
eth_call

RPC request failed:
    Request: EthCall(WithOtherFields { inner: TransactionRequest { from: None, to: Some(Call(0xe8addd62fed354203d079926a8e563bc1a7fe81e)), gas_price: None, max_fee_per_gas: None, max_priority_fee_per_gas: None, max_fee_per_blob_gas: None, gas: None, value: None, input: TransactionInput { input: None, data: Some(0x01ffc9a780ac58cd00000000000000000000000000000000000000000000000000000000) }, nonce: None, chain_id: None, access_list: None, transaction_type: None, blob_versioned_hashes: None, sidecar: None, authorization_list: None }, other: OtherFields {} }, Some(0x12d), None, None)
    Error: Execution error: execution reverted

eth_call

RPC request failed:
    Request: EthCall(WithOtherFields { inner: TransactionRequest { from: None, to: Some(Call(0xe8addd62fed354203d079926a8e563bc1a7fe81e)), gas_price: None, max_fee_per_gas: None, max_priority_fee_per_gas: None, max_fee_per_blob_gas: None, gas: None, value: None, input: TransactionInput { input: None, data: Some(0x01ffc9a7d9b67a2600000000000000000000000000000000000000000000000000000000) }, nonce: None, chain_id: None, access_list: None, transaction_type: None, blob_versioned_hashes: None, sidecar: None, authorization_list: None }, other: OtherFields {} }, Some(0x12d), None, None)
    Error: Execution error: execution reverted

eth_call

RPC request failed:
    Request: EthCall(WithOtherFields { inner: TransactionRequest { from: None, to: Some(Call(0xe8addd62fed354203d079926a8e563bc1a7fe81e)), gas_price: None, max_fee_per_gas: None, max_priority_fee_per_gas: None, max_fee_per_blob_gas: None, gas: None, value: None, input: TransactionInput { input: None, data: Some(0x95d89b41) }, nonce: None, chain_id: None, access_list: None, transaction_type: None, blob_versioned_hashes: None, sidecar: None, authorization_list: None }, other: OtherFields {} }, Some(0x12d), None, None)
    Error: Execution error: execution reverted

eth_call

RPC request failed:
    Request: EthCall(WithOtherFields { inner: TransactionRequest { from: None, to: Some(Call(0xe8addd62fed354203d079926a8e563bc1a7fe81e)), gas_price: None, max_fee_per_gas: None, max_priority_fee_per_gas: None, max_fee_per_blob_gas: None, gas: None, value: None, input: TransactionInput { input: None, data: Some(0x313ce567) }, nonce: None, chain_id: None, access_list: None, transaction_type: None, blob_versioned_hashes: None, sidecar: None, authorization_list: None }, other: OtherFields {} }, Some(0x12d), None, None)
    Error: Execution error: execution reverted

eth_call

RPC request failed:
    Request: EthCall(WithOtherFields { inner: TransactionRequest { from: None, to: Some(Call(0xe8addd62fed354203d079926a8e563bc1a7fe81e)), gas_price: None, max_fee_per_gas: None, max_priority_fee_per_gas: None, max_fee_per_blob_gas: None, gas: None, value: None, input: TransactionInput { input: None, data: Some(0x01ffc9a780ac58cd00000000000000000000000000000000000000000000000000000000) }, nonce: None, chain_id: None, access_list: None, transaction_type: None, blob_versioned_hashes: None, sidecar: None, authorization_list: None }, other: OtherFields {} }, Some(0x12d), None, None)
    Error: Execution error: execution reverted

eth_call

RPC request failed:
    Request: EthCall(WithOtherFields { inner: TransactionRequest { from: None, to: Some(Call(0xe8addd62fed354203d079926a8e563bc1a7fe81e)), gas_price: None, max_fee_per_gas: None, max_priority_fee_per_gas: None, max_fee_per_blob_gas: None, gas: None, value: None, input: TransactionInput { input: None, data: Some(0x01ffc9a7d9b67a2600000000000000000000000000000000000000000000000000000000) }, nonce: None, chain_id: None, access_list: None, transaction_type: None, blob_versioned_hashes: None, sidecar: None, authorization_list: None }, other: OtherFields {} }, Some(0x12d), None, None)
    Error: Execution error: execution reverted

eth_call

RPC request failed:
    Request: EthCall(WithOtherFields { inner: TransactionRequest { from: None, to: Some(Call(0xe8addd62fed354203d079926a8e563bc1a7fe81e)), gas_price: None, max_fee_per_gas: None, max_priority_fee_per_gas: None, max_fee_per_blob_gas: None, gas: None, value: None, input: TransactionInput { input: None, data: Some(0x95d89b41) }, nonce: None, chain_id: None, access_list: None, transaction_type: None, blob_versioned_hashes: None, sidecar: None, authorization_list: None }, other: OtherFields {} }, Some(0x12d), None, None)
    Error: Execution error: execution reverted

eth_call

RPC request failed:
    Request: EthCall(WithOtherFields { inner: TransactionRequest { from: None, to: Some(Call(0xe8addd62fed354203d079926a8e563bc1a7fe81e)), gas_price: None, max_fee_per_gas: None, max_priority_fee_per_gas: None, max_fee_per_blob_gas: None, gas: None, value: None, input: TransactionInput { input: None, data: Some(0x313ce567) }, nonce: None, chain_id: None, access_list: None, transaction_type: None, blob_versioned_hashes: None, sidecar: None, authorization_list: None }, other: OtherFields {} }, Some(0x12d), None, None)
    Error: Execution error: execution reverted

eth_call

RPC request failed:
    Request: EthCall(WithOtherFields { inner: TransactionRequest { from: None, to: Some(Call(0xe8addd62fed354203d079926a8e563bc1a7fe81e)), gas_price: None, max_fee_per_gas: None, max_priority_fee_per_gas: None, max_fee_per_blob_gas: None, gas: None, value: None, input: TransactionInput { input: None, data: Some(0x70a08231000000000000000000000000f39fd6e51aad88f6f4ce6ab8827279cfffb92266) }, nonce: None, chain_id: None, access_list: None, transaction_type: None, blob_versioned_hashes: None, sidecar: None, authorization_list: None }, other: OtherFields {} }, Some(0x12d), None, None)
    Error: Execution error: execution reverted

eth_call

RPC request failed:
    Request: EthCall(WithOtherFields { inner: TransactionRequest { from: None, to: Some(Call(0xe8addd62fed354203d079926a8e563bc1a7fe81e)), gas_price: None, max_fee_per_gas: None, max_priority_fee_per_gas: None, max_fee_per_blob_gas: None, gas: None, value: None, input: TransactionInput { input: None, data: Some(0x01ffc9a780ac58cd00000000000000000000000000000000000000000000000000000000) }, nonce: None, chain_id: None, access_list: None, transaction_type: None, blob_versioned_hashes: None, sidecar: None, authorization_list: None }, other: OtherFields {} }, Some(0x12d), None, None)
    Error: Execution error: execution reverted

eth_call

RPC request failed:
    Request: EthCall(WithOtherFields { inner: TransactionRequest { from: None, to: Some(Call(0xe8addd62fed354203d079926a8e563bc1a7fe81e)), gas_price: None, max_fee_per_gas: None, max_priority_fee_per_gas: None, max_fee_per_blob_gas: None, gas: None, value: None, input: TransactionInput { input: None, data: Some(0x01ffc9a7d9b67a2600000000000000000000000000000000000000000000000000000000) }, nonce: None, chain_id: None, access_list: None, transaction_type: None, blob_versioned_hashes: None, sidecar: None, authorization_list: None }, other: OtherFields {} }, Some(0x12d), None, None)
    Error: Execution error: execution reverted

eth_blockNumber
eth_call

RPC request failed:
    Request: EthCall(WithOtherFields { inner: TransactionRequest { from: None, to: Some(Call(0xe8addd62fed354203d079926a8e563bc1a7fe81e)), gas_price: None, max_fee_per_gas: None, max_priority_fee_per_gas: None, max_fee_per_blob_gas: None, gas: None, value: None, input: TransactionInput { input: None, data: Some(0x95d89b41) }, nonce: None, chain_id: None, access_list: None, transaction_type: None, blob_versioned_hashes: None, sidecar: None, authorization_list: None }, other: OtherFields {} }, Some(0x12d), None, None)
    Error: Execution error: execution reverted

eth_call

RPC request failed:
    Request: EthCall(WithOtherFields { inner: TransactionRequest { from: None, to: Some(Call(0xe8addd62fed354203d079926a8e563bc1a7fe81e)), gas_price: None, max_fee_per_gas: None, max_priority_fee_per_gas: None, max_fee_per_blob_gas: None, gas: None, value: None, input: TransactionInput { input: None, data: Some(0x313ce567) }, nonce: None, chain_id: None, access_list: None, transaction_type: None, blob_versioned_hashes: None, sidecar: None, authorization_list: None }, other: OtherFields {} }, Some(0x12d), None, None)
    Error: Execution error: execution reverted

eth_call

RPC request failed:
    Request: EthCall(WithOtherFields { inner: TransactionRequest { from: None, to: Some(Call(0xe8addd62fed354203d079926a8e563bc1a7fe81e)), gas_price: None, max_fee_per_gas: None, max_priority_fee_per_gas: None, max_fee_per_blob_gas: None, gas: None, value: None, input: TransactionInput { input: None, data: Some(0x70a08231000000000000000000000000f39fd6e51aad88f6f4ce6ab8827279cfffb92266) }, nonce: None, chain_id: None, access_list: None, transaction_type: None, blob_versioned_hashes: None, sidecar: None, authorization_list: None }, other: OtherFields {} }, Some(0x12d), None, None)
    Error: Execution error: execution reverted

eth_getTransactionCount
eth_sendRawTransaction
eth_call

RPC request failed:
    Request: EthCall(WithOtherFields { inner: TransactionRequest { from: None, to: Some(Call(0xe8addd62fed354203d079926a8e563bc1a7fe81e)), gas_price: None, max_fee_per_gas: None, max_priority_fee_per_gas: None, max_fee_per_blob_gas: None, gas: None, value: None, input: TransactionInput { input: None, data: Some(0x01ffc9a780ac58cd00000000000000000000000000000000000000000000000000000000) }, nonce: None, chain_id: None, access_list: None, transaction_type: None, blob_versioned_hashes: None, sidecar: None, authorization_list: None }, other: OtherFields {} }, Some(0x12d), None, None)
    Error: Execution error: execution reverted


    Transaction: 0xe4be8af2e8d7fa7c09f6b447e3446a47363aa2a329e5ccc229c74cb8c9592b91
    Gas used: 4462268

    Block Number: 302
    Block Hash: 0x1a3d05e2bfe859a3b12f5af1ff0dee229999239e8065e0e33466a642ae36475c
    Block Time: "Wed, 8 Apr 2026 03:45:04 +0000"

eth_call

RPC request failed:
    Request: EthCall(WithOtherFields { inner: TransactionRequest { from: None, to: Some(Call(0xe8addd62fed354203d079926a8e563bc1a7fe81e)), gas_price: None, max_fee_per_gas: None, max_priority_fee_per_gas: None, max_fee_per_blob_gas: None, gas: None, value: None, input: TransactionInput { input: None, data: Some(0x01ffc9a7d9b67a2600000000000000000000000000000000000000000000000000000000) }, nonce: None, chain_id: None, access_list: None, transaction_type: None, blob_versioned_hashes: None, sidecar: None, authorization_list: None }, other: OtherFields {} }, Some(0x12d), None, None)
    Error: Execution error: execution reverted

eth_call

RPC request failed:
    Request: EthCall(WithOtherFields { inner: TransactionRequest { from: None, to: Some(Call(0xe8addd62fed354203d079926a8e563bc1a7fe81e)), gas_price: None, max_fee_per_gas: None, max_priority_fee_per_gas: None, max_fee_per_blob_gas: None, gas: None, value: None, input: TransactionInput { input: None, data: Some(0x95d89b41) }, nonce: None, chain_id: None, access_list: None, transaction_type: None, blob_versioned_hashes: None, sidecar: None, authorization_list: None }, other: OtherFields {} }, Some(0x12d), None, None)
    Error: Execution error: execution reverted

eth_call

RPC request failed:
    Request: EthCall(WithOtherFields { inner: TransactionRequest { from: None, to: Some(Call(0xe8addd62fed354203d079926a8e563bc1a7fe81e)), gas_price: None, max_fee_per_gas: None, max_priority_fee_per_gas: None, max_fee_per_blob_gas: None, gas: None, value: None, input: TransactionInput { input: None, data: Some(0x313ce567) }, nonce: None, chain_id: None, access_list: None, transaction_type: None, blob_versioned_hashes: None, sidecar: None, authorization_list: None }, other: OtherFields {} }, Some(0x12d), None, None)
    Error: Execution error: execution reverted

eth_getTransactionReceipt
eth_call

RPC request failed:
    Request: EthCall(WithOtherFields { inner: TransactionRequest { from: None, to: None, gas_price: None, max_fee_per_gas: None, max_priority_fee_per_gas: None, max_fee_per_blob_gas: None, gas: None, value: None, input: TransactionInput { input: None, data: Some(0x95d89b41) }, nonce: None, chain_id: None, access_list: None, transaction_type: None, blob_versioned_hashes: None, sidecar: None, authorization_list: None }, other: OtherFields {} }, Some(0x12d), None, None)
    Error: Internal error: EVM error StackOverflow

eth_call

RPC request failed:
    Request: EthCall(WithOtherFields { inner: TransactionRequest { from: None, to: None, gas_price: None, max_fee_per_gas: None, max_priority_fee_per_gas: None, max_fee_per_blob_gas: None, gas: None, value: None, input: TransactionInput { input: None, data: Some(0x95d89b41) }, nonce: None, chain_id: None, access_list: None, transaction_type: None, blob_versioned_hashes: None, sidecar: None, authorization_list: None }, other: OtherFields {} }, Some(0x12d), None, None)
    Error: Internal error: EVM error StackOverflow

eth_getLogs
eth_call
eth_getLogs
eth_call
eth_call
eth_call
eth_call
eth_call
eth_call
eth_call
eth_call
eth_call
eth_call
eth_call
eth_call
eth_call
eth_call
eth_call
eth_getTransactionReceipt
eth_blockNumber
eth_getBlockByHash
eth_blockNumber
eth_call

RPC request failed:
    Request: EthCall(WithOtherFields { inner: TransactionRequest { from: None, to: Some(Call(0xe8addd62fed354203d079926a8e563bc1a7fe81e)), gas_price: None, max_fee_per_gas: None, max_priority_fee_per_gas: None, max_fee_per_blob_gas: None, gas: None, value: None, input: TransactionInput { input: None, data: Some(0x01ffc9a780ac58cd00000000000000000000000000000000000000000000000000000000) }, nonce: None, chain_id: None, access_list: None, transaction_type: None, blob_versioned_hashes: None, sidecar: None, authorization_list: None }, other: OtherFields {} }, Some(0x12e), None, None)
    Error: Execution error: execution reverted

eth_getBalance
eth_call

RPC request failed:
    Request: EthCall(WithOtherFields { inner: TransactionRequest { from: None, to: Some(Call(0xe8addd62fed354203d079926a8e563bc1a7fe81e)), gas_price: None, max_fee_per_gas: None, max_priority_fee_per_gas: None, max_fee_per_blob_gas: None, gas: None, value: None, input: TransactionInput { input: None, data: Some(0x01ffc9a7d9b67a2600000000000000000000000000000000000000000000000000000000) }, nonce: None, chain_id: None, access_list: None, transaction_type: None, blob_versioned_hashes: None, sidecar: None, authorization_list: None }, other: OtherFields {} }, Some(0x12e), None, None)
    Error: Execution error: execution reverted

eth_blockNumber
eth_call

RPC request failed:
    Request: EthCall(WithOtherFields { inner: TransactionRequest { from: None, to: Some(Call(0xe8addd62fed354203d079926a8e563bc1a7fe81e)), gas_price: None, max_fee_per_gas: None, max_priority_fee_per_gas: None, max_fee_per_blob_gas: None, gas: None, value: None, input: TransactionInput { input: None, data: Some(0x95d89b41) }, nonce: None, chain_id: None, access_list: None, transaction_type: None, blob_versioned_hashes: None, sidecar: None, authorization_list: None }, other: OtherFields {} }, Some(0x12e), None, None)
    Error: Execution error: execution reverted

eth_call

RPC request failed:
    Request: EthCall(WithOtherFields { inner: TransactionRequest { from: None, to: Some(Call(0xe8addd62fed354203d079926a8e563bc1a7fe81e)), gas_price: None, max_fee_per_gas: None, max_priority_fee_per_gas: None, max_fee_per_blob_gas: None, gas: None, value: None, input: TransactionInput { input: None, data: Some(0x313ce567) }, nonce: None, chain_id: None, access_list: None, transaction_type: None, blob_versioned_hashes: None, sidecar: None, authorization_list: None }, other: OtherFields {} }, Some(0x12e), None, None)
    Error: Execution error: execution reverted

eth_gasPrice
eth_blockNumber
eth_call
eth_call
eth_call
eth_call
eth_call
eth_call
eth_call
eth_call
eth_call
eth_call
eth_getBlockByNumber
eth_blockNumber
eth_getBalance
eth_getCode
eth_getCode
eth_estimateGas
eth_blockNumber
eth_call

RPC request failed:
    Request: EthCall(WithOtherFields { inner: TransactionRequest { from: None, to: Some(Call(0xf949dfa362518486206c1de8ce76b3c7727159f7)), gas_price: None, max_fee_per_gas: None, max_priority_fee_per_gas: None, max_fee_per_blob_gas: None, gas: None, value: None, input: TransactionInput { input: None, data: Some(0x01ffc9a780ac58cd00000000000000000000000000000000000000000000000000000000) }, nonce: None, chain_id: None, access_list: None, transaction_type: None, blob_versioned_hashes: None, sidecar: None, authorization_list: None }, other: OtherFields {} }, Some(0x12e), None, None)
    Error: Execution error: execution reverted

eth_call

RPC request failed:
    Request: EthCall(WithOtherFields { inner: TransactionRequest { from: None, to: Some(Call(0xf949dfa362518486206c1de8ce76b3c7727159f7)), gas_price: None, max_fee_per_gas: None, max_priority_fee_per_gas: None, max_fee_per_blob_gas: None, gas: None, value: None, input: TransactionInput { input: None, data: Some(0x01ffc9a7d9b67a2600000000000000000000000000000000000000000000000000000000) }, nonce: None, chain_id: None, access_list: None, transaction_type: None, blob_versioned_hashes: None, sidecar: None, authorization_list: None }, other: OtherFields {} }, Some(0x12e), None, None)
    Error: Execution error: execution reverted

eth_call

RPC request failed:
    Request: EthCall(WithOtherFields { inner: TransactionRequest { from: None, to: Some(Call(0xf949dfa362518486206c1de8ce76b3c7727159f7)), gas_price: None, max_fee_per_gas: None, max_priority_fee_per_gas: None, max_fee_per_blob_gas: None, gas: None, value: None, input: TransactionInput { input: None, data: Some(0x95d89b41) }, nonce: None, chain_id: None, access_list: None, transaction_type: None, blob_versioned_hashes: None, sidecar: None, authorization_list: None }, other: OtherFields {} }, Some(0x12e), None, None)
    Error: Execution error: execution reverted

eth_call

RPC request failed:
    Request: EthCall(WithOtherFields { inner: TransactionRequest { from: None, to: Some(Call(0xf949dfa362518486206c1de8ce76b3c7727159f7)), gas_price: None, max_fee_per_gas: None, max_priority_fee_per_gas: None, max_fee_per_blob_gas: None, gas: None, value: None, input: TransactionInput { input: None, data: Some(0x313ce567) }, nonce: None, chain_id: None, access_list: None, transaction_type: None, blob_versioned_hashes: None, sidecar: None, authorization_list: None }, other: OtherFields {} }, Some(0x12e), None, None)
    Error: Execution error: execution reverted

eth_blockNumber
eth_call

RPC request failed:
    Request: EthCall(WithOtherFields { inner: TransactionRequest { from: None, to: Some(Call(0xf949dfa362518486206c1de8ce76b3c7727159f7)), gas_price: None, max_fee_per_gas: None, max_priority_fee_per_gas: None, max_fee_per_blob_gas: None, gas: None, value: None, input: TransactionInput { input: None, data: Some(0x01ffc9a780ac58cd00000000000000000000000000000000000000000000000000000000) }, nonce: None, chain_id: None, access_list: None, transaction_type: None, blob_versioned_hashes: None, sidecar: None, authorization_list: None }, other: OtherFields {} }, Some(0x12e), None, None)
    Error: Execution error: execution reverted

eth_call

RPC request failed:
    Request: EthCall(WithOtherFields { inner: TransactionRequest { from: None, to: Some(Call(0xf949dfa362518486206c1de8ce76b3c7727159f7)), gas_price: None, max_fee_per_gas: None, max_priority_fee_per_gas: None, max_fee_per_blob_gas: None, gas: None, value: None, input: TransactionInput { input: None, data: Some(0x01ffc9a7d9b67a2600000000000000000000000000000000000000000000000000000000) }, nonce: None, chain_id: None, access_list: None, transaction_type: None, blob_versioned_hashes: None, sidecar: None, authorization_list: None }, other: OtherFields {} }, Some(0x12e), None, None)
    Error: Execution error: execution reverted

eth_call

RPC request failed:
    Request: EthCall(WithOtherFields { inner: TransactionRequest { from: None, to: Some(Call(0xf949dfa362518486206c1de8ce76b3c7727159f7)), gas_price: None, max_fee_per_gas: None, max_priority_fee_per_gas: None, max_fee_per_blob_gas: None, gas: None, value: None, input: TransactionInput { input: None, data: Some(0x95d89b41) }, nonce: None, chain_id: None, access_list: None, transaction_type: None, blob_versioned_hashes: None, sidecar: None, authorization_list: None }, other: OtherFields {} }, Some(0x12e), None, None)
    Error: Execution error: execution reverted

eth_call

RPC request failed:
    Request: EthCall(WithOtherFields { inner: TransactionRequest { from: None, to: Some(Call(0xf949dfa362518486206c1de8ce76b3c7727159f7)), gas_price: None, max_fee_per_gas: None, max_priority_fee_per_gas: None, max_fee_per_blob_gas: None, gas: None, value: None, input: TransactionInput { input: None, data: Some(0x313ce567) }, nonce: None, chain_id: None, access_list: None, transaction_type: None, blob_versioned_hashes: None, sidecar: None, authorization_list: None }, other: OtherFields {} }, Some(0x12e), None, None)
    Error: Execution error: execution reverted

eth_call

RPC request failed:
    Request: EthCall(WithOtherFields { inner: TransactionRequest { from: None, to: Some(Call(0xf949dfa362518486206c1de8ce76b3c7727159f7)), gas_price: None, max_fee_per_gas: None, max_priority_fee_per_gas: None, max_fee_per_blob_gas: None, gas: None, value: None, input: TransactionInput { input: None, data: Some(0x70a0823100000000000000000000000070997970c51812dc3a010c7d01b50e0d17dc79c8) }, nonce: None, chain_id: None, access_list: None, transaction_type: None, blob_versioned_hashes: None, sidecar: None, authorization_list: None }, other: OtherFields {} }, Some(0x12e), None, None)
    Error: Execution error: execution reverted

eth_call

RPC request failed:
    Request: EthCall(WithOtherFields { inner: TransactionRequest { from: None, to: Some(Call(0xf949dfa362518486206c1de8ce76b3c7727159f7)), gas_price: None, max_fee_per_gas: None, max_priority_fee_per_gas: None, max_fee_per_blob_gas: None, gas: None, value: None, input: TransactionInput { input: None, data: Some(0x01ffc9a780ac58cd00000000000000000000000000000000000000000000000000000000) }, nonce: None, chain_id: None, access_list: None, transaction_type: None, blob_versioned_hashes: None, sidecar: None, authorization_list: None }, other: OtherFields {} }, Some(0x12e), None, None)
    Error: Execution error: execution reverted

eth_blockNumber
eth_call

RPC request failed:
    Request: EthCall(WithOtherFields { inner: TransactionRequest { from: None, to: Some(Call(0xf949dfa362518486206c1de8ce76b3c7727159f7)), gas_price: None, max_fee_per_gas: None, max_priority_fee_per_gas: None, max_fee_per_blob_gas: None, gas: None, value: None, input: TransactionInput { input: None, data: Some(0x01ffc9a7d9b67a2600000000000000000000000000000000000000000000000000000000) }, nonce: None, chain_id: None, access_list: None, transaction_type: None, blob_versioned_hashes: None, sidecar: None, authorization_list: None }, other: OtherFields {} }, Some(0x12e), None, None)
    Error: Execution error: execution reverted

eth_call

RPC request failed:
    Request: EthCall(WithOtherFields { inner: TransactionRequest { from: None, to: Some(Call(0xf949dfa362518486206c1de8ce76b3c7727159f7)), gas_price: None, max_fee_per_gas: None, max_priority_fee_per_gas: None, max_fee_per_blob_gas: None, gas: None, value: None, input: TransactionInput { input: None, data: Some(0x95d89b41) }, nonce: None, chain_id: None, access_list: None, transaction_type: None, blob_versioned_hashes: None, sidecar: None, authorization_list: None }, other: OtherFields {} }, Some(0x12e), None, None)
    Error: Execution error: execution reverted

eth_call

RPC request failed:
    Request: EthCall(WithOtherFields { inner: TransactionRequest { from: None, to: Some(Call(0xf949dfa362518486206c1de8ce76b3c7727159f7)), gas_price: None, max_fee_per_gas: None, max_priority_fee_per_gas: None, max_fee_per_blob_gas: None, gas: None, value: None, input: TransactionInput { input: None, data: Some(0x313ce567) }, nonce: None, chain_id: None, access_list: None, transaction_type: None, blob_versioned_hashes: None, sidecar: None, authorization_list: None }, other: OtherFields {} }, Some(0x12e), None, None)
    Error: Execution error: execution reverted

eth_call

RPC request failed:
    Request: EthCall(WithOtherFields { inner: TransactionRequest { from: None, to: Some(Call(0xf949dfa362518486206c1de8ce76b3c7727159f7)), gas_price: None, max_fee_per_gas: None, max_priority_fee_per_gas: None, max_fee_per_blob_gas: None, gas: None, value: None, input: TransactionInput { input: None, data: Some(0x70a0823100000000000000000000000070997970c51812dc3a010c7d01b50e0d17dc79c8) }, nonce: None, chain_id: None, access_list: None, transaction_type: None, blob_versioned_hashes: None, sidecar: None, authorization_list: None }, other: OtherFields {} }, Some(0x12e), None, None)
    Error: Execution error: execution reverted

eth_blockNumber
eth_call

RPC request failed:
    Request: EthCall(WithOtherFields { inner: TransactionRequest { from: None, to: Some(Call(0xf949dfa362518486206c1de8ce76b3c7727159f7)), gas_price: None, max_fee_per_gas: None, max_priority_fee_per_gas: None, max_fee_per_blob_gas: None, gas: None, value: None, input: TransactionInput { input: None, data: Some(0x01ffc9a780ac58cd00000000000000000000000000000000000000000000000000000000) }, nonce: None, chain_id: None, access_list: None, transaction_type: None, blob_versioned_hashes: None, sidecar: None, authorization_list: None }, other: OtherFields {} }, Some(0x12e), None, None)
    Error: Execution error: execution reverted

eth_call

RPC request failed:
    Request: EthCall(WithOtherFields { inner: TransactionRequest { from: None, to: Some(Call(0xf949dfa362518486206c1de8ce76b3c7727159f7)), gas_price: None, max_fee_per_gas: None, max_priority_fee_per_gas: None, max_fee_per_blob_gas: None, gas: None, value: None, input: TransactionInput { input: None, data: Some(0x01ffc9a7d9b67a2600000000000000000000000000000000000000000000000000000000) }, nonce: None, chain_id: None, access_list: None, transaction_type: None, blob_versioned_hashes: None, sidecar: None, authorization_list: None }, other: OtherFields {} }, Some(0x12e), None, None)
    Error: Execution error: execution reverted

eth_call

RPC request failed:
    Request: EthCall(WithOtherFields { inner: TransactionRequest { from: None, to: Some(Call(0xf949dfa362518486206c1de8ce76b3c7727159f7)), gas_price: None, max_fee_per_gas: None, max_priority_fee_per_gas: None, max_fee_per_blob_gas: None, gas: None, value: None, input: TransactionInput { input: None, data: Some(0x95d89b41) }, nonce: None, chain_id: None, access_list: None, transaction_type: None, blob_versioned_hashes: None, sidecar: None, authorization_list: None }, other: OtherFields {} }, Some(0x12e), None, None)
    Error: Execution error: execution reverted

eth_call

RPC request failed:
    Request: EthCall(WithOtherFields { inner: TransactionRequest { from: None, to: Some(Call(0xf949dfa362518486206c1de8ce76b3c7727159f7)), gas_price: None, max_fee_per_gas: None, max_priority_fee_per_gas: None, max_fee_per_blob_gas: None, gas: None, value: None, input: TransactionInput { input: None, data: Some(0x313ce567) }, nonce: None, chain_id: None, access_list: None, transaction_type: None, blob_versioned_hashes: None, sidecar: None, authorization_list: None }, other: OtherFields {} }, Some(0x12e), None, None)
    Error: Execution error: execution reverted

eth_call

RPC request failed:
    Request: EthCall(WithOtherFields { inner: TransactionRequest { from: None, to: None, gas_price: None, max_fee_per_gas: None, max_priority_fee_per_gas: None, max_fee_per_blob_gas: None, gas: None, value: None, input: TransactionInput { input: None, data: Some(0x95d89b41) }, nonce: None, chain_id: None, access_list: None, transaction_type: None, blob_versioned_hashes: None, sidecar: None, authorization_list: None }, other: OtherFields {} }, Some(0x12e), None, None)
    Error: Internal error: EVM error StackOverflow

eth_call

RPC request failed:
    Request: EthCall(WithOtherFields { inner: TransactionRequest { from: None, to: None, gas_price: None, max_fee_per_gas: None, max_priority_fee_per_gas: None, max_fee_per_blob_gas: None, gas: None, value: None, input: TransactionInput { input: None, data: Some(0x95d89b41) }, nonce: None, chain_id: None, access_list: None, transaction_type: None, blob_versioned_hashes: None, sidecar: None, authorization_list: None }, other: OtherFields {} }, Some(0x12e), None, None)
    Error: Internal error: EVM error StackOverflow

eth_blockNumber
eth_blockNumber
eth_blockNumber
eth_blockNumber
eth_blockNumber
eth_blockNumber
eth_blockNumber
eth_blockNumber
eth_blockNumber
eth_blockNumber
eth_blockNumber
eth_blockNumber
eth_blockNumber
eth_blockNumber
eth_blockNumber
eth_blockNumber
eth_blockNumber
eth_blockNumber
eth_blockNumber
eth_blockNumber
eth_blockNumber
eth_blockNumber
eth_blockNumber
eth_blockNumber
eth_blockNumber
eth_blockNumber
eth_blockNumber
eth_blockNumber
eth_blockNumber
eth_blockNumber
eth_blockNumber
eth_blockNumber
eth_blockNumber
eth_call
eth_call
eth_call
eth_call
eth_call
eth_call
eth_call
eth_call
eth_call
eth_call
eth_call
eth_call
eth_call
eth_call
eth_call
eth_call
eth_getLogs
eth_call
eth_call
eth_call
eth_call
eth_call
eth_call
eth_call
eth_call
eth_call
eth_call
eth_call
eth_call
eth_call
eth_call
eth_call
eth_call
eth_blockNumber
eth_blockNumber
eth_call

RPC request failed:
    Request: EthCall(WithOtherFields { inner: TransactionRequest { from: None, to: Some(Call(0xf949dfa362518486206c1de8ce76b3c7727159f7)), gas_price: None, max_fee_per_gas: None, max_priority_fee_per_gas: None, max_fee_per_blob_gas: None, gas: None, value: None, input: TransactionInput { input: None, data: Some(0x01ffc9a780ac58cd00000000000000000000000000000000000000000000000000000000) }, nonce: None, chain_id: None, access_list: None, transaction_type: None, blob_versioned_hashes: None, sidecar: None, authorization_list: None }, other: OtherFields {} }, Some(0x12e), None, None)
    Error: Execution error: execution reverted

eth_call

RPC request failed:
    Request: EthCall(WithOtherFields { inner: TransactionRequest { from: None, to: Some(Call(0xf949dfa362518486206c1de8ce76b3c7727159f7)), gas_price: None, max_fee_per_gas: None, max_priority_fee_per_gas: None, max_fee_per_blob_gas: None, gas: None, value: None, input: TransactionInput { input: None, data: Some(0x01ffc9a7d9b67a2600000000000000000000000000000000000000000000000000000000) }, nonce: None, chain_id: None, access_list: None, transaction_type: None, blob_versioned_hashes: None, sidecar: None, authorization_list: None }, other: OtherFields {} }, Some(0x12e), None, None)
    Error: Execution error: execution reverted

eth_call

RPC request failed:
    Request: EthCall(WithOtherFields { inner: TransactionRequest { from: None, to: Some(Call(0xf949dfa362518486206c1de8ce76b3c7727159f7)), gas_price: None, max_fee_per_gas: None, max_priority_fee_per_gas: None, max_fee_per_blob_gas: None, gas: None, value: None, input: TransactionInput { input: None, data: Some(0x95d89b41) }, nonce: None, chain_id: None, access_list: None, transaction_type: None, blob_versioned_hashes: None, sidecar: None, authorization_list: None }, other: OtherFields {} }, Some(0x12e), None, None)
    Error: Execution error: execution reverted

eth_call

RPC request failed:
    Request: EthCall(WithOtherFields { inner: TransactionRequest { from: None, to: Some(Call(0xf949dfa362518486206c1de8ce76b3c7727159f7)), gas_price: None, max_fee_per_gas: None, max_priority_fee_per_gas: None, max_fee_per_blob_gas: None, gas: None, value: None, input: TransactionInput { input: None, data: Some(0x313ce567) }, nonce: None, chain_id: None, access_list: None, transaction_type: None, blob_versioned_hashes: None, sidecar: None, authorization_list: None }, other: OtherFields {} }, Some(0x12e), None, None)
    Error: Execution error: execution reverted

eth_call

RPC request failed:
    Request: EthCall(WithOtherFields { inner: TransactionRequest { from: None, to: Some(Call(0xf949dfa362518486206c1de8ce76b3c7727159f7)), gas_price: None, max_fee_per_gas: None, max_priority_fee_per_gas: None, max_fee_per_blob_gas: None, gas: None, value: None, input: TransactionInput { input: None, data: Some(0x01ffc9a780ac58cd00000000000000000000000000000000000000000000000000000000) }, nonce: None, chain_id: None, access_list: None, transaction_type: None, blob_versioned_hashes: None, sidecar: None, authorization_list: None }, other: OtherFields {} }, Some(0x12e), None, None)
    Error: Execution error: execution reverted

eth_call

RPC request failed:
    Request: EthCall(WithOtherFields { inner: TransactionRequest { from: None, to: Some(Call(0xf949dfa362518486206c1de8ce76b3c7727159f7)), gas_price: None, max_fee_per_gas: None, max_priority_fee_per_gas: None, max_fee_per_blob_gas: None, gas: None, value: None, input: TransactionInput { input: None, data: Some(0x01ffc9a7d9b67a2600000000000000000000000000000000000000000000000000000000) }, nonce: None, chain_id: None, access_list: None, transaction_type: None, blob_versioned_hashes: None, sidecar: None, authorization_list: None }, other: OtherFields {} }, Some(0x12e), None, None)
    Error: Execution error: execution reverted

eth_call

RPC request failed:
    Request: EthCall(WithOtherFields { inner: TransactionRequest { from: None, to: Some(Call(0xf949dfa362518486206c1de8ce76b3c7727159f7)), gas_price: None, max_fee_per_gas: None, max_priority_fee_per_gas: None, max_fee_per_blob_gas: None, gas: None, value: None, input: TransactionInput { input: None, data: Some(0x95d89b41) }, nonce: None, chain_id: None, access_list: None, transaction_type: None, blob_versioned_hashes: None, sidecar: None, authorization_list: None }, other: OtherFields {} }, Some(0x12e), None, None)
    Error: Execution error: execution reverted

eth_call

RPC request failed:
    Request: EthCall(WithOtherFields { inner: TransactionRequest { from: None, to: Some(Call(0xf949dfa362518486206c1de8ce76b3c7727159f7)), gas_price: None, max_fee_per_gas: None, max_priority_fee_per_gas: None, max_fee_per_blob_gas: None, gas: None, value: None, input: TransactionInput { input: None, data: Some(0x313ce567) }, nonce: None, chain_id: None, access_list: None, transaction_type: None, blob_versioned_hashes: None, sidecar: None, authorization_list: None }, other: OtherFields {} }, Some(0x12e), None, None)
    Error: Execution error: execution reverted

eth_call

RPC request failed:
    Request: EthCall(WithOtherFields { inner: TransactionRequest { from: None, to: Some(Call(0xf949dfa362518486206c1de8ce76b3c7727159f7)), gas_price: None, max_fee_per_gas: None, max_priority_fee_per_gas: None, max_fee_per_blob_gas: None, gas: None, value: None, input: TransactionInput { input: None, data: Some(0x70a0823100000000000000000000000070997970c51812dc3a010c7d01b50e0d17dc79c8) }, nonce: None, chain_id: None, access_list: None, transaction_type: None, blob_versioned_hashes: None, sidecar: None, authorization_list: None }, other: OtherFields {} }, Some(0x12e), None, None)
    Error: Execution error: execution reverted

eth_call

RPC request failed:
    Request: EthCall(WithOtherFields { inner: TransactionRequest { from: None, to: Some(Call(0xf949dfa362518486206c1de8ce76b3c7727159f7)), gas_price: None, max_fee_per_gas: None, max_priority_fee_per_gas: None, max_fee_per_blob_gas: None, gas: None, value: None, input: TransactionInput { input: None, data: Some(0x01ffc9a780ac58cd00000000000000000000000000000000000000000000000000000000) }, nonce: None, chain_id: None, access_list: None, transaction_type: None, blob_versioned_hashes: None, sidecar: None, authorization_list: None }, other: OtherFields {} }, Some(0x12e), None, None)
    Error: Execution error: execution reverted

eth_call

RPC request failed:
    Request: EthCall(WithOtherFields { inner: TransactionRequest { from: None, to: Some(Call(0xf949dfa362518486206c1de8ce76b3c7727159f7)), gas_price: None, max_fee_per_gas: None, max_priority_fee_per_gas: None, max_fee_per_blob_gas: None, gas: None, value: None, input: TransactionInput { input: None, data: Some(0x01ffc9a7d9b67a2600000000000000000000000000000000000000000000000000000000) }, nonce: None, chain_id: None, access_list: None, transaction_type: None, blob_versioned_hashes: None, sidecar: None, authorization_list: None }, other: OtherFields {} }, Some(0x12e), None, None)
    Error: Execution error: execution reverted

eth_call

RPC request failed:
    Request: EthCall(WithOtherFields { inner: TransactionRequest { from: None, to: Some(Call(0xf949dfa362518486206c1de8ce76b3c7727159f7)), gas_price: None, max_fee_per_gas: None, max_priority_fee_per_gas: None, max_fee_per_blob_gas: None, gas: None, value: None, input: TransactionInput { input: None, data: Some(0x95d89b41) }, nonce: None, chain_id: None, access_list: None, transaction_type: None, blob_versioned_hashes: None, sidecar: None, authorization_list: None }, other: OtherFields {} }, Some(0x12e), None, None)
    Error: Execution error: execution reverted

eth_call

RPC request failed:
    Request: EthCall(WithOtherFields { inner: TransactionRequest { from: None, to: Some(Call(0xf949dfa362518486206c1de8ce76b3c7727159f7)), gas_price: None, max_fee_per_gas: None, max_priority_fee_per_gas: None, max_fee_per_blob_gas: None, gas: None, value: None, input: TransactionInput { input: None, data: Some(0x313ce567) }, nonce: None, chain_id: None, access_list: None, transaction_type: None, blob_versioned_hashes: None, sidecar: None, authorization_list: None }, other: OtherFields {} }, Some(0x12e), None, None)
    Error: Execution error: execution reverted

eth_call

RPC request failed:
    Request: EthCall(WithOtherFields { inner: TransactionRequest { from: None, to: Some(Call(0xf949dfa362518486206c1de8ce76b3c7727159f7)), gas_price: None, max_fee_per_gas: None, max_priority_fee_per_gas: None, max_fee_per_blob_gas: None, gas: None, value: None, input: TransactionInput { input: None, data: Some(0x70a0823100000000000000000000000070997970c51812dc3a010c7d01b50e0d17dc79c8) }, nonce: None, chain_id: None, access_list: None, transaction_type: None, blob_versioned_hashes: None, sidecar: None, authorization_list: None }, other: OtherFields {} }, Some(0x12e), None, None)
    Error: Execution error: execution reverted

eth_call

RPC request failed:
    Request: EthCall(WithOtherFields { inner: TransactionRequest { from: None, to: Some(Call(0xf949dfa362518486206c1de8ce76b3c7727159f7)), gas_price: None, max_fee_per_gas: None, max_priority_fee_per_gas: None, max_fee_per_blob_gas: None, gas: None, value: None, input: TransactionInput { input: None, data: Some(0x01ffc9a780ac58cd00000000000000000000000000000000000000000000000000000000) }, nonce: None, chain_id: None, access_list: None, transaction_type: None, blob_versioned_hashes: None, sidecar: None, authorization_list: None }, other: OtherFields {} }, Some(0x12e), None, None)
    Error: Execution error: execution reverted

eth_call

RPC request failed:
    Request: EthCall(WithOtherFields { inner: TransactionRequest { from: None, to: Some(Call(0xf949dfa362518486206c1de8ce76b3c7727159f7)), gas_price: None, max_fee_per_gas: None, max_priority_fee_per_gas: None, max_fee_per_blob_gas: None, gas: None, value: None, input: TransactionInput { input: None, data: Some(0x01ffc9a7d9b67a2600000000000000000000000000000000000000000000000000000000) }, nonce: None, chain_id: None, access_list: None, transaction_type: None, blob_versioned_hashes: None, sidecar: None, authorization_list: None }, other: OtherFields {} }, Some(0x12e), None, None)
    Error: Execution error: execution reverted

eth_call

RPC request failed:
    Request: EthCall(WithOtherFields { inner: TransactionRequest { from: None, to: Some(Call(0xf949dfa362518486206c1de8ce76b3c7727159f7)), gas_price: None, max_fee_per_gas: None, max_priority_fee_per_gas: None, max_fee_per_blob_gas: None, gas: None, value: None, input: TransactionInput { input: None, data: Some(0x95d89b41) }, nonce: None, chain_id: None, access_list: None, transaction_type: None, blob_versioned_hashes: None, sidecar: None, authorization_list: None }, other: OtherFields {} }, Some(0x12e), None, None)
    Error: Execution error: execution reverted

eth_call

RPC request failed:
    Request: EthCall(WithOtherFields { inner: TransactionRequest { from: None, to: Some(Call(0xf949dfa362518486206c1de8ce76b3c7727159f7)), gas_price: None, max_fee_per_gas: None, max_priority_fee_per_gas: None, max_fee_per_blob_gas: None, gas: None, value: None, input: TransactionInput { input: None, data: Some(0x313ce567) }, nonce: None, chain_id: None, access_list: None, transaction_type: None, blob_versioned_hashes: None, sidecar: None, authorization_list: None }, other: OtherFields {} }, Some(0x12e), None, None)
    Error: Execution error: execution reverted

eth_call

RPC request failed:
    Request: EthCall(WithOtherFields { inner: TransactionRequest { from: None, to: None, gas_price: None, max_fee_per_gas: None, max_priority_fee_per_gas: None, max_fee_per_blob_gas: None, gas: None, value: None, input: TransactionInput { input: None, data: Some(0x95d89b41) }, nonce: None, chain_id: None, access_list: None, transaction_type: None, blob_versioned_hashes: None, sidecar: None, authorization_list: None }, other: OtherFields {} }, Some(0x12e), None, None)
    Error: Internal error: EVM error StackOverflow

eth_call

RPC request failed:
    Request: EthCall(WithOtherFields { inner: TransactionRequest { from: None, to: None, gas_price: None, max_fee_per_gas: None, max_priority_fee_per_gas: None, max_fee_per_blob_gas: None, gas: None, value: None, input: TransactionInput { input: None, data: Some(0x95d89b41) }, nonce: None, chain_id: None, access_list: None, transaction_type: None, blob_versioned_hashes: None, sidecar: None, authorization_list: None }, other: OtherFields {} }, Some(0x12e), None, None)
    Error: Internal error: EVM error StackOverflow

eth_blockNumber
eth_blockNumber
eth_blockNumber
eth_blockNumber
eth_blockNumber
eth_blockNumber
eth_blockNumber
eth_blockNumber
eth_blockNumber
eth_blockNumber
eth_blockNumber
eth_blockNumber
eth_blockNumber
eth_blockNumber
eth_blockNumber
eth_blockNumber
eth_blockNumber
eth_blockNumber
eth_blockNumber
eth_blockNumber
eth_blockNumber
eth_blockNumber
eth_blockNumber
eth_blockNumber
eth_blockNumber
eth_blockNumber
eth_blockNumber
eth_blockNumber
eth_blockNumber
eth_blockNumber
eth_blockNumber
eth_blockNumber
eth_blockNumber
eth_blockNumber
eth_blockNumber
eth_blockNumber
eth_blockNumber
eth_blockNumber
eth_blockNumber
eth_blockNumber
eth_blockNumber
eth_blockNumber
eth_blockNumber
eth_blockNumber
eth_blockNumber
eth_blockNumber
eth_blockNumber
eth_blockNumber
eth_blockNumber
eth_blockNumber
eth_blockNumber
eth_blockNumber
eth_blockNumber
eth_blockNumber
eth_blockNumber
eth_blockNumber
eth_blockNumber
eth_blockNumber
eth_getLogs
eth_call
eth_call
eth_call
eth_call
eth_call
eth_call
eth_call
eth_call
eth_call
eth_call
eth_call
eth_call
eth_call
eth_call
eth_call
eth_call
eth_call
eth_call
eth_call
eth_call
eth_call
eth_call
eth_call
eth_call
eth_call
eth_call
eth_call
eth_call
eth_call
eth_call
eth_call
eth_call
eth_call
eth_call
eth_call
eth_call
eth_call
eth_call
eth_call
eth_call
eth_call
eth_call
eth_blockNumber
eth_call
eth_call
eth_call
eth_call
eth_call
eth_call
eth_call
eth_call
eth_call
eth_call
eth_call
eth_call
eth_call
eth_call
eth_call
eth_call
eth_call
eth_call
eth_call
eth_call
eth_call
eth_blockNumber
eth_call
eth_call
eth_call
eth_call
eth_call
eth_call
eth_call
eth_call
eth_call
eth_call
eth_blockNumber
eth_blockNumber
eth_blockNumber
eth_getCode
eth_getCode
eth_estimateGas
eth_blockNumber
eth_call

RPC request failed:
    Request: EthCall(WithOtherFields { inner: TransactionRequest { from: None, to: Some(Call(0xe8addd62fed354203d079926a8e563bc1a7fe81e)), gas_price: None, max_fee_per_gas: None, max_priority_fee_per_gas: None, max_fee_per_blob_gas: None, gas: None, value: None, input: TransactionInput { input: None, data: Some(0x01ffc9a780ac58cd00000000000000000000000000000000000000000000000000000000) }, nonce: None, chain_id: None, access_list: None, transaction_type: None, blob_versioned_hashes: None, sidecar: None, authorization_list: None }, other: OtherFields {} }, Some(0x12e), None, None)
    Error: Execution error: execution reverted

eth_call

RPC request failed:
    Request: EthCall(WithOtherFields { inner: TransactionRequest { from: None, to: Some(Call(0xe8addd62fed354203d079926a8e563bc1a7fe81e)), gas_price: None, max_fee_per_gas: None, max_priority_fee_per_gas: None, max_fee_per_blob_gas: None, gas: None, value: None, input: TransactionInput { input: None, data: Some(0x01ffc9a7d9b67a2600000000000000000000000000000000000000000000000000000000) }, nonce: None, chain_id: None, access_list: None, transaction_type: None, blob_versioned_hashes: None, sidecar: None, authorization_list: None }, other: OtherFields {} }, Some(0x12e), None, None)
    Error: Execution error: execution reverted

eth_call

RPC request failed:
    Request: EthCall(WithOtherFields { inner: TransactionRequest { from: None, to: Some(Call(0xe8addd62fed354203d079926a8e563bc1a7fe81e)), gas_price: None, max_fee_per_gas: None, max_priority_fee_per_gas: None, max_fee_per_blob_gas: None, gas: None, value: None, input: TransactionInput { input: None, data: Some(0x95d89b41) }, nonce: None, chain_id: None, access_list: None, transaction_type: None, blob_versioned_hashes: None, sidecar: None, authorization_list: None }, other: OtherFields {} }, Some(0x12e), None, None)
    Error: Execution error: execution reverted

eth_call

RPC request failed:
    Request: EthCall(WithOtherFields { inner: TransactionRequest { from: None, to: Some(Call(0xe8addd62fed354203d079926a8e563bc1a7fe81e)), gas_price: None, max_fee_per_gas: None, max_priority_fee_per_gas: None, max_fee_per_blob_gas: None, gas: None, value: None, input: TransactionInput { input: None, data: Some(0x313ce567) }, nonce: None, chain_id: None, access_list: None, transaction_type: None, blob_versioned_hashes: None, sidecar: None, authorization_list: None }, other: OtherFields {} }, Some(0x12e), None, None)
    Error: Execution error: execution reverted

eth_call

RPC request failed:
    Request: EthCall(WithOtherFields { inner: TransactionRequest { from: None, to: Some(Call(0xe8addd62fed354203d079926a8e563bc1a7fe81e)), gas_price: None, max_fee_per_gas: None, max_priority_fee_per_gas: None, max_fee_per_blob_gas: None, gas: None, value: None, input: TransactionInput { input: None, data: Some(0x01ffc9a780ac58cd00000000000000000000000000000000000000000000000000000000) }, nonce: None, chain_id: None, access_list: None, transaction_type: None, blob_versioned_hashes: None, sidecar: None, authorization_list: None }, other: OtherFields {} }, Some(0x12e), None, None)
    Error: Execution error: execution reverted

eth_call

RPC request failed:
    Request: EthCall(WithOtherFields { inner: TransactionRequest { from: None, to: Some(Call(0xe8addd62fed354203d079926a8e563bc1a7fe81e)), gas_price: None, max_fee_per_gas: None, max_priority_fee_per_gas: None, max_fee_per_blob_gas: None, gas: None, value: None, input: TransactionInput { input: None, data: Some(0x01ffc9a7d9b67a2600000000000000000000000000000000000000000000000000000000) }, nonce: None, chain_id: None, access_list: None, transaction_type: None, blob_versioned_hashes: None, sidecar: None, authorization_list: None }, other: OtherFields {} }, Some(0x12e), None, None)
    Error: Execution error: execution reverted

eth_call

RPC request failed:
    Request: EthCall(WithOtherFields { inner: TransactionRequest { from: None, to: Some(Call(0xe8addd62fed354203d079926a8e563bc1a7fe81e)), gas_price: None, max_fee_per_gas: None, max_priority_fee_per_gas: None, max_fee_per_blob_gas: None, gas: None, value: None, input: TransactionInput { input: None, data: Some(0x95d89b41) }, nonce: None, chain_id: None, access_list: None, transaction_type: None, blob_versioned_hashes: None, sidecar: None, authorization_list: None }, other: OtherFields {} }, Some(0x12e), None, None)
    Error: Execution error: execution reverted

eth_call

RPC request failed:
    Request: EthCall(WithOtherFields { inner: TransactionRequest { from: None, to: Some(Call(0xe8addd62fed354203d079926a8e563bc1a7fe81e)), gas_price: None, max_fee_per_gas: None, max_priority_fee_per_gas: None, max_fee_per_blob_gas: None, gas: None, value: None, input: TransactionInput { input: None, data: Some(0x313ce567) }, nonce: None, chain_id: None, access_list: None, transaction_type: None, blob_versioned_hashes: None, sidecar: None, authorization_list: None }, other: OtherFields {} }, Some(0x12e), None, None)
    Error: Execution error: execution reverted

eth_call

RPC request failed:
    Request: EthCall(WithOtherFields { inner: TransactionRequest { from: None, to: Some(Call(0xe8addd62fed354203d079926a8e563bc1a7fe81e)), gas_price: None, max_fee_per_gas: None, max_priority_fee_per_gas: None, max_fee_per_blob_gas: None, gas: None, value: None, input: TransactionInput { input: None, data: Some(0x70a08231000000000000000000000000f39fd6e51aad88f6f4ce6ab8827279cfffb92266) }, nonce: None, chain_id: None, access_list: None, transaction_type: None, blob_versioned_hashes: None, sidecar: None, authorization_list: None }, other: OtherFields {} }, Some(0x12e), None, None)
    Error: Execution error: execution reverted

eth_call

RPC request failed:
    Request: EthCall(WithOtherFields { inner: TransactionRequest { from: None, to: Some(Call(0xe8addd62fed354203d079926a8e563bc1a7fe81e)), gas_price: None, max_fee_per_gas: None, max_priority_fee_per_gas: None, max_fee_per_blob_gas: None, gas: None, value: None, input: TransactionInput { input: None, data: Some(0x01ffc9a780ac58cd00000000000000000000000000000000000000000000000000000000) }, nonce: None, chain_id: None, access_list: None, transaction_type: None, blob_versioned_hashes: None, sidecar: None, authorization_list: None }, other: OtherFields {} }, Some(0x12e), None, None)
    Error: Execution error: execution reverted

eth_call

RPC request failed:
    Request: EthCall(WithOtherFields { inner: TransactionRequest { from: None, to: Some(Call(0xe8addd62fed354203d079926a8e563bc1a7fe81e)), gas_price: None, max_fee_per_gas: None, max_priority_fee_per_gas: None, max_fee_per_blob_gas: None, gas: None, value: None, input: TransactionInput { input: None, data: Some(0x01ffc9a7d9b67a2600000000000000000000000000000000000000000000000000000000) }, nonce: None, chain_id: None, access_list: None, transaction_type: None, blob_versioned_hashes: None, sidecar: None, authorization_list: None }, other: OtherFields {} }, Some(0x12e), None, None)
    Error: Execution error: execution reverted

eth_call

RPC request failed:
    Request: EthCall(WithOtherFields { inner: TransactionRequest { from: None, to: Some(Call(0xe8addd62fed354203d079926a8e563bc1a7fe81e)), gas_price: None, max_fee_per_gas: None, max_priority_fee_per_gas: None, max_fee_per_blob_gas: None, gas: None, value: None, input: TransactionInput { input: None, data: Some(0x95d89b41) }, nonce: None, chain_id: None, access_list: None, transaction_type: None, blob_versioned_hashes: None, sidecar: None, authorization_list: None }, other: OtherFields {} }, Some(0x12e), None, None)
    Error: Execution error: execution reverted

eth_call

RPC request failed:
    Request: EthCall(WithOtherFields { inner: TransactionRequest { from: None, to: Some(Call(0xe8addd62fed354203d079926a8e563bc1a7fe81e)), gas_price: None, max_fee_per_gas: None, max_priority_fee_per_gas: None, max_fee_per_blob_gas: None, gas: None, value: None, input: TransactionInput { input: None, data: Some(0x313ce567) }, nonce: None, chain_id: None, access_list: None, transaction_type: None, blob_versioned_hashes: None, sidecar: None, authorization_list: None }, other: OtherFields {} }, Some(0x12e), None, None)
    Error: Execution error: execution reverted

eth_call

RPC request failed:
    Request: EthCall(WithOtherFields { inner: TransactionRequest { from: None, to: Some(Call(0xe8addd62fed354203d079926a8e563bc1a7fe81e)), gas_price: None, max_fee_per_gas: None, max_priority_fee_per_gas: None, max_fee_per_blob_gas: None, gas: None, value: None, input: TransactionInput { input: None, data: Some(0x70a08231000000000000000000000000f39fd6e51aad88f6f4ce6ab8827279cfffb92266) }, nonce: None, chain_id: None, access_list: None, transaction_type: None, blob_versioned_hashes: None, sidecar: None, authorization_list: None }, other: OtherFields {} }, Some(0x12e), None, None)
    Error: Execution error: execution reverted

eth_getTransactionCount
eth_sendRawTransaction
eth_call

RPC request failed:
    Request: EthCall(WithOtherFields { inner: TransactionRequest { from: None, to: Some(Call(0xe8addd62fed354203d079926a8e563bc1a7fe81e)), gas_price: None, max_fee_per_gas: None, max_priority_fee_per_gas: None, max_fee_per_blob_gas: None, gas: None, value: None, input: TransactionInput { input: None, data: Some(0x01ffc9a780ac58cd00000000000000000000000000000000000000000000000000000000) }, nonce: None, chain_id: None, access_list: None, transaction_type: None, blob_versioned_hashes: None, sidecar: None, authorization_list: None }, other: OtherFields {} }, Some(0x12e), None, None)
    Error: Execution error: execution reverted

eth_call

RPC request failed:
    Request: EthCall(WithOtherFields { inner: TransactionRequest { from: None, to: Some(Call(0xe8addd62fed354203d079926a8e563bc1a7fe81e)), gas_price: None, max_fee_per_gas: None, max_priority_fee_per_gas: None, max_fee_per_blob_gas: None, gas: None, value: None, input: TransactionInput { input: None, data: Some(0x01ffc9a7d9b67a2600000000000000000000000000000000000000000000000000000000) }, nonce: None, chain_id: None, access_list: None, transaction_type: None, blob_versioned_hashes: None, sidecar: None, authorization_list: None }, other: OtherFields {} }, Some(0x12e), None, None)
    Error: Execution error: execution reverted

eth_call

RPC request failed:
    Request: EthCall(WithOtherFields { inner: TransactionRequest { from: None, to: Some(Call(0xe8addd62fed354203d079926a8e563bc1a7fe81e)), gas_price: None, max_fee_per_gas: None, max_priority_fee_per_gas: None, max_fee_per_blob_gas: None, gas: None, value: None, input: TransactionInput { input: None, data: Some(0x95d89b41) }, nonce: None, chain_id: None, access_list: None, transaction_type: None, blob_versioned_hashes: None, sidecar: None, authorization_list: None }, other: OtherFields {} }, Some(0x12e), None, None)
    Error: Execution error: execution reverted

eth_call

RPC request failed:
    Request: EthCall(WithOtherFields { inner: TransactionRequest { from: None, to: Some(Call(0xe8addd62fed354203d079926a8e563bc1a7fe81e)), gas_price: None, max_fee_per_gas: None, max_priority_fee_per_gas: None, max_fee_per_blob_gas: None, gas: None, value: None, input: TransactionInput { input: None, data: Some(0x313ce567) }, nonce: None, chain_id: None, access_list: None, transaction_type: None, blob_versioned_hashes: None, sidecar: None, authorization_list: None }, other: OtherFields {} }, Some(0x12e), None, None)
    Error: Execution error: execution reverted

eth_getTransactionReceipt
eth_blockNumber
eth_getTransactionByHash

    Transaction: 0xc8b79cf307ffd615cc05c5543f03ad2a4c7b57c11ec01b611e4af8a7bc4a8e00
    Gas used: 4440941

eth_getTransactionReceipt
    Block Number: 303
    Block Hash: 0x29ccf26bb44f4822787f40b8351e749fb07a519135fb4369738d9b9ac2a9251d
    Block Time: "Wed, 8 Apr 2026 04:31:36 +0000"

eth_call

RPC request failed:
    Request: EthCall(WithOtherFields { inner: TransactionRequest { from: None, to: None, gas_price: None, max_fee_per_gas: None, max_priority_fee_per_gas: None, max_fee_per_blob_gas: None, gas: None, value: None, input: TransactionInput { input: None, data: Some(0x95d89b41) }, nonce: None, chain_id: None, access_list: None, transaction_type: None, blob_versioned_hashes: None, sidecar: None, authorization_list: None }, other: OtherFields {} }, Some(0x12e), None, None)
    Error: Internal error: EVM error StackOverflow

eth_getLogs
eth_getLogs
eth_call
eth_call
eth_call
eth_call
eth_call
eth_call
eth_call
eth_call
eth_call
eth_call
eth_call
eth_call
eth_call
eth_call
eth_call
eth_call
eth_call
eth_call
eth_call
eth_call
eth_call
eth_call
eth_call
eth_call
eth_call
eth_getTransactionReceipt
eth_blockNumber
eth_getBlockByHash
eth_blockNumber
eth_call

RPC request failed:
    Request: EthCall(WithOtherFields { inner: TransactionRequest { from: None, to: Some(Call(0xe8addd62fed354203d079926a8e563bc1a7fe81e)), gas_price: None, max_fee_per_gas: None, max_priority_fee_per_gas: None, max_fee_per_blob_gas: None, gas: None, value: None, input: TransactionInput { input: None, data: Some(0x01ffc9a780ac58cd00000000000000000000000000000000000000000000000000000000) }, nonce: None, chain_id: None, access_list: None, transaction_type: None, blob_versioned_hashes: None, sidecar: None, authorization_list: None }, other: OtherFields {} }, Some(0x12f), None, None)
    Error: Execution error: execution reverted

eth_getBalance
eth_call

RPC request failed:
    Request: EthCall(WithOtherFields { inner: TransactionRequest { from: None, to: Some(Call(0xe8addd62fed354203d079926a8e563bc1a7fe81e)), gas_price: None, max_fee_per_gas: None, max_priority_fee_per_gas: None, max_fee_per_blob_gas: None, gas: None, value: None, input: TransactionInput { input: None, data: Some(0x01ffc9a7d9b67a2600000000000000000000000000000000000000000000000000000000) }, nonce: None, chain_id: None, access_list: None, transaction_type: None, blob_versioned_hashes: None, sidecar: None, authorization_list: None }, other: OtherFields {} }, Some(0x12f), None, None)
    Error: Execution error: execution reverted

eth_call

RPC request failed:
    Request: EthCall(WithOtherFields { inner: TransactionRequest { from: None, to: Some(Call(0xe8addd62fed354203d079926a8e563bc1a7fe81e)), gas_price: None, max_fee_per_gas: None, max_priority_fee_per_gas: None, max_fee_per_blob_gas: None, gas: None, value: None, input: TransactionInput { input: None, data: Some(0x95d89b41) }, nonce: None, chain_id: None, access_list: None, transaction_type: None, blob_versioned_hashes: None, sidecar: None, authorization_list: None }, other: OtherFields {} }, Some(0x12f), None, None)
    Error: Execution error: execution reverted

eth_call

RPC request failed:
    Request: EthCall(WithOtherFields { inner: TransactionRequest { from: None, to: Some(Call(0xe8addd62fed354203d079926a8e563bc1a7fe81e)), gas_price: None, max_fee_per_gas: None, max_priority_fee_per_gas: None, max_fee_per_blob_gas: None, gas: None, value: None, input: TransactionInput { input: None, data: Some(0x313ce567) }, nonce: None, chain_id: None, access_list: None, transaction_type: None, blob_versioned_hashes: None, sidecar: None, authorization_list: None }, other: OtherFields {} }, Some(0x12f), None, None)
    Error: Execution error: execution reverted

eth_blockNumber
eth_gasPrice
eth_blockNumber
eth_call
eth_call
eth_call
eth_call
eth_call
eth_call
eth_call
eth_call
eth_call
eth_call
eth_call
eth_call
eth_getBlockByNumber
eth_blockNumber
eth_getBalance
eth_getCode
eth_getCode
eth_estimateGas
eth_blockNumber
eth_call

RPC request failed:
    Request: EthCall(WithOtherFields { inner: TransactionRequest { from: None, to: Some(Call(0x8cf096c013ccf46dd2ef072ca0f7fafad242d457)), gas_price: None, max_fee_per_gas: None, max_priority_fee_per_gas: None, max_fee_per_blob_gas: None, gas: None, value: None, input: TransactionInput { input: None, data: Some(0x01ffc9a780ac58cd00000000000000000000000000000000000000000000000000000000) }, nonce: None, chain_id: None, access_list: None, transaction_type: None, blob_versioned_hashes: None, sidecar: None, authorization_list: None }, other: OtherFields {} }, Some(0x12f), None, None)
    Error: Execution error: execution reverted

eth_call

RPC request failed:
    Request: EthCall(WithOtherFields { inner: TransactionRequest { from: None, to: Some(Call(0x8cf096c013ccf46dd2ef072ca0f7fafad242d457)), gas_price: None, max_fee_per_gas: None, max_priority_fee_per_gas: None, max_fee_per_blob_gas: None, gas: None, value: None, input: TransactionInput { input: None, data: Some(0x01ffc9a7d9b67a2600000000000000000000000000000000000000000000000000000000) }, nonce: None, chain_id: None, access_list: None, transaction_type: None, blob_versioned_hashes: None, sidecar: None, authorization_list: None }, other: OtherFields {} }, Some(0x12f), None, None)
    Error: Execution error: execution reverted

eth_call

RPC request failed:
    Request: EthCall(WithOtherFields { inner: TransactionRequest { from: None, to: Some(Call(0x8cf096c013ccf46dd2ef072ca0f7fafad242d457)), gas_price: None, max_fee_per_gas: None, max_priority_fee_per_gas: None, max_fee_per_blob_gas: None, gas: None, value: None, input: TransactionInput { input: None, data: Some(0x95d89b41) }, nonce: None, chain_id: None, access_list: None, transaction_type: None, blob_versioned_hashes: None, sidecar: None, authorization_list: None }, other: OtherFields {} }, Some(0x12f), None, None)
    Error: Execution error: execution reverted

eth_call

RPC request failed:
    Request: EthCall(WithOtherFields { inner: TransactionRequest { from: None, to: Some(Call(0x8cf096c013ccf46dd2ef072ca0f7fafad242d457)), gas_price: None, max_fee_per_gas: None, max_priority_fee_per_gas: None, max_fee_per_blob_gas: None, gas: None, value: None, input: TransactionInput { input: None, data: Some(0x313ce567) }, nonce: None, chain_id: None, access_list: None, transaction_type: None, blob_versioned_hashes: None, sidecar: None, authorization_list: None }, other: OtherFields {} }, Some(0x12f), None, None)
    Error: Execution error: execution reverted

eth_call

RPC request failed:
    Request: EthCall(WithOtherFields { inner: TransactionRequest { from: None, to: Some(Call(0x8cf096c013ccf46dd2ef072ca0f7fafad242d457)), gas_price: None, max_fee_per_gas: None, max_priority_fee_per_gas: None, max_fee_per_blob_gas: None, gas: None, value: None, input: TransactionInput { input: None, data: Some(0x01ffc9a780ac58cd00000000000000000000000000000000000000000000000000000000) }, nonce: None, chain_id: None, access_list: None, transaction_type: None, blob_versioned_hashes: None, sidecar: None, authorization_list: None }, other: OtherFields {} }, Some(0x12f), None, None)
    Error: Execution error: execution reverted

eth_call

RPC request failed:
    Request: EthCall(WithOtherFields { inner: TransactionRequest { from: None, to: Some(Call(0x8cf096c013ccf46dd2ef072ca0f7fafad242d457)), gas_price: None, max_fee_per_gas: None, max_priority_fee_per_gas: None, max_fee_per_blob_gas: None, gas: None, value: None, input: TransactionInput { input: None, data: Some(0x01ffc9a7d9b67a2600000000000000000000000000000000000000000000000000000000) }, nonce: None, chain_id: None, access_list: None, transaction_type: None, blob_versioned_hashes: None, sidecar: None, authorization_list: None }, other: OtherFields {} }, Some(0x12f), None, None)
    Error: Execution error: execution reverted

eth_call

RPC request failed:
    Request: EthCall(WithOtherFields { inner: TransactionRequest { from: None, to: Some(Call(0x8cf096c013ccf46dd2ef072ca0f7fafad242d457)), gas_price: None, max_fee_per_gas: None, max_priority_fee_per_gas: None, max_fee_per_blob_gas: None, gas: None, value: None, input: TransactionInput { input: None, data: Some(0x95d89b41) }, nonce: None, chain_id: None, access_list: None, transaction_type: None, blob_versioned_hashes: None, sidecar: None, authorization_list: None }, other: OtherFields {} }, Some(0x12f), None, None)
    Error: Execution error: execution reverted

eth_call

RPC request failed:
    Request: EthCall(WithOtherFields { inner: TransactionRequest { from: None, to: Some(Call(0x8cf096c013ccf46dd2ef072ca0f7fafad242d457)), gas_price: None, max_fee_per_gas: None, max_priority_fee_per_gas: None, max_fee_per_blob_gas: None, gas: None, value: None, input: TransactionInput { input: None, data: Some(0x313ce567) }, nonce: None, chain_id: None, access_list: None, transaction_type: None, blob_versioned_hashes: None, sidecar: None, authorization_list: None }, other: OtherFields {} }, Some(0x12f), None, None)
    Error: Execution error: execution reverted

eth_call

RPC request failed:
    Request: EthCall(WithOtherFields { inner: TransactionRequest { from: None, to: Some(Call(0x8cf096c013ccf46dd2ef072ca0f7fafad242d457)), gas_price: None, max_fee_per_gas: None, max_priority_fee_per_gas: None, max_fee_per_blob_gas: None, gas: None, value: None, input: TransactionInput { input: None, data: Some(0x70a0823100000000000000000000000070997970c51812dc3a010c7d01b50e0d17dc79c8) }, nonce: None, chain_id: None, access_list: None, transaction_type: None, blob_versioned_hashes: None, sidecar: None, authorization_list: None }, other: OtherFields {} }, Some(0x12f), None, None)
    Error: Execution error: execution reverted

eth_call

RPC request failed:
    Request: EthCall(WithOtherFields { inner: TransactionRequest { from: None, to: Some(Call(0x8cf096c013ccf46dd2ef072ca0f7fafad242d457)), gas_price: None, max_fee_per_gas: None, max_priority_fee_per_gas: None, max_fee_per_blob_gas: None, gas: None, value: None, input: TransactionInput { input: None, data: Some(0x01ffc9a780ac58cd00000000000000000000000000000000000000000000000000000000) }, nonce: None, chain_id: None, access_list: None, transaction_type: None, blob_versioned_hashes: None, sidecar: None, authorization_list: None }, other: OtherFields {} }, Some(0x12f), None, None)
    Error: Execution error: execution reverted

eth_blockNumber
eth_call

RPC request failed:
    Request: EthCall(WithOtherFields { inner: TransactionRequest { from: None, to: Some(Call(0x8cf096c013ccf46dd2ef072ca0f7fafad242d457)), gas_price: None, max_fee_per_gas: None, max_priority_fee_per_gas: None, max_fee_per_blob_gas: None, gas: None, value: None, input: TransactionInput { input: None, data: Some(0x01ffc9a7d9b67a2600000000000000000000000000000000000000000000000000000000) }, nonce: None, chain_id: None, access_list: None, transaction_type: None, blob_versioned_hashes: None, sidecar: None, authorization_list: None }, other: OtherFields {} }, Some(0x12f), None, None)
    Error: Execution error: execution reverted

eth_blockNumber
eth_call

RPC request failed:
    Request: EthCall(WithOtherFields { inner: TransactionRequest { from: None, to: Some(Call(0x8cf096c013ccf46dd2ef072ca0f7fafad242d457)), gas_price: None, max_fee_per_gas: None, max_priority_fee_per_gas: None, max_fee_per_blob_gas: None, gas: None, value: None, input: TransactionInput { input: None, data: Some(0x95d89b41) }, nonce: None, chain_id: None, access_list: None, transaction_type: None, blob_versioned_hashes: None, sidecar: None, authorization_list: None }, other: OtherFields {} }, Some(0x12f), None, None)
    Error: Execution error: execution reverted

eth_call

RPC request failed:
    Request: EthCall(WithOtherFields { inner: TransactionRequest { from: None, to: Some(Call(0x8cf096c013ccf46dd2ef072ca0f7fafad242d457)), gas_price: None, max_fee_per_gas: None, max_priority_fee_per_gas: None, max_fee_per_blob_gas: None, gas: None, value: None, input: TransactionInput { input: None, data: Some(0x313ce567) }, nonce: None, chain_id: None, access_list: None, transaction_type: None, blob_versioned_hashes: None, sidecar: None, authorization_list: None }, other: OtherFields {} }, Some(0x12f), None, None)
    Error: Execution error: execution reverted

eth_call

RPC request failed:
    Request: EthCall(WithOtherFields { inner: TransactionRequest { from: None, to: Some(Call(0x8cf096c013ccf46dd2ef072ca0f7fafad242d457)), gas_price: None, max_fee_per_gas: None, max_priority_fee_per_gas: None, max_fee_per_blob_gas: None, gas: None, value: None, input: TransactionInput { input: None, data: Some(0x70a0823100000000000000000000000070997970c51812dc3a010c7d01b50e0d17dc79c8) }, nonce: None, chain_id: None, access_list: None, transaction_type: None, blob_versioned_hashes: None, sidecar: None, authorization_list: None }, other: OtherFields {} }, Some(0x12f), None, None)
    Error: Execution error: execution reverted

eth_getTransactionCount
eth_sendRawTransaction

    Transaction: 0xee5a173711057625e8d13b7d710dfc9d93961fd0c5e0eed6f2d10adcb7869215
    Gas used: 52359

    Block Number: 304
    Block Hash: 0x5eb7310bc4bfa865738aeafc9b377aa129fcd9c9da9f54b353d3e8d34d32ed8e
    Block Time: "Wed, 8 Apr 2026 04:31:50 +0000"

eth_call

RPC request failed:
    Request: EthCall(WithOtherFields { inner: TransactionRequest { from: None, to: Some(Call(0x8cf096c013ccf46dd2ef072ca0f7fafad242d457)), gas_price: None, max_fee_per_gas: None, max_priority_fee_per_gas: None, max_fee_per_blob_gas: None, gas: None, value: None, input: TransactionInput { input: None, data: Some(0x01ffc9a780ac58cd00000000000000000000000000000000000000000000000000000000) }, nonce: None, chain_id: None, access_list: None, transaction_type: None, blob_versioned_hashes: None, sidecar: None, authorization_list: None }, other: OtherFields {} }, Some(0x12f), None, None)
    Error: Execution error: execution reverted

eth_getTransactionReceipt
eth_call

RPC request failed:
    Request: EthCall(WithOtherFields { inner: TransactionRequest { from: None, to: Some(Call(0x8cf096c013ccf46dd2ef072ca0f7fafad242d457)), gas_price: None, max_fee_per_gas: None, max_priority_fee_per_gas: None, max_fee_per_blob_gas: None, gas: None, value: None, input: TransactionInput { input: None, data: Some(0x01ffc9a7d9b67a2600000000000000000000000000000000000000000000000000000000) }, nonce: None, chain_id: None, access_list: None, transaction_type: None, blob_versioned_hashes: None, sidecar: None, authorization_list: None }, other: OtherFields {} }, Some(0x12f), None, None)
    Error: Execution error: execution reverted

eth_call
eth_call
eth_call
eth_call
eth_call
eth_call
eth_call
eth_call
eth_call
eth_call
eth_call
eth_call
eth_call
eth_call
eth_call

RPC request failed:
    Request: EthCall(WithOtherFields { inner: TransactionRequest { from: None, to: Some(Call(0x8cf096c013ccf46dd2ef072ca0f7fafad242d457)), gas_price: None, max_fee_per_gas: None, max_priority_fee_per_gas: None, max_fee_per_blob_gas: None, gas: None, value: None, input: TransactionInput { input: None, data: Some(0x95d89b41) }, nonce: None, chain_id: None, access_list: None, transaction_type: None, blob_versioned_hashes: None, sidecar: None, authorization_list: None }, other: OtherFields {} }, Some(0x12f), None, None)
    Error: Execution error: execution reverted

eth_call
eth_call

RPC request failed:
    Request: EthCall(WithOtherFields { inner: TransactionRequest { from: None, to: Some(Call(0x8cf096c013ccf46dd2ef072ca0f7fafad242d457)), gas_price: None, max_fee_per_gas: None, max_priority_fee_per_gas: None, max_fee_per_blob_gas: None, gas: None, value: None, input: TransactionInput { input: None, data: Some(0x313ce567) }, nonce: None, chain_id: None, access_list: None, transaction_type: None, blob_versioned_hashes: None, sidecar: None, authorization_list: None }, other: OtherFields {} }, Some(0x12f), None, None)
    Error: Execution error: execution reverted

eth_call
eth_call
eth_call
eth_call

RPC request failed:
    Request: EthCall(WithOtherFields { inner: TransactionRequest { from: None, to: None, gas_price: None, max_fee_per_gas: None, max_priority_fee_per_gas: None, max_fee_per_blob_gas: None, gas: None, value: None, input: TransactionInput { input: None, data: Some(0x95d89b41) }, nonce: None, chain_id: None, access_list: None, transaction_type: None, blob_versioned_hashes: None, sidecar: None, authorization_list: None }, other: OtherFields {} }, Some(0x12f), None, None)
    Error: Internal error: EVM error StackOverflow

eth_call

RPC request failed:
    Request: EthCall(WithOtherFields { inner: TransactionRequest { from: None, to: None, gas_price: None, max_fee_per_gas: None, max_priority_fee_per_gas: None, max_fee_per_blob_gas: None, gas: None, value: None, input: TransactionInput { input: None, data: Some(0x95d89b41) }, nonce: None, chain_id: None, access_list: None, transaction_type: None, blob_versioned_hashes: None, sidecar: None, authorization_list: None }, other: OtherFields {} }, Some(0x12f), None, None)
    Error: Internal error: EVM error StackOverflow

eth_getTransactionReceipt
eth_blockNumber
eth_getBlockByHash
eth_blockNumber
eth_call

RPC request failed:
    Request: EthCall(WithOtherFields { inner: TransactionRequest { from: None, to: Some(Call(0x8cf096c013ccf46dd2ef072ca0f7fafad242d457)), gas_price: None, max_fee_per_gas: None, max_priority_fee_per_gas: None, max_fee_per_blob_gas: None, gas: None, value: None, input: TransactionInput { input: None, data: Some(0x01ffc9a780ac58cd00000000000000000000000000000000000000000000000000000000) }, nonce: None, chain_id: None, access_list: None, transaction_type: None, blob_versioned_hashes: None, sidecar: None, authorization_list: None }, other: OtherFields {} }, Some(0x130), None, None)
    Error: Execution error: execution reverted

eth_getBalance
eth_call

RPC request failed:
    Request: EthCall(WithOtherFields { inner: TransactionRequest { from: None, to: Some(Call(0x8cf096c013ccf46dd2ef072ca0f7fafad242d457)), gas_price: None, max_fee_per_gas: None, max_priority_fee_per_gas: None, max_fee_per_blob_gas: None, gas: None, value: None, input: TransactionInput { input: None, data: Some(0x01ffc9a7d9b67a2600000000000000000000000000000000000000000000000000000000) }, nonce: None, chain_id: None, access_list: None, transaction_type: None, blob_versioned_hashes: None, sidecar: None, authorization_list: None }, other: OtherFields {} }, Some(0x130), None, None)
    Error: Execution error: execution reverted

eth_blockNumber
eth_call

RPC request failed:
    Request: EthCall(WithOtherFields { inner: TransactionRequest { from: None, to: Some(Call(0x8cf096c013ccf46dd2ef072ca0f7fafad242d457)), gas_price: None, max_fee_per_gas: None, max_priority_fee_per_gas: None, max_fee_per_blob_gas: None, gas: None, value: None, input: TransactionInput { input: None, data: Some(0x95d89b41) }, nonce: None, chain_id: None, access_list: None, transaction_type: None, blob_versioned_hashes: None, sidecar: None, authorization_list: None }, other: OtherFields {} }, Some(0x130), None, None)
    Error: Execution error: execution reverted

eth_call

RPC request failed:
    Request: EthCall(WithOtherFields { inner: TransactionRequest { from: None, to: Some(Call(0x8cf096c013ccf46dd2ef072ca0f7fafad242d457)), gas_price: None, max_fee_per_gas: None, max_priority_fee_per_gas: None, max_fee_per_blob_gas: None, gas: None, value: None, input: TransactionInput { input: None, data: Some(0x313ce567) }, nonce: None, chain_id: None, access_list: None, transaction_type: None, blob_versioned_hashes: None, sidecar: None, authorization_list: None }, other: OtherFields {} }, Some(0x130), None, None)
    Error: Execution error: execution reverted

eth_gasPrice
eth_blockNumber
eth_blockNumber
eth_blockNumber
eth_blockNumber
eth_blockNumber
eth_blockNumber
eth_blockNumber
eth_blockNumber
eth_blockNumber
eth_blockNumber
eth_blockNumber
eth_blockNumber
eth_blockNumber
eth_blockNumber
eth_blockNumber
eth_blockNumber
eth_blockNumber
eth_blockNumber
eth_blockNumber
eth_blockNumber
eth_blockNumber
eth_blockNumber
eth_blockNumber
eth_blockNumber
eth_blockNumber
eth_blockNumber
eth_blockNumber
eth_blockNumber
eth_blockNumber
eth_blockNumber
eth_blockNumber
eth_blockNumber
eth_blockNumber
eth_blockNumber
eth_blockNumber
eth_blockNumber
eth_blockNumber
eth_blockNumber
eth_blockNumber
eth_blockNumber
eth_blockNumber
eth_getTransactionReceipt
eth_call
eth_call
eth_call
eth_call
eth_call
eth_call
eth_call
eth_call
eth_call
eth_call
eth_call
eth_call
eth_call
eth_call
eth_call
eth_call
eth_call
eth_call
eth_call
eth_call
eth_call
eth_call
eth_call
eth_call
eth_call
eth_blockNumber
eth_blockNumber
eth_blockNumber
eth_blockNumber
eth_blockNumber
eth_blockNumber
eth_blockNumber
eth_blockNumber
eth_blockNumber
eth_blockNumber
eth_blockNumber
eth_blockNumber
eth_blockNumber
eth_blockNumber
eth_blockNumber
eth_blockNumber
eth_blockNumber
eth_blockNumber
eth_blockNumber
eth_blockNumber
eth_blockNumber
eth_blockNumber
eth_blockNumber
eth_blockNumber
eth_blockNumber
eth_blockNumber
eth_blockNumber
eth_blockNumber
eth_blockNumber
eth_blockNumber
eth_blockNumber
eth_blockNumber
eth_blockNumber
eth_blockNumber
eth_blockNumber
eth_blockNumber
eth_blockNumber
eth_blockNumber
eth_blockNumber
eth_blockNumber
eth_blockNumber
eth_blockNumber
eth_call
eth_call
eth_call
eth_call
eth_getTransactionReceipt
eth_call
eth_call
eth_call
eth_call
eth_call
eth_call
eth_call
eth_call
eth_call
eth_call
eth_call
eth_call
eth_call
eth_call
eth_call
eth_call
eth_call
eth_call
eth_call
eth_call
eth_call
eth_blockNumber
eth_blockNumber
eth_blockNumber
eth_blockNumber
eth_blockNumber
eth_blockNumber
eth_blockNumber
eth_blockNumber
eth_blockNumber
eth_blockNumber
eth_blockNumber
eth_blockNumber
eth_blockNumber
eth_blockNumber
eth_blockNumber
eth_blockNumber
eth_blockNumber
eth_blockNumber
eth_blockNumber
eth_blockNumber
eth_blockNumber
eth_blockNumber
eth_blockNumber
eth_blockNumber
eth_blockNumber
eth_blockNumber
eth_blockNumber
eth_blockNumber
eth_blockNumber
eth_blockNumber
eth_blockNumber
eth_blockNumber
eth_blockNumber
eth_blockNumber
eth_blockNumber
eth_blockNumber
eth_blockNumber
eth_blockNumber
eth_blockNumber
eth_blockNumber
eth_blockNumber
eth_blockNumber
eth_blockNumber
eth_blockNumber
eth_blockNumber
eth_blockNumber
eth_blockNumber
eth_blockNumber
eth_blockNumber
eth_blockNumber
eth_blockNumber
eth_blockNumber
eth_blockNumber
eth_blockNumber
eth_blockNumber
eth_blockNumber
eth_blockNumber
eth_blockNumber
eth_blockNumber
eth_blockNumber
eth_blockNumber
eth_blockNumber
eth_blockNumber
eth_blockNumber
eth_blockNumber
eth_blockNumber
eth_blockNumber
eth_blockNumber
eth_blockNumber
eth_blockNumber
eth_blockNumber
eth_blockNumber
eth_blockNumber
eth_blockNumber
eth_blockNumber
eth_blockNumber
eth_blockNumber
eth_getLogs
eth_call
eth_call
eth_call
eth_call
eth_call
eth_call
eth_call
eth_call
eth_call
eth_call
eth_call
eth_call
eth_call
eth_call
eth_call
eth_call
eth_call
eth_call
eth_call
eth_call
eth_call
eth_call
eth_call
eth_call
eth_call
eth_call
eth_call
eth_call
eth_call
eth_call
eth_call
eth_call
eth_call
eth_call
eth_call
eth_call
eth_call
eth_call
eth_call
eth_call
eth_call
eth_call
eth_call
eth_call
eth_call
eth_call
eth_call
eth_call
eth_call
eth_call
eth_blockNumber
eth_blockNumber
eth_blockNumber
eth_blockNumber
eth_blockNumber
eth_blockNumber
eth_blockNumber
eth_blockNumber
eth_call
eth_call
eth_call
eth_call
eth_call
eth_call
eth_call
eth_call
eth_call
eth_call
eth_call
eth_call
eth_call
eth_call
eth_call
eth_call
eth_call
eth_call
eth_call
eth_call
eth_call
eth_call
eth_call
eth_call
eth_call
eth_blockNumber
eth_call
eth_call
eth_call
eth_call
eth_call
eth_call
eth_call
eth_call
eth_call
eth_call
eth_call
eth_call
eth_call
eth_call
eth_call
eth_call
eth_call
eth_call
eth_call
eth_call
eth_call
eth_call
eth_call
eth_call
eth_call
eth_blockNumber
eth_getCode
eth_getCode
eth_getBlockByNumber
eth_estimateGas
eth_blockNumber
eth_call

RPC request failed:
    Request: EthCall(WithOtherFields { inner: TransactionRequest { from: None, to: Some(Call(0xf949dfa362518486206c1de8ce76b3c7727159f7)), gas_price: None, max_fee_per_gas: None, max_priority_fee_per_gas: None, max_fee_per_blob_gas: None, gas: None, value: None, input: TransactionInput { input: None, data: Some(0x01ffc9a780ac58cd00000000000000000000000000000000000000000000000000000000) }, nonce: None, chain_id: None, access_list: None, transaction_type: None, blob_versioned_hashes: None, sidecar: None, authorization_list: None }, other: OtherFields {} }, Some(0x130), None, None)
    Error: Execution error: execution reverted

eth_call

RPC request failed:
    Request: EthCall(WithOtherFields { inner: TransactionRequest { from: None, to: Some(Call(0xf949dfa362518486206c1de8ce76b3c7727159f7)), gas_price: None, max_fee_per_gas: None, max_priority_fee_per_gas: None, max_fee_per_blob_gas: None, gas: None, value: None, input: TransactionInput { input: None, data: Some(0x01ffc9a7d9b67a2600000000000000000000000000000000000000000000000000000000) }, nonce: None, chain_id: None, access_list: None, transaction_type: None, blob_versioned_hashes: None, sidecar: None, authorization_list: None }, other: OtherFields {} }, Some(0x130), None, None)
    Error: Execution error: execution reverted

eth_call

RPC request failed:
    Request: EthCall(WithOtherFields { inner: TransactionRequest { from: None, to: Some(Call(0xf949dfa362518486206c1de8ce76b3c7727159f7)), gas_price: None, max_fee_per_gas: None, max_priority_fee_per_gas: None, max_fee_per_blob_gas: None, gas: None, value: None, input: TransactionInput { input: None, data: Some(0x95d89b41) }, nonce: None, chain_id: None, access_list: None, transaction_type: None, blob_versioned_hashes: None, sidecar: None, authorization_list: None }, other: OtherFields {} }, Some(0x130), None, None)
    Error: Execution error: execution reverted

eth_call

RPC request failed:
    Request: EthCall(WithOtherFields { inner: TransactionRequest { from: None, to: Some(Call(0xf949dfa362518486206c1de8ce76b3c7727159f7)), gas_price: None, max_fee_per_gas: None, max_priority_fee_per_gas: None, max_fee_per_blob_gas: None, gas: None, value: None, input: TransactionInput { input: None, data: Some(0x313ce567) }, nonce: None, chain_id: None, access_list: None, transaction_type: None, blob_versioned_hashes: None, sidecar: None, authorization_list: None }, other: OtherFields {} }, Some(0x130), None, None)
    Error: Execution error: execution reverted

eth_call

RPC request failed:
    Request: EthCall(WithOtherFields { inner: TransactionRequest { from: None, to: Some(Call(0xf949dfa362518486206c1de8ce76b3c7727159f7)), gas_price: None, max_fee_per_gas: None, max_priority_fee_per_gas: None, max_fee_per_blob_gas: None, gas: None, value: None, input: TransactionInput { input: None, data: Some(0x01ffc9a780ac58cd00000000000000000000000000000000000000000000000000000000) }, nonce: None, chain_id: None, access_list: None, transaction_type: None, blob_versioned_hashes: None, sidecar: None, authorization_list: None }, other: OtherFields {} }, Some(0x130), None, None)
    Error: Execution error: execution reverted

eth_call

RPC request failed:
    Request: EthCall(WithOtherFields { inner: TransactionRequest { from: None, to: Some(Call(0xf949dfa362518486206c1de8ce76b3c7727159f7)), gas_price: None, max_fee_per_gas: None, max_priority_fee_per_gas: None, max_fee_per_blob_gas: None, gas: None, value: None, input: TransactionInput { input: None, data: Some(0x01ffc9a7d9b67a2600000000000000000000000000000000000000000000000000000000) }, nonce: None, chain_id: None, access_list: None, transaction_type: None, blob_versioned_hashes: None, sidecar: None, authorization_list: None }, other: OtherFields {} }, Some(0x130), None, None)
    Error: Execution error: execution reverted

eth_call

RPC request failed:
    Request: EthCall(WithOtherFields { inner: TransactionRequest { from: None, to: Some(Call(0xf949dfa362518486206c1de8ce76b3c7727159f7)), gas_price: None, max_fee_per_gas: None, max_priority_fee_per_gas: None, max_fee_per_blob_gas: None, gas: None, value: None, input: TransactionInput { input: None, data: Some(0x01ffc9a780ac58cd00000000000000000000000000000000000000000000000000000000) }, nonce: None, chain_id: None, access_list: None, transaction_type: None, blob_versioned_hashes: None, sidecar: None, authorization_list: None }, other: OtherFields {} }, Some(0x130), None, None)
    Error: Execution error: execution reverted

eth_call

RPC request failed:
    Request: EthCall(WithOtherFields { inner: TransactionRequest { from: None, to: Some(Call(0xf949dfa362518486206c1de8ce76b3c7727159f7)), gas_price: None, max_fee_per_gas: None, max_priority_fee_per_gas: None, max_fee_per_blob_gas: None, gas: None, value: None, input: TransactionInput { input: None, data: Some(0x95d89b41) }, nonce: None, chain_id: None, access_list: None, transaction_type: None, blob_versioned_hashes: None, sidecar: None, authorization_list: None }, other: OtherFields {} }, Some(0x130), None, None)
    Error: Execution error: execution reverted

eth_call

RPC request failed:
    Request: EthCall(WithOtherFields { inner: TransactionRequest { from: None, to: Some(Call(0xf949dfa362518486206c1de8ce76b3c7727159f7)), gas_price: None, max_fee_per_gas: None, max_priority_fee_per_gas: None, max_fee_per_blob_gas: None, gas: None, value: None, input: TransactionInput { input: None, data: Some(0x313ce567) }, nonce: None, chain_id: None, access_list: None, transaction_type: None, blob_versioned_hashes: None, sidecar: None, authorization_list: None }, other: OtherFields {} }, Some(0x130), None, None)
    Error: Execution error: execution reverted

eth_call

RPC request failed:
    Request: EthCall(WithOtherFields { inner: TransactionRequest { from: None, to: Some(Call(0xf949dfa362518486206c1de8ce76b3c7727159f7)), gas_price: None, max_fee_per_gas: None, max_priority_fee_per_gas: None, max_fee_per_blob_gas: None, gas: None, value: None, input: TransactionInput { input: None, data: Some(0x70a0823100000000000000000000000070997970c51812dc3a010c7d01b50e0d17dc79c8) }, nonce: None, chain_id: None, access_list: None, transaction_type: None, blob_versioned_hashes: None, sidecar: None, authorization_list: None }, other: OtherFields {} }, Some(0x130), None, None)
    Error: Execution error: execution reverted

eth_call

RPC request failed:
    Request: EthCall(WithOtherFields { inner: TransactionRequest { from: None, to: Some(Call(0xf949dfa362518486206c1de8ce76b3c7727159f7)), gas_price: None, max_fee_per_gas: None, max_priority_fee_per_gas: None, max_fee_per_blob_gas: None, gas: None, value: None, input: TransactionInput { input: None, data: Some(0x01ffc9a7d9b67a2600000000000000000000000000000000000000000000000000000000) }, nonce: None, chain_id: None, access_list: None, transaction_type: None, blob_versioned_hashes: None, sidecar: None, authorization_list: None }, other: OtherFields {} }, Some(0x130), None, None)
    Error: Execution error: execution reverted

eth_call

RPC request failed:
    Request: EthCall(WithOtherFields { inner: TransactionRequest { from: None, to: Some(Call(0xf949dfa362518486206c1de8ce76b3c7727159f7)), gas_price: None, max_fee_per_gas: None, max_priority_fee_per_gas: None, max_fee_per_blob_gas: None, gas: None, value: None, input: TransactionInput { input: None, data: Some(0x95d89b41) }, nonce: None, chain_id: None, access_list: None, transaction_type: None, blob_versioned_hashes: None, sidecar: None, authorization_list: None }, other: OtherFields {} }, Some(0x130), None, None)
    Error: Execution error: execution reverted

eth_call

RPC request failed:
    Request: EthCall(WithOtherFields { inner: TransactionRequest { from: None, to: Some(Call(0xf949dfa362518486206c1de8ce76b3c7727159f7)), gas_price: None, max_fee_per_gas: None, max_priority_fee_per_gas: None, max_fee_per_blob_gas: None, gas: None, value: None, input: TransactionInput { input: None, data: Some(0x313ce567) }, nonce: None, chain_id: None, access_list: None, transaction_type: None, blob_versioned_hashes: None, sidecar: None, authorization_list: None }, other: OtherFields {} }, Some(0x130), None, None)
    Error: Execution error: execution reverted

eth_call

RPC request failed:
    Request: EthCall(WithOtherFields { inner: TransactionRequest { from: None, to: Some(Call(0xf949dfa362518486206c1de8ce76b3c7727159f7)), gas_price: None, max_fee_per_gas: None, max_priority_fee_per_gas: None, max_fee_per_blob_gas: None, gas: None, value: None, input: TransactionInput { input: None, data: Some(0x70a0823100000000000000000000000070997970c51812dc3a010c7d01b50e0d17dc79c8) }, nonce: None, chain_id: None, access_list: None, transaction_type: None, blob_versioned_hashes: None, sidecar: None, authorization_list: None }, other: OtherFields {} }, Some(0x130), None, None)
    Error: Execution error: execution reverted

eth_call

RPC request failed:
    Request: EthCall(WithOtherFields { inner: TransactionRequest { from: None, to: Some(Call(0xf949dfa362518486206c1de8ce76b3c7727159f7)), gas_price: None, max_fee_per_gas: None, max_priority_fee_per_gas: None, max_fee_per_blob_gas: None, gas: None, value: None, input: TransactionInput { input: None, data: Some(0x01ffc9a780ac58cd00000000000000000000000000000000000000000000000000000000) }, nonce: None, chain_id: None, access_list: None, transaction_type: None, blob_versioned_hashes: None, sidecar: None, authorization_list: None }, other: OtherFields {} }, Some(0x130), None, None)
    Error: Execution error: execution reverted

eth_call

RPC request failed:
    Request: EthCall(WithOtherFields { inner: TransactionRequest { from: None, to: Some(Call(0xf949dfa362518486206c1de8ce76b3c7727159f7)), gas_price: None, max_fee_per_gas: None, max_priority_fee_per_gas: None, max_fee_per_blob_gas: None, gas: None, value: None, input: TransactionInput { input: None, data: Some(0x01ffc9a7d9b67a2600000000000000000000000000000000000000000000000000000000) }, nonce: None, chain_id: None, access_list: None, transaction_type: None, blob_versioned_hashes: None, sidecar: None, authorization_list: None }, other: OtherFields {} }, Some(0x130), None, None)
    Error: Execution error: execution reverted

eth_blockNumber
eth_call

RPC request failed:
    Request: EthCall(WithOtherFields { inner: TransactionRequest { from: None, to: Some(Call(0xf949dfa362518486206c1de8ce76b3c7727159f7)), gas_price: None, max_fee_per_gas: None, max_priority_fee_per_gas: None, max_fee_per_blob_gas: None, gas: None, value: None, input: TransactionInput { input: None, data: Some(0x95d89b41) }, nonce: None, chain_id: None, access_list: None, transaction_type: None, blob_versioned_hashes: None, sidecar: None, authorization_list: None }, other: OtherFields {} }, Some(0x130), None, None)
    Error: Execution error: execution reverted

eth_call

RPC request failed:
    Request: EthCall(WithOtherFields { inner: TransactionRequest { from: None, to: Some(Call(0xf949dfa362518486206c1de8ce76b3c7727159f7)), gas_price: None, max_fee_per_gas: None, max_priority_fee_per_gas: None, max_fee_per_blob_gas: None, gas: None, value: None, input: TransactionInput { input: None, data: Some(0x313ce567) }, nonce: None, chain_id: None, access_list: None, transaction_type: None, blob_versioned_hashes: None, sidecar: None, authorization_list: None }, other: OtherFields {} }, Some(0x130), None, None)
    Error: Execution error: execution reverted

eth_call

RPC request failed:
    Request: EthCall(WithOtherFields { inner: TransactionRequest { from: None, to: Some(Call(0xf949dfa362518486206c1de8ce76b3c7727159f7)), gas_price: None, max_fee_per_gas: None, max_priority_fee_per_gas: None, max_fee_per_blob_gas: None, gas: None, value: None, input: TransactionInput { input: None, data: Some(0x70a0823100000000000000000000000070997970c51812dc3a010c7d01b50e0d17dc79c8) }, nonce: None, chain_id: None, access_list: None, transaction_type: None, blob_versioned_hashes: None, sidecar: None, authorization_list: None }, other: OtherFields {} }, Some(0x130), None, None)
    Error: Execution error: execution reverted

eth_getTransactionCount
eth_sendRawTransaction
eth_call

RPC request failed:
    Request: EthCall(WithOtherFields { inner: TransactionRequest { from: None, to: Some(Call(0xf949dfa362518486206c1de8ce76b3c7727159f7)), gas_price: None, max_fee_per_gas: None, max_priority_fee_per_gas: None, max_fee_per_blob_gas: None, gas: None, value: None, input: TransactionInput { input: None, data: Some(0x01ffc9a780ac58cd00000000000000000000000000000000000000000000000000000000) }, nonce: None, chain_id: None, access_list: None, transaction_type: None, blob_versioned_hashes: None, sidecar: None, authorization_list: None }, other: OtherFields {} }, Some(0x130), None, None)
    Error: Execution error: execution reverted


    Transaction: 0x6214d488994680649413e083e5b475060272e31aeb7fd427cefcd9a2364f029f
    Gas used: 49138

    Block Number: 305
    Block Hash: 0x323cf3e138a6957fdd260465ca0e3f84a956b83ce14d386eeb8ac458c787325b
eth_getTransactionReceipt
    Block Time: "Wed, 8 Apr 2026 12:47:00 +0000"

eth_call

RPC request failed:
    Request: EthCall(WithOtherFields { inner: TransactionRequest { from: None, to: Some(Call(0xf949dfa362518486206c1de8ce76b3c7727159f7)), gas_price: None, max_fee_per_gas: None, max_priority_fee_per_gas: None, max_fee_per_blob_gas: None, gas: None, value: None, input: TransactionInput { input: None, data: Some(0x01ffc9a7d9b67a2600000000000000000000000000000000000000000000000000000000) }, nonce: None, chain_id: None, access_list: None, transaction_type: None, blob_versioned_hashes: None, sidecar: None, authorization_list: None }, other: OtherFields {} }, Some(0x130), None, None)
    Error: Execution error: execution reverted

eth_call
eth_call
eth_call
eth_call
eth_call
eth_call

RPC request failed:
    Request: EthCall(WithOtherFields { inner: TransactionRequest { from: None, to: Some(Call(0xf949dfa362518486206c1de8ce76b3c7727159f7)), gas_price: None, max_fee_per_gas: None, max_priority_fee_per_gas: None, max_fee_per_blob_gas: None, gas: None, value: None, input: TransactionInput { input: None, data: Some(0x95d89b41) }, nonce: None, chain_id: None, access_list: None, transaction_type: None, blob_versioned_hashes: None, sidecar: None, authorization_list: None }, other: OtherFields {} }, Some(0x130), None, None)
    Error: Execution error: execution reverted

eth_call
eth_call
eth_call
eth_call
eth_call
eth_call
eth_call
eth_call
eth_call

RPC request failed:
    Request: EthCall(WithOtherFields { inner: TransactionRequest { from: None, to: Some(Call(0xf949dfa362518486206c1de8ce76b3c7727159f7)), gas_price: None, max_fee_per_gas: None, max_priority_fee_per_gas: None, max_fee_per_blob_gas: None, gas: None, value: None, input: TransactionInput { input: None, data: Some(0x313ce567) }, nonce: None, chain_id: None, access_list: None, transaction_type: None, blob_versioned_hashes: None, sidecar: None, authorization_list: None }, other: OtherFields {} }, Some(0x130), None, None)
    Error: Execution error: execution reverted

eth_call
eth_call
eth_call
eth_call
eth_call
eth_call

RPC request failed:
    Request: EthCall(WithOtherFields { inner: TransactionRequest { from: None, to: None, gas_price: None, max_fee_per_gas: None, max_priority_fee_per_gas: None, max_fee_per_blob_gas: None, gas: None, value: None, input: TransactionInput { input: None, data: Some(0x95d89b41) }, nonce: None, chain_id: None, access_list: None, transaction_type: None, blob_versioned_hashes: None, sidecar: None, authorization_list: None }, other: OtherFields {} }, Some(0x130), None, None)
    Error: Internal error: EVM error StackOverflow

eth_call

RPC request failed:
    Request: EthCall(WithOtherFields { inner: TransactionRequest { from: None, to: None, gas_price: None, max_fee_per_gas: None, max_priority_fee_per_gas: None, max_fee_per_blob_gas: None, gas: None, value: None, input: TransactionInput { input: None, data: Some(0x95d89b41) }, nonce: None, chain_id: None, access_list: None, transaction_type: None, blob_versioned_hashes: None, sidecar: None, authorization_list: None }, other: OtherFields {} }, Some(0x130), None, None)
    Error: Internal error: EVM error StackOverflow

eth_getTransactionReceipt
eth_blockNumber
eth_getBlockByHash
eth_blockNumber
eth_call

RPC request failed:
    Request: EthCall(WithOtherFields { inner: TransactionRequest { from: None, to: Some(Call(0xf949dfa362518486206c1de8ce76b3c7727159f7)), gas_price: None, max_fee_per_gas: None, max_priority_fee_per_gas: None, max_fee_per_blob_gas: None, gas: None, value: None, input: TransactionInput { input: None, data: Some(0x01ffc9a780ac58cd00000000000000000000000000000000000000000000000000000000) }, nonce: None, chain_id: None, access_list: None, transaction_type: None, blob_versioned_hashes: None, sidecar: None, authorization_list: None }, other: OtherFields {} }, Some(0x131), None, None)
    Error: Execution error: execution reverted

eth_getBalance
eth_call

RPC request failed:
    Request: EthCall(WithOtherFields { inner: TransactionRequest { from: None, to: Some(Call(0xf949dfa362518486206c1de8ce76b3c7727159f7)), gas_price: None, max_fee_per_gas: None, max_priority_fee_per_gas: None, max_fee_per_blob_gas: None, gas: None, value: None, input: TransactionInput { input: None, data: Some(0x01ffc9a7d9b67a2600000000000000000000000000000000000000000000000000000000) }, nonce: None, chain_id: None, access_list: None, transaction_type: None, blob_versioned_hashes: None, sidecar: None, authorization_list: None }, other: OtherFields {} }, Some(0x131), None, None)
    Error: Execution error: execution reverted

eth_call

RPC request failed:
    Request: EthCall(WithOtherFields { inner: TransactionRequest { from: None, to: Some(Call(0xf949dfa362518486206c1de8ce76b3c7727159f7)), gas_price: None, max_fee_per_gas: None, max_priority_fee_per_gas: None, max_fee_per_blob_gas: None, gas: None, value: None, input: TransactionInput { input: None, data: Some(0x95d89b41) }, nonce: None, chain_id: None, access_list: None, transaction_type: None, blob_versioned_hashes: None, sidecar: None, authorization_list: None }, other: OtherFields {} }, Some(0x131), None, None)
    Error: Execution error: execution reverted

eth_call

RPC request failed:
    Request: EthCall(WithOtherFields { inner: TransactionRequest { from: None, to: Some(Call(0xf949dfa362518486206c1de8ce76b3c7727159f7)), gas_price: None, max_fee_per_gas: None, max_priority_fee_per_gas: None, max_fee_per_blob_gas: None, gas: None, value: None, input: TransactionInput { input: None, data: Some(0x313ce567) }, nonce: None, chain_id: None, access_list: None, transaction_type: None, blob_versioned_hashes: None, sidecar: None, authorization_list: None }, other: OtherFields {} }, Some(0x131), None, None)
    Error: Execution error: execution reverted

eth_gasPrice
eth_blockNumber
eth_getTransactionReceipt
eth_call
eth_call
eth_call
eth_call
eth_call
eth_call
eth_call
eth_call
eth_call
eth_call
eth_call
eth_call
eth_call
eth_call
eth_call
eth_call
eth_call
eth_call
eth_call
eth_call
eth_call
eth_call
eth_call
eth_call
eth_call
eth_blockNumber
eth_call
eth_call
eth_call
eth_call
eth_call
eth_call
eth_call
eth_call
eth_call
eth_call
eth_call
eth_call
eth_getBlockByNumber
eth_blockNumber
eth_getBalance
eth_blockNumber
eth_blockNumber
eth_blockNumber
eth_blockNumber
eth_blockNumber
eth_getCode
eth_getCode
eth_estimateGas
eth_blockNumber
eth_call

RPC request failed:
    Request: EthCall(WithOtherFields { inner: TransactionRequest { from: None, to: Some(Call(0xe8addd62fed354203d079926a8e563bc1a7fe81e)), gas_price: None, max_fee_per_gas: None, max_priority_fee_per_gas: None, max_fee_per_blob_gas: None, gas: None, value: None, input: TransactionInput { input: None, data: Some(0x01ffc9a780ac58cd00000000000000000000000000000000000000000000000000000000) }, nonce: None, chain_id: None, access_list: None, transaction_type: None, blob_versioned_hashes: None, sidecar: None, authorization_list: None }, other: OtherFields {} }, Some(0x131), None, None)
    Error: Execution error: execution reverted

eth_call

RPC request failed:
    Request: EthCall(WithOtherFields { inner: TransactionRequest { from: None, to: Some(Call(0xe8addd62fed354203d079926a8e563bc1a7fe81e)), gas_price: None, max_fee_per_gas: None, max_priority_fee_per_gas: None, max_fee_per_blob_gas: None, gas: None, value: None, input: TransactionInput { input: None, data: Some(0x01ffc9a7d9b67a2600000000000000000000000000000000000000000000000000000000) }, nonce: None, chain_id: None, access_list: None, transaction_type: None, blob_versioned_hashes: None, sidecar: None, authorization_list: None }, other: OtherFields {} }, Some(0x131), None, None)
    Error: Execution error: execution reverted

eth_call

RPC request failed:
    Request: EthCall(WithOtherFields { inner: TransactionRequest { from: None, to: Some(Call(0xe8addd62fed354203d079926a8e563bc1a7fe81e)), gas_price: None, max_fee_per_gas: None, max_priority_fee_per_gas: None, max_fee_per_blob_gas: None, gas: None, value: None, input: TransactionInput { input: None, data: Some(0x95d89b41) }, nonce: None, chain_id: None, access_list: None, transaction_type: None, blob_versioned_hashes: None, sidecar: None, authorization_list: None }, other: OtherFields {} }, Some(0x131), None, None)
    Error: Execution error: execution reverted

eth_call

RPC request failed:
    Request: EthCall(WithOtherFields { inner: TransactionRequest { from: None, to: Some(Call(0xe8addd62fed354203d079926a8e563bc1a7fe81e)), gas_price: None, max_fee_per_gas: None, max_priority_fee_per_gas: None, max_fee_per_blob_gas: None, gas: None, value: None, input: TransactionInput { input: None, data: Some(0x313ce567) }, nonce: None, chain_id: None, access_list: None, transaction_type: None, blob_versioned_hashes: None, sidecar: None, authorization_list: None }, other: OtherFields {} }, Some(0x131), None, None)
    Error: Execution error: execution reverted

eth_call

RPC request failed:
    Request: EthCall(WithOtherFields { inner: TransactionRequest { from: None, to: Some(Call(0xe8addd62fed354203d079926a8e563bc1a7fe81e)), gas_price: None, max_fee_per_gas: None, max_priority_fee_per_gas: None, max_fee_per_blob_gas: None, gas: None, value: None, input: TransactionInput { input: None, data: Some(0x01ffc9a780ac58cd00000000000000000000000000000000000000000000000000000000) }, nonce: None, chain_id: None, access_list: None, transaction_type: None, blob_versioned_hashes: None, sidecar: None, authorization_list: None }, other: OtherFields {} }, Some(0x131), None, None)
    Error: Execution error: execution reverted

eth_call

RPC request failed:
    Request: EthCall(WithOtherFields { inner: TransactionRequest { from: None, to: Some(Call(0xe8addd62fed354203d079926a8e563bc1a7fe81e)), gas_price: None, max_fee_per_gas: None, max_priority_fee_per_gas: None, max_fee_per_blob_gas: None, gas: None, value: None, input: TransactionInput { input: None, data: Some(0x01ffc9a7d9b67a2600000000000000000000000000000000000000000000000000000000) }, nonce: None, chain_id: None, access_list: None, transaction_type: None, blob_versioned_hashes: None, sidecar: None, authorization_list: None }, other: OtherFields {} }, Some(0x131), None, None)
    Error: Execution error: execution reverted

eth_call

RPC request failed:
    Request: EthCall(WithOtherFields { inner: TransactionRequest { from: None, to: Some(Call(0xe8addd62fed354203d079926a8e563bc1a7fe81e)), gas_price: None, max_fee_per_gas: None, max_priority_fee_per_gas: None, max_fee_per_blob_gas: None, gas: None, value: None, input: TransactionInput { input: None, data: Some(0x95d89b41) }, nonce: None, chain_id: None, access_list: None, transaction_type: None, blob_versioned_hashes: None, sidecar: None, authorization_list: None }, other: OtherFields {} }, Some(0x131), None, None)
    Error: Execution error: execution reverted

eth_call

RPC request failed:
    Request: EthCall(WithOtherFields { inner: TransactionRequest { from: None, to: Some(Call(0xe8addd62fed354203d079926a8e563bc1a7fe81e)), gas_price: None, max_fee_per_gas: None, max_priority_fee_per_gas: None, max_fee_per_blob_gas: None, gas: None, value: None, input: TransactionInput { input: None, data: Some(0x313ce567) }, nonce: None, chain_id: None, access_list: None, transaction_type: None, blob_versioned_hashes: None, sidecar: None, authorization_list: None }, other: OtherFields {} }, Some(0x131), None, None)
    Error: Execution error: execution reverted

eth_call

RPC request failed:
    Request: EthCall(WithOtherFields { inner: TransactionRequest { from: None, to: Some(Call(0xe8addd62fed354203d079926a8e563bc1a7fe81e)), gas_price: None, max_fee_per_gas: None, max_priority_fee_per_gas: None, max_fee_per_blob_gas: None, gas: None, value: None, input: TransactionInput { input: None, data: Some(0x70a08231000000000000000000000000f39fd6e51aad88f6f4ce6ab8827279cfffb92266) }, nonce: None, chain_id: None, access_list: None, transaction_type: None, blob_versioned_hashes: None, sidecar: None, authorization_list: None }, other: OtherFields {} }, Some(0x131), None, None)
    Error: Execution error: execution reverted

eth_call

RPC request failed:
    Request: EthCall(WithOtherFields { inner: TransactionRequest { from: None, to: Some(Call(0xe8addd62fed354203d079926a8e563bc1a7fe81e)), gas_price: None, max_fee_per_gas: None, max_priority_fee_per_gas: None, max_fee_per_blob_gas: None, gas: None, value: None, input: TransactionInput { input: None, data: Some(0x01ffc9a780ac58cd00000000000000000000000000000000000000000000000000000000) }, nonce: None, chain_id: None, access_list: None, transaction_type: None, blob_versioned_hashes: None, sidecar: None, authorization_list: None }, other: OtherFields {} }, Some(0x131), None, None)
    Error: Execution error: execution reverted

eth_call

RPC request failed:
    Request: EthCall(WithOtherFields { inner: TransactionRequest { from: None, to: Some(Call(0xe8addd62fed354203d079926a8e563bc1a7fe81e)), gas_price: None, max_fee_per_gas: None, max_priority_fee_per_gas: None, max_fee_per_blob_gas: None, gas: None, value: None, input: TransactionInput { input: None, data: Some(0x01ffc9a7d9b67a2600000000000000000000000000000000000000000000000000000000) }, nonce: None, chain_id: None, access_list: None, transaction_type: None, blob_versioned_hashes: None, sidecar: None, authorization_list: None }, other: OtherFields {} }, Some(0x131), None, None)
    Error: Execution error: execution reverted

eth_blockNumber
eth_call

RPC request failed:
    Request: EthCall(WithOtherFields { inner: TransactionRequest { from: None, to: Some(Call(0xe8addd62fed354203d079926a8e563bc1a7fe81e)), gas_price: None, max_fee_per_gas: None, max_priority_fee_per_gas: None, max_fee_per_blob_gas: None, gas: None, value: None, input: TransactionInput { input: None, data: Some(0x95d89b41) }, nonce: None, chain_id: None, access_list: None, transaction_type: None, blob_versioned_hashes: None, sidecar: None, authorization_list: None }, other: OtherFields {} }, Some(0x131), None, None)
    Error: Execution error: execution reverted

eth_call
eth_call

RPC request failed:
    Request: EthCall(WithOtherFields { inner: TransactionRequest { from: None, to: Some(Call(0xe8addd62fed354203d079926a8e563bc1a7fe81e)), gas_price: None, max_fee_per_gas: None, max_priority_fee_per_gas: None, max_fee_per_blob_gas: None, gas: None, value: None, input: TransactionInput { input: None, data: Some(0x313ce567) }, nonce: None, chain_id: None, access_list: None, transaction_type: None, blob_versioned_hashes: None, sidecar: None, authorization_list: None }, other: OtherFields {} }, Some(0x131), None, None)
    Error: Execution error: execution reverted


RPC request failed:
    Request: EthCall(WithOtherFields { inner: TransactionRequest { from: None, to: Some(Call(0xe8addd62fed354203d079926a8e563bc1a7fe81e)), gas_price: None, max_fee_per_gas: None, max_priority_fee_per_gas: None, max_fee_per_blob_gas: None, gas: None, value: None, input: TransactionInput { input: None, data: Some(0x70a08231000000000000000000000000f39fd6e51aad88f6f4ce6ab8827279cfffb92266) }, nonce: None, chain_id: None, access_list: None, transaction_type: None, blob_versioned_hashes: None, sidecar: None, authorization_list: None }, other: OtherFields {} }, Some(0x131), None, None)
    Error: Execution error: execution reverted

eth_getTransactionCount
eth_sendRawTransaction

    Transaction: 0x8e88f67526eb82bae9ec0a077019103cc7f71c8a171d405af087f2900519fd95
    Gas used: 4440857

    Block Number: 306
    Block Hash: 0x1efc36179aa1ce6e55f8e5ed4db5c7c5b0e1f24ab356fc99121374def8da5fac
    Block Time: "Wed, 8 Apr 2026 12:49:03 +0000"

eth_call

RPC request failed:
    Request: EthCall(WithOtherFields { inner: TransactionRequest { from: None, to: Some(Call(0xe8addd62fed354203d079926a8e563bc1a7fe81e)), gas_price: None, max_fee_per_gas: None, max_priority_fee_per_gas: None, max_fee_per_blob_gas: None, gas: None, value: None, input: TransactionInput { input: None, data: Some(0x01ffc9a780ac58cd00000000000000000000000000000000000000000000000000000000) }, nonce: None, chain_id: None, access_list: None, transaction_type: None, blob_versioned_hashes: None, sidecar: None, authorization_list: None }, other: OtherFields {} }, Some(0x131), None, None)
    Error: Execution error: execution reverted

eth_getTransactionReceipt
eth_call

RPC request failed:
    Request: EthCall(WithOtherFields { inner: TransactionRequest { from: None, to: Some(Call(0xe8addd62fed354203d079926a8e563bc1a7fe81e)), gas_price: None, max_fee_per_gas: None, max_priority_fee_per_gas: None, max_fee_per_blob_gas: None, gas: None, value: None, input: TransactionInput { input: None, data: Some(0x01ffc9a7d9b67a2600000000000000000000000000000000000000000000000000000000) }, nonce: None, chain_id: None, access_list: None, transaction_type: None, blob_versioned_hashes: None, sidecar: None, authorization_list: None }, other: OtherFields {} }, Some(0x131), None, None)
    Error: Execution error: execution reverted

eth_call

RPC request failed:
    Request: EthCall(WithOtherFields { inner: TransactionRequest { from: None, to: Some(Call(0xe8addd62fed354203d079926a8e563bc1a7fe81e)), gas_price: None, max_fee_per_gas: None, max_priority_fee_per_gas: None, max_fee_per_blob_gas: None, gas: None, value: None, input: TransactionInput { input: None, data: Some(0x95d89b41) }, nonce: None, chain_id: None, access_list: None, transaction_type: None, blob_versioned_hashes: None, sidecar: None, authorization_list: None }, other: OtherFields {} }, Some(0x131), None, None)
    Error: Execution error: execution reverted

eth_call

RPC request failed:
    Request: EthCall(WithOtherFields { inner: TransactionRequest { from: None, to: Some(Call(0xe8addd62fed354203d079926a8e563bc1a7fe81e)), gas_price: None, max_fee_per_gas: None, max_priority_fee_per_gas: None, max_fee_per_blob_gas: None, gas: None, value: None, input: TransactionInput { input: None, data: Some(0x313ce567) }, nonce: None, chain_id: None, access_list: None, transaction_type: None, blob_versioned_hashes: None, sidecar: None, authorization_list: None }, other: OtherFields {} }, Some(0x131), None, None)
    Error: Execution error: execution reverted

eth_call

RPC request failed:
    Request: EthCall(WithOtherFields { inner: TransactionRequest { from: None, to: None, gas_price: None, max_fee_per_gas: None, max_priority_fee_per_gas: None, max_fee_per_blob_gas: None, gas: None, value: None, input: TransactionInput { input: None, data: Some(0x95d89b41) }, nonce: None, chain_id: None, access_list: None, transaction_type: None, blob_versioned_hashes: None, sidecar: None, authorization_list: None }, other: OtherFields {} }, Some(0x131), None, None)
    Error: Internal error: EVM error StackOverflow

eth_call

RPC request failed:
    Request: EthCall(WithOtherFields { inner: TransactionRequest { from: None, to: None, gas_price: None, max_fee_per_gas: None, max_priority_fee_per_gas: None, max_fee_per_blob_gas: None, gas: None, value: None, input: TransactionInput { input: None, data: Some(0x95d89b41) }, nonce: None, chain_id: None, access_list: None, transaction_type: None, blob_versioned_hashes: None, sidecar: None, authorization_list: None }, other: OtherFields {} }, Some(0x131), None, None)
    Error: Internal error: EVM error StackOverflow

eth_getLogs
eth_getLogs
eth_call
eth_call
eth_call
eth_call
eth_call
eth_call
eth_call
eth_call
eth_call
eth_call
eth_call
eth_call
eth_call
eth_call
eth_call
eth_call
eth_call
eth_call
eth_call
eth_call
eth_call
eth_call
eth_call
eth_call
eth_call
eth_call
eth_call
eth_call
eth_call
eth_getTransactionReceipt
eth_blockNumber
eth_getBlockByHash
eth_blockNumber
eth_call

RPC request failed:
    Request: EthCall(WithOtherFields { inner: TransactionRequest { from: None, to: Some(Call(0xe8addd62fed354203d079926a8e563bc1a7fe81e)), gas_price: None, max_fee_per_gas: None, max_priority_fee_per_gas: None, max_fee_per_blob_gas: None, gas: None, value: None, input: TransactionInput { input: None, data: Some(0x01ffc9a780ac58cd00000000000000000000000000000000000000000000000000000000) }, nonce: None, chain_id: None, access_list: None, transaction_type: None, blob_versioned_hashes: None, sidecar: None, authorization_list: None }, other: OtherFields {} }, Some(0x132), None, None)
    Error: Execution error: execution reverted

eth_getBalance
eth_call

RPC request failed:
    Request: EthCall(WithOtherFields { inner: TransactionRequest { from: None, to: Some(Call(0xe8addd62fed354203d079926a8e563bc1a7fe81e)), gas_price: None, max_fee_per_gas: None, max_priority_fee_per_gas: None, max_fee_per_blob_gas: None, gas: None, value: None, input: TransactionInput { input: None, data: Some(0x01ffc9a7d9b67a2600000000000000000000000000000000000000000000000000000000) }, nonce: None, chain_id: None, access_list: None, transaction_type: None, blob_versioned_hashes: None, sidecar: None, authorization_list: None }, other: OtherFields {} }, Some(0x132), None, None)
    Error: Execution error: execution reverted

eth_call

RPC request failed:
    Request: EthCall(WithOtherFields { inner: TransactionRequest { from: None, to: Some(Call(0xe8addd62fed354203d079926a8e563bc1a7fe81e)), gas_price: None, max_fee_per_gas: None, max_priority_fee_per_gas: None, max_fee_per_blob_gas: None, gas: None, value: None, input: TransactionInput { input: None, data: Some(0x95d89b41) }, nonce: None, chain_id: None, access_list: None, transaction_type: None, blob_versioned_hashes: None, sidecar: None, authorization_list: None }, other: OtherFields {} }, Some(0x132), None, None)
    Error: Execution error: execution reverted

eth_call

RPC request failed:
    Request: EthCall(WithOtherFields { inner: TransactionRequest { from: None, to: Some(Call(0xe8addd62fed354203d079926a8e563bc1a7fe81e)), gas_price: None, max_fee_per_gas: None, max_priority_fee_per_gas: None, max_fee_per_blob_gas: None, gas: None, value: None, input: TransactionInput { input: None, data: Some(0x313ce567) }, nonce: None, chain_id: None, access_list: None, transaction_type: None, blob_versioned_hashes: None, sidecar: None, authorization_list: None }, other: OtherFields {} }, Some(0x132), None, None)
    Error: Execution error: execution reverted

eth_gasPrice
eth_blockNumber
eth_blockNumber
eth_call
eth_call
eth_call
eth_call
eth_call
eth_call
eth_call
eth_call
eth_call
eth_call
eth_call
eth_call
eth_call
eth_call
eth_getBlockByNumber
eth_blockNumber
eth_getBalance
eth_getCode
eth_getCode
eth_estimateGas
eth_blockNumber
eth_call

RPC request failed:
    Request: EthCall(WithOtherFields { inner: TransactionRequest { from: None, to: Some(Call(0x4067d8d12591e68bbd2d0df42de7e015b47827bd)), gas_price: None, max_fee_per_gas: None, max_priority_fee_per_gas: None, max_fee_per_blob_gas: None, gas: None, value: None, input: TransactionInput { input: None, data: Some(0x01ffc9a780ac58cd00000000000000000000000000000000000000000000000000000000) }, nonce: None, chain_id: None, access_list: None, transaction_type: None, blob_versioned_hashes: None, sidecar: None, authorization_list: None }, other: OtherFields {} }, Some(0x132), None, None)
    Error: Execution error: execution reverted

eth_call

RPC request failed:
    Request: EthCall(WithOtherFields { inner: TransactionRequest { from: None, to: Some(Call(0x4067d8d12591e68bbd2d0df42de7e015b47827bd)), gas_price: None, max_fee_per_gas: None, max_priority_fee_per_gas: None, max_fee_per_blob_gas: None, gas: None, value: None, input: TransactionInput { input: None, data: Some(0x01ffc9a7d9b67a2600000000000000000000000000000000000000000000000000000000) }, nonce: None, chain_id: None, access_list: None, transaction_type: None, blob_versioned_hashes: None, sidecar: None, authorization_list: None }, other: OtherFields {} }, Some(0x132), None, None)
    Error: Execution error: execution reverted

eth_call

RPC request failed:
    Request: EthCall(WithOtherFields { inner: TransactionRequest { from: None, to: Some(Call(0x4067d8d12591e68bbd2d0df42de7e015b47827bd)), gas_price: None, max_fee_per_gas: None, max_priority_fee_per_gas: None, max_fee_per_blob_gas: None, gas: None, value: None, input: TransactionInput { input: None, data: Some(0x95d89b41) }, nonce: None, chain_id: None, access_list: None, transaction_type: None, blob_versioned_hashes: None, sidecar: None, authorization_list: None }, other: OtherFields {} }, Some(0x132), None, None)
    Error: Execution error: execution reverted

eth_call

RPC request failed:
    Request: EthCall(WithOtherFields { inner: TransactionRequest { from: None, to: Some(Call(0x4067d8d12591e68bbd2d0df42de7e015b47827bd)), gas_price: None, max_fee_per_gas: None, max_priority_fee_per_gas: None, max_fee_per_blob_gas: None, gas: None, value: None, input: TransactionInput { input: None, data: Some(0x313ce567) }, nonce: None, chain_id: None, access_list: None, transaction_type: None, blob_versioned_hashes: None, sidecar: None, authorization_list: None }, other: OtherFields {} }, Some(0x132), None, None)
    Error: Execution error: execution reverted

eth_call

RPC request failed:
    Request: EthCall(WithOtherFields { inner: TransactionRequest { from: None, to: Some(Call(0x4067d8d12591e68bbd2d0df42de7e015b47827bd)), gas_price: None, max_fee_per_gas: None, max_priority_fee_per_gas: None, max_fee_per_blob_gas: None, gas: None, value: None, input: TransactionInput { input: None, data: Some(0x01ffc9a780ac58cd00000000000000000000000000000000000000000000000000000000) }, nonce: None, chain_id: None, access_list: None, transaction_type: None, blob_versioned_hashes: None, sidecar: None, authorization_list: None }, other: OtherFields {} }, Some(0x132), None, None)
    Error: Execution error: execution reverted

eth_call

RPC request failed:
    Request: EthCall(WithOtherFields { inner: TransactionRequest { from: None, to: Some(Call(0x4067d8d12591e68bbd2d0df42de7e015b47827bd)), gas_price: None, max_fee_per_gas: None, max_priority_fee_per_gas: None, max_fee_per_blob_gas: None, gas: None, value: None, input: TransactionInput { input: None, data: Some(0x01ffc9a7d9b67a2600000000000000000000000000000000000000000000000000000000) }, nonce: None, chain_id: None, access_list: None, transaction_type: None, blob_versioned_hashes: None, sidecar: None, authorization_list: None }, other: OtherFields {} }, Some(0x132), None, None)
    Error: Execution error: execution reverted

eth_call

RPC request failed:
    Request: EthCall(WithOtherFields { inner: TransactionRequest { from: None, to: Some(Call(0x4067d8d12591e68bbd2d0df42de7e015b47827bd)), gas_price: None, max_fee_per_gas: None, max_priority_fee_per_gas: None, max_fee_per_blob_gas: None, gas: None, value: None, input: TransactionInput { input: None, data: Some(0x95d89b41) }, nonce: None, chain_id: None, access_list: None, transaction_type: None, blob_versioned_hashes: None, sidecar: None, authorization_list: None }, other: OtherFields {} }, Some(0x132), None, None)
    Error: Execution error: execution reverted

eth_call

RPC request failed:
    Request: EthCall(WithOtherFields { inner: TransactionRequest { from: None, to: Some(Call(0x4067d8d12591e68bbd2d0df42de7e015b47827bd)), gas_price: None, max_fee_per_gas: None, max_priority_fee_per_gas: None, max_fee_per_blob_gas: None, gas: None, value: None, input: TransactionInput { input: None, data: Some(0x313ce567) }, nonce: None, chain_id: None, access_list: None, transaction_type: None, blob_versioned_hashes: None, sidecar: None, authorization_list: None }, other: OtherFields {} }, Some(0x132), None, None)
    Error: Execution error: execution reverted

eth_call

RPC request failed:
    Request: EthCall(WithOtherFields { inner: TransactionRequest { from: None, to: Some(Call(0x4067d8d12591e68bbd2d0df42de7e015b47827bd)), gas_price: None, max_fee_per_gas: None, max_priority_fee_per_gas: None, max_fee_per_blob_gas: None, gas: None, value: None, input: TransactionInput { input: None, data: Some(0x70a0823100000000000000000000000070997970c51812dc3a010c7d01b50e0d17dc79c8) }, nonce: None, chain_id: None, access_list: None, transaction_type: None, blob_versioned_hashes: None, sidecar: None, authorization_list: None }, other: OtherFields {} }, Some(0x132), None, None)
    Error: Execution error: execution reverted

eth_call

RPC request failed:
    Request: EthCall(WithOtherFields { inner: TransactionRequest { from: None, to: Some(Call(0x4067d8d12591e68bbd2d0df42de7e015b47827bd)), gas_price: None, max_fee_per_gas: None, max_priority_fee_per_gas: None, max_fee_per_blob_gas: None, gas: None, value: None, input: TransactionInput { input: None, data: Some(0x01ffc9a780ac58cd00000000000000000000000000000000000000000000000000000000) }, nonce: None, chain_id: None, access_list: None, transaction_type: None, blob_versioned_hashes: None, sidecar: None, authorization_list: None }, other: OtherFields {} }, Some(0x132), None, None)
    Error: Execution error: execution reverted

eth_blockNumber
eth_call

RPC request failed:
    Request: EthCall(WithOtherFields { inner: TransactionRequest { from: None, to: Some(Call(0x4067d8d12591e68bbd2d0df42de7e015b47827bd)), gas_price: None, max_fee_per_gas: None, max_priority_fee_per_gas: None, max_fee_per_blob_gas: None, gas: None, value: None, input: TransactionInput { input: None, data: Some(0x01ffc9a7d9b67a2600000000000000000000000000000000000000000000000000000000) }, nonce: None, chain_id: None, access_list: None, transaction_type: None, blob_versioned_hashes: None, sidecar: None, authorization_list: None }, other: OtherFields {} }, Some(0x132), None, None)
    Error: Execution error: execution reverted

eth_call

RPC request failed:
    Request: EthCall(WithOtherFields { inner: TransactionRequest { from: None, to: Some(Call(0x4067d8d12591e68bbd2d0df42de7e015b47827bd)), gas_price: None, max_fee_per_gas: None, max_priority_fee_per_gas: None, max_fee_per_blob_gas: None, gas: None, value: None, input: TransactionInput { input: None, data: Some(0x95d89b41) }, nonce: None, chain_id: None, access_list: None, transaction_type: None, blob_versioned_hashes: None, sidecar: None, authorization_list: None }, other: OtherFields {} }, Some(0x132), None, None)
    Error: Execution error: execution reverted

eth_call

RPC request failed:
    Request: EthCall(WithOtherFields { inner: TransactionRequest { from: None, to: Some(Call(0x4067d8d12591e68bbd2d0df42de7e015b47827bd)), gas_price: None, max_fee_per_gas: None, max_priority_fee_per_gas: None, max_fee_per_blob_gas: None, gas: None, value: None, input: TransactionInput { input: None, data: Some(0x313ce567) }, nonce: None, chain_id: None, access_list: None, transaction_type: None, blob_versioned_hashes: None, sidecar: None, authorization_list: None }, other: OtherFields {} }, Some(0x132), None, None)
    Error: Execution error: execution reverted

eth_call

RPC request failed:
    Request: EthCall(WithOtherFields { inner: TransactionRequest { from: None, to: Some(Call(0x4067d8d12591e68bbd2d0df42de7e015b47827bd)), gas_price: None, max_fee_per_gas: None, max_priority_fee_per_gas: None, max_fee_per_blob_gas: None, gas: None, value: None, input: TransactionInput { input: None, data: Some(0x70a0823100000000000000000000000070997970c51812dc3a010c7d01b50e0d17dc79c8) }, nonce: None, chain_id: None, access_list: None, transaction_type: None, blob_versioned_hashes: None, sidecar: None, authorization_list: None }, other: OtherFields {} }, Some(0x132), None, None)
    Error: Execution error: execution reverted

eth_getTransactionCount
eth_sendRawTransaction

    Transaction: 0xf86235d3770483d66480446f41fe880f763de7c99a26d04f3611c25b061ee23d
    Gas used: 52359

    Block Number: 307
    Block Hash: 0x3278550ea17142b61f7347224c330adb382835d6fbde8cfc5afa9efbb9573222
    Block Time: "Wed, 8 Apr 2026 12:49:16 +0000"

eth_call

RPC request failed:
    Request: EthCall(WithOtherFields { inner: TransactionRequest { from: None, to: Some(Call(0x4067d8d12591e68bbd2d0df42de7e015b47827bd)), gas_price: None, max_fee_per_gas: None, max_priority_fee_per_gas: None, max_fee_per_blob_gas: None, gas: None, value: None, input: TransactionInput { input: None, data: Some(0x01ffc9a780ac58cd00000000000000000000000000000000000000000000000000000000) }, nonce: None, chain_id: None, access_list: None, transaction_type: None, blob_versioned_hashes: None, sidecar: None, authorization_list: None }, other: OtherFields {} }, Some(0x132), None, None)
    Error: Execution error: execution reverted

eth_getTransactionReceipt
eth_call

RPC request failed:
    Request: EthCall(WithOtherFields { inner: TransactionRequest { from: None, to: Some(Call(0x4067d8d12591e68bbd2d0df42de7e015b47827bd)), gas_price: None, max_fee_per_gas: None, max_priority_fee_per_gas: None, max_fee_per_blob_gas: None, gas: None, value: None, input: TransactionInput { input: None, data: Some(0x01ffc9a7d9b67a2600000000000000000000000000000000000000000000000000000000) }, nonce: None, chain_id: None, access_list: None, transaction_type: None, blob_versioned_hashes: None, sidecar: None, authorization_list: None }, other: OtherFields {} }, Some(0x132), None, None)
    Error: Execution error: execution reverted

eth_call

RPC request failed:
    Request: EthCall(WithOtherFields { inner: TransactionRequest { from: None, to: Some(Call(0x4067d8d12591e68bbd2d0df42de7e015b47827bd)), gas_price: None, max_fee_per_gas: None, max_priority_fee_per_gas: None, max_fee_per_blob_gas: None, gas: None, value: None, input: TransactionInput { input: None, data: Some(0x95d89b41) }, nonce: None, chain_id: None, access_list: None, transaction_type: None, blob_versioned_hashes: None, sidecar: None, authorization_list: None }, other: OtherFields {} }, Some(0x132), None, None)
    Error: Execution error: execution reverted

eth_call

RPC request failed:
    Request: EthCall(WithOtherFields { inner: TransactionRequest { from: None, to: Some(Call(0x4067d8d12591e68bbd2d0df42de7e015b47827bd)), gas_price: None, max_fee_per_gas: None, max_priority_fee_per_gas: None, max_fee_per_blob_gas: None, gas: None, value: None, input: TransactionInput { input: None, data: Some(0x313ce567) }, nonce: None, chain_id: None, access_list: None, transaction_type: None, blob_versioned_hashes: None, sidecar: None, authorization_list: None }, other: OtherFields {} }, Some(0x132), None, None)
    Error: Execution error: execution reverted

eth_call
eth_call
eth_call
eth_call
eth_call
eth_call
eth_call
eth_call
eth_call
eth_call
eth_call
eth_call
eth_call
eth_call
eth_call
eth_call
eth_call
eth_call
eth_call
eth_call
eth_call
eth_call

RPC request failed:
    Request: EthCall(WithOtherFields { inner: TransactionRequest { from: None, to: None, gas_price: None, max_fee_per_gas: None, max_priority_fee_per_gas: None, max_fee_per_blob_gas: None, gas: None, value: None, input: TransactionInput { input: None, data: Some(0x95d89b41) }, nonce: None, chain_id: None, access_list: None, transaction_type: None, blob_versioned_hashes: None, sidecar: None, authorization_list: None }, other: OtherFields {} }, Some(0x132), None, None)
    Error: Internal error: EVM error StackOverflow

eth_call

RPC request failed:
    Request: EthCall(WithOtherFields { inner: TransactionRequest { from: None, to: None, gas_price: None, max_fee_per_gas: None, max_priority_fee_per_gas: None, max_fee_per_blob_gas: None, gas: None, value: None, input: TransactionInput { input: None, data: Some(0x95d89b41) }, nonce: None, chain_id: None, access_list: None, transaction_type: None, blob_versioned_hashes: None, sidecar: None, authorization_list: None }, other: OtherFields {} }, Some(0x132), None, None)
    Error: Internal error: EVM error StackOverflow

eth_getTransactionReceipt
eth_blockNumber
eth_getBlockByHash
eth_blockNumber
eth_call

RPC request failed:
    Request: EthCall(WithOtherFields { inner: TransactionRequest { from: None, to: Some(Call(0x4067d8d12591e68bbd2d0df42de7e015b47827bd)), gas_price: None, max_fee_per_gas: None, max_priority_fee_per_gas: None, max_fee_per_blob_gas: None, gas: None, value: None, input: TransactionInput { input: None, data: Some(0x01ffc9a780ac58cd00000000000000000000000000000000000000000000000000000000) }, nonce: None, chain_id: None, access_list: None, transaction_type: None, blob_versioned_hashes: None, sidecar: None, authorization_list: None }, other: OtherFields {} }, Some(0x133), None, None)
    Error: Execution error: execution reverted

eth_getBalance
eth_call

RPC request failed:
    Request: EthCall(WithOtherFields { inner: TransactionRequest { from: None, to: Some(Call(0x4067d8d12591e68bbd2d0df42de7e015b47827bd)), gas_price: None, max_fee_per_gas: None, max_priority_fee_per_gas: None, max_fee_per_blob_gas: None, gas: None, value: None, input: TransactionInput { input: None, data: Some(0x01ffc9a7d9b67a2600000000000000000000000000000000000000000000000000000000) }, nonce: None, chain_id: None, access_list: None, transaction_type: None, blob_versioned_hashes: None, sidecar: None, authorization_list: None }, other: OtherFields {} }, Some(0x133), None, None)
    Error: Execution error: execution reverted

eth_call

RPC request failed:
    Request: EthCall(WithOtherFields { inner: TransactionRequest { from: None, to: Some(Call(0x4067d8d12591e68bbd2d0df42de7e015b47827bd)), gas_price: None, max_fee_per_gas: None, max_priority_fee_per_gas: None, max_fee_per_blob_gas: None, gas: None, value: None, input: TransactionInput { input: None, data: Some(0x95d89b41) }, nonce: None, chain_id: None, access_list: None, transaction_type: None, blob_versioned_hashes: None, sidecar: None, authorization_list: None }, other: OtherFields {} }, Some(0x133), None, None)
    Error: Execution error: execution reverted

eth_call

RPC request failed:
    Request: EthCall(WithOtherFields { inner: TransactionRequest { from: None, to: Some(Call(0x4067d8d12591e68bbd2d0df42de7e015b47827bd)), gas_price: None, max_fee_per_gas: None, max_priority_fee_per_gas: None, max_fee_per_blob_gas: None, gas: None, value: None, input: TransactionInput { input: None, data: Some(0x313ce567) }, nonce: None, chain_id: None, access_list: None, transaction_type: None, blob_versioned_hashes: None, sidecar: None, authorization_list: None }, other: OtherFields {} }, Some(0x133), None, None)
    Error: Execution error: execution reverted

eth_gasPrice
eth_blockNumber
eth_blockNumber
eth_blockNumber
eth_blockNumber
eth_blockNumber
eth_blockNumber
eth_blockNumber
eth_blockNumber
eth_blockNumber
eth_blockNumber
eth_blockNumber
eth_blockNumber
eth_blockNumber
eth_blockNumber
eth_blockNumber
eth_blockNumber
eth_getTransactionReceipt
eth_call
eth_call
eth_call
eth_call
eth_call
eth_call
eth_call
eth_call
eth_call
eth_call
eth_call
eth_call
eth_call
eth_call
eth_call
eth_call
eth_call
eth_call
eth_call
eth_call
eth_call
eth_call
eth_call
eth_call
eth_call
eth_call
eth_call
eth_call
eth_call
eth_blockNumber
eth_blockNumber
eth_blockNumber
eth_blockNumber
eth_blockNumber
eth_blockNumber
eth_blockNumber
eth_blockNumber
eth_blockNumber
eth_blockNumber
eth_blockNumber
eth_blockNumber
eth_blockNumber
eth_blockNumber
eth_blockNumber
eth_blockNumber
eth_blockNumber
eth_blockNumber
eth_blockNumber
eth_blockNumber
eth_call
eth_call
eth_call
eth_call
eth_call
eth_call
eth_call
eth_call
eth_call
eth_call
eth_call
eth_call
eth_call
eth_call
eth_call
eth_call
eth_call
eth_call
eth_call
eth_call
eth_call
eth_getTransactionReceipt
eth_call
eth_call
eth_call
eth_call
eth_call
eth_call
eth_call
eth_call
eth_blockNumber
eth_getLogs
eth_call
eth_call
eth_call
eth_call
eth_call
eth_call
eth_call
eth_call
eth_call
eth_call
eth_call
eth_call
eth_call
eth_call
eth_call
eth_call
eth_call
eth_call
eth_call
eth_call
eth_call
eth_call
eth_call
eth_call
eth_call
eth_call
eth_call
eth_call
eth_call
eth_blockNumber
eth_blockNumber
eth_blockNumber
eth_blockNumber
eth_blockNumber
eth_blockNumber
eth_blockNumber
eth_call
eth_getLogs
eth_call
eth_call
eth_call
eth_call
eth_call
eth_call
eth_call
eth_call
eth_call
eth_call
eth_call
eth_call
eth_call
eth_call
eth_call
eth_call
eth_call
eth_call
eth_call
eth_call
eth_call
eth_call
eth_call
eth_call
eth_call
eth_call
eth_call
eth_call
eth_blockNumber
eth_blockNumber
eth_blockNumber
eth_blockNumber
eth_blockNumber
eth_blockNumber
eth_blockNumber
eth_call
eth_call
eth_call
eth_call
eth_call
eth_call
eth_call
eth_call
eth_call
eth_call
eth_call
eth_call
eth_call
eth_call
eth_call
eth_call
eth_call
eth_call
eth_call
eth_call
eth_call
eth_call
eth_call
eth_call
eth_call
eth_call
eth_call
eth_call
eth_call
eth_call
eth_getLogs
eth_call
eth_call
eth_call
eth_call
eth_call
eth_call
eth_call
eth_call
eth_call
eth_call
eth_call
eth_call
eth_call
eth_call
eth_call
eth_call
eth_call
eth_call
eth_call
eth_call
eth_call
eth_call
eth_call
eth_call
eth_call
eth_call
eth_call
eth_call
eth_blockNumber
eth_blockNumber
eth_call
eth_call
eth_call
eth_call
eth_call
eth_call
eth_call
eth_call
eth_call
eth_call
eth_call
eth_call
eth_call
eth_call
eth_call
eth_call
eth_call
eth_call
eth_call
eth_call
eth_call
eth_call
eth_call
eth_call
eth_call
eth_call
eth_call
eth_call
eth_call
eth_blockNumber
eth_call
eth_call
eth_call
eth_call
eth_call
eth_call
eth_call
eth_call
eth_call
eth_call
eth_call
eth_call
eth_call
eth_call
eth_getBlockByNumber
eth_blockNumber
eth_getBalance
eth_blockNumber
eth_blockNumber
eth_blockNumber
eth_blockNumber
eth_getCode
eth_getCode
eth_estimateGas
eth_blockNumber
eth_call

RPC request failed:
    Request: EthCall(WithOtherFields { inner: TransactionRequest { from: None, to: Some(Call(0xe8addd62fed354203d079926a8e563bc1a7fe81e)), gas_price: None, max_fee_per_gas: None, max_priority_fee_per_gas: None, max_fee_per_blob_gas: None, gas: None, value: None, input: TransactionInput { input: None, data: Some(0x01ffc9a780ac58cd00000000000000000000000000000000000000000000000000000000) }, nonce: None, chain_id: None, access_list: None, transaction_type: None, blob_versioned_hashes: None, sidecar: None, authorization_list: None }, other: OtherFields {} }, Some(0x133), None, None)
    Error: Execution error: execution reverted

eth_call

RPC request failed:
    Request: EthCall(WithOtherFields { inner: TransactionRequest { from: None, to: Some(Call(0xe8addd62fed354203d079926a8e563bc1a7fe81e)), gas_price: None, max_fee_per_gas: None, max_priority_fee_per_gas: None, max_fee_per_blob_gas: None, gas: None, value: None, input: TransactionInput { input: None, data: Some(0x01ffc9a7d9b67a2600000000000000000000000000000000000000000000000000000000) }, nonce: None, chain_id: None, access_list: None, transaction_type: None, blob_versioned_hashes: None, sidecar: None, authorization_list: None }, other: OtherFields {} }, Some(0x133), None, None)
    Error: Execution error: execution reverted

eth_call

RPC request failed:
eth_call
    Request: EthCall(WithOtherFields { inner: TransactionRequest { from: None, to: Some(Call(0xe8addd62fed354203d079926a8e563bc1a7fe81e)), gas_price: None, max_fee_per_gas: None, max_priority_fee_per_gas: None, max_fee_per_blob_gas: None, gas: None, value: None, input: TransactionInput { input: None, data: Some(0x95d89b41) }, nonce: None, chain_id: None, access_list: None, transaction_type: None, blob_versioned_hashes: None, sidecar: None, authorization_list: None }, other: OtherFields {} }, Some(0x133), None, None)
    Error: Execution error: execution reverted


RPC request failed:
    Request: EthCall(WithOtherFields { inner: TransactionRequest { from: None, to: Some(Call(0xe8addd62fed354203d079926a8e563bc1a7fe81e)), gas_price: None, max_fee_per_gas: None, max_priority_fee_per_gas: None, max_fee_per_blob_gas: None, gas: None, value: None, input: TransactionInput { input: None, data: Some(0x313ce567) }, nonce: None, chain_id: None, access_list: None, transaction_type: None, blob_versioned_hashes: None, sidecar: None, authorization_list: None }, other: OtherFields {} }, Some(0x133), None, None)
    Error: Execution error: execution reverted

eth_call

RPC request failed:
    Request: EthCall(WithOtherFields { inner: TransactionRequest { from: None, to: Some(Call(0xe8addd62fed354203d079926a8e563bc1a7fe81e)), gas_price: None, max_fee_per_gas: None, max_priority_fee_per_gas: None, max_fee_per_blob_gas: None, gas: None, value: None, input: TransactionInput { input: None, data: Some(0x01ffc9a780ac58cd00000000000000000000000000000000000000000000000000000000) }, nonce: None, chain_id: None, access_list: None, transaction_type: None, blob_versioned_hashes: None, sidecar: None, authorization_list: None }, other: OtherFields {} }, Some(0x133), None, None)
    Error: Execution error: execution reverted

eth_call

RPC request failed:
    Request: EthCall(WithOtherFields { inner: TransactionRequest { from: None, to: Some(Call(0xe8addd62fed354203d079926a8e563bc1a7fe81e)), gas_price: None, max_fee_per_gas: None, max_priority_fee_per_gas: None, max_fee_per_blob_gas: None, gas: None, value: None, input: TransactionInput { input: None, data: Some(0x01ffc9a7d9b67a2600000000000000000000000000000000000000000000000000000000) }, nonce: None, chain_id: None, access_list: None, transaction_type: None, blob_versioned_hashes: None, sidecar: None, authorization_list: None }, other: OtherFields {} }, Some(0x133), None, None)
    Error: Execution error: execution reverted

eth_call

RPC request failed:
    Request: EthCall(WithOtherFields { inner: TransactionRequest { from: None, to: Some(Call(0xe8addd62fed354203d079926a8e563bc1a7fe81e)), gas_price: None, max_fee_per_gas: None, max_priority_fee_per_gas: None, max_fee_per_blob_gas: None, gas: None, value: None, input: TransactionInput { input: None, data: Some(0x95d89b41) }, nonce: None, chain_id: None, access_list: None, transaction_type: None, blob_versioned_hashes: None, sidecar: None, authorization_list: None }, other: OtherFields {} }, Some(0x133), None, None)
    Error: Execution error: execution reverted

eth_call

RPC request failed:
    Request: EthCall(WithOtherFields { inner: TransactionRequest { from: None, to: Some(Call(0xe8addd62fed354203d079926a8e563bc1a7fe81e)), gas_price: None, max_fee_per_gas: None, max_priority_fee_per_gas: None, max_fee_per_blob_gas: None, gas: None, value: None, input: TransactionInput { input: None, data: Some(0x313ce567) }, nonce: None, chain_id: None, access_list: None, transaction_type: None, blob_versioned_hashes: None, sidecar: None, authorization_list: None }, other: OtherFields {} }, Some(0x133), None, None)
    Error: Execution error: execution reverted

eth_call

RPC request failed:
    Request: EthCall(WithOtherFields { inner: TransactionRequest { from: None, to: Some(Call(0xe8addd62fed354203d079926a8e563bc1a7fe81e)), gas_price: None, max_fee_per_gas: None, max_priority_fee_per_gas: None, max_fee_per_blob_gas: None, gas: None, value: None, input: TransactionInput { input: None, data: Some(0x70a08231000000000000000000000000f39fd6e51aad88f6f4ce6ab8827279cfffb92266) }, nonce: None, chain_id: None, access_list: None, transaction_type: None, blob_versioned_hashes: None, sidecar: None, authorization_list: None }, other: OtherFields {} }, Some(0x133), None, None)
    Error: Execution error: execution reverted

eth_call

RPC request failed:
    Request: EthCall(WithOtherFields { inner: TransactionRequest { from: None, to: Some(Call(0xe8addd62fed354203d079926a8e563bc1a7fe81e)), gas_price: None, max_fee_per_gas: None, max_priority_fee_per_gas: None, max_fee_per_blob_gas: None, gas: None, value: None, input: TransactionInput { input: None, data: Some(0x01ffc9a780ac58cd00000000000000000000000000000000000000000000000000000000) }, nonce: None, chain_id: None, access_list: None, transaction_type: None, blob_versioned_hashes: None, sidecar: None, authorization_list: None }, other: OtherFields {} }, Some(0x133), None, None)
    Error: Execution error: execution reverted

eth_call

RPC request failed:
    Request: EthCall(WithOtherFields { inner: TransactionRequest { from: None, to: Some(Call(0xe8addd62fed354203d079926a8e563bc1a7fe81e)), gas_price: None, max_fee_per_gas: None, max_priority_fee_per_gas: None, max_fee_per_blob_gas: None, gas: None, value: None, input: TransactionInput { input: None, data: Some(0x01ffc9a7d9b67a2600000000000000000000000000000000000000000000000000000000) }, nonce: None, chain_id: None, access_list: None, transaction_type: None, blob_versioned_hashes: None, sidecar: None, authorization_list: None }, other: OtherFields {} }, Some(0x133), None, None)
    Error: Execution error: execution reverted

eth_blockNumber
eth_call

RPC request failed:
    Request: EthCall(WithOtherFields { inner: TransactionRequest { from: None, to: Some(Call(0xe8addd62fed354203d079926a8e563bc1a7fe81e)), gas_price: None, max_fee_per_gas: None, max_priority_fee_per_gas: None, max_fee_per_blob_gas: None, gas: None, value: None, input: TransactionInput { input: None, data: Some(0x95d89b41) }, nonce: None, chain_id: None, access_list: None, transaction_type: None, blob_versioned_hashes: None, sidecar: None, authorization_list: None }, other: OtherFields {} }, Some(0x133), None, None)
    Error: Execution error: execution reverted

eth_call

RPC request failed:
    Request: EthCall(WithOtherFields { inner: TransactionRequest { from: None, to: Some(Call(0xe8addd62fed354203d079926a8e563bc1a7fe81e)), gas_price: None, max_fee_per_gas: None, max_priority_fee_per_gas: None, max_fee_per_blob_gas: None, gas: None, value: None, input: TransactionInput { input: None, data: Some(0x313ce567) }, nonce: None, chain_id: None, access_list: None, transaction_type: None, blob_versioned_hashes: None, sidecar: None, authorization_list: None }, other: OtherFields {} }, Some(0x133), None, None)
    Error: Execution error: execution reverted

eth_call

RPC request failed:
    Request: EthCall(WithOtherFields { inner: TransactionRequest { from: None, to: Some(Call(0xe8addd62fed354203d079926a8e563bc1a7fe81e)), gas_price: None, max_fee_per_gas: None, max_priority_fee_per_gas: None, max_fee_per_blob_gas: None, gas: None, value: None, input: TransactionInput { input: None, data: Some(0x70a08231000000000000000000000000f39fd6e51aad88f6f4ce6ab8827279cfffb92266) }, nonce: None, chain_id: None, access_list: None, transaction_type: None, blob_versioned_hashes: None, sidecar: None, authorization_list: None }, other: OtherFields {} }, Some(0x133), None, None)
    Error: Execution error: execution reverted

eth_getTransactionCount
eth_sendRawTransaction
eth_call

RPC request failed:
    Request: EthCall(WithOtherFields { inner: TransactionRequest { from: None, to: Some(Call(0xe8addd62fed354203d079926a8e563bc1a7fe81e)), gas_price: None, max_fee_per_gas: None, max_priority_fee_per_gas: None, max_fee_per_blob_gas: None, gas: None, value: None, input: TransactionInput { input: None, data: Some(0x01ffc9a780ac58cd00000000000000000000000000000000000000000000000000000000) }, nonce: None, chain_id: None, access_list: None, transaction_type: None, blob_versioned_hashes: None, sidecar: None, authorization_list: None }, other: OtherFields {} }, Some(0x133), None, None)
    Error: Execution error: execution reverted


    Transaction: 0x94339c4bb762ec5f63c63b7f8c89728c6d1dc20fac2646a5c55695cc224746dc
    Gas used: 4461309

    Block Number: 308
    Block Hash: 0x81545833b0512c23bb433c38b409380284792f0fcf8c8fad967eee6422bc2bb2
    Block Time: "Wed, 8 Apr 2026 23:21:38 +0000"

eth_getTransactionReceipt
eth_call

RPC request failed:
    Request: EthCall(WithOtherFields { inner: TransactionRequest { from: None, to: Some(Call(0xe8addd62fed354203d079926a8e563bc1a7fe81e)), gas_price: None, max_fee_per_gas: None, max_priority_fee_per_gas: None, max_fee_per_blob_gas: None, gas: None, value: None, input: TransactionInput { input: None, data: Some(0x01ffc9a7d9b67a2600000000000000000000000000000000000000000000000000000000) }, nonce: None, chain_id: None, access_list: None, transaction_type: None, blob_versioned_hashes: None, sidecar: None, authorization_list: None }, other: OtherFields {} }, Some(0x133), None, None)
    Error: Execution error: execution reverted

eth_call

RPC request failed:
    Request: EthCall(WithOtherFields { inner: TransactionRequest { from: None, to: Some(Call(0xe8addd62fed354203d079926a8e563bc1a7fe81e)), gas_price: None, max_fee_per_gas: None, max_priority_fee_per_gas: None, max_fee_per_blob_gas: None, gas: None, value: None, input: TransactionInput { input: None, data: Some(0x95d89b41) }, nonce: None, chain_id: None, access_list: None, transaction_type: None, blob_versioned_hashes: None, sidecar: None, authorization_list: None }, other: OtherFields {} }, Some(0x133), None, None)
    Error: Execution error: execution reverted

eth_call

RPC request failed:
    Request: EthCall(WithOtherFields { inner: TransactionRequest { from: None, to: Some(Call(0xe8addd62fed354203d079926a8e563bc1a7fe81e)), gas_price: None, max_fee_per_gas: None, max_priority_fee_per_gas: None, max_fee_per_blob_gas: None, gas: None, value: None, input: TransactionInput { input: None, data: Some(0x313ce567) }, nonce: None, chain_id: None, access_list: None, transaction_type: None, blob_versioned_hashes: None, sidecar: None, authorization_list: None }, other: OtherFields {} }, Some(0x133), None, None)
    Error: Execution error: execution reverted

eth_call

RPC request failed:
    Request: EthCall(WithOtherFields { inner: TransactionRequest { from: None, to: None, gas_price: None, max_fee_per_gas: None, max_priority_fee_per_gas: None, max_fee_per_blob_gas: None, gas: None, value: None, input: TransactionInput { input: None, data: Some(0x95d89b41) }, nonce: None, chain_id: None, access_list: None, transaction_type: None, blob_versioned_hashes: None, sidecar: None, authorization_list: None }, other: OtherFields {} }, Some(0x133), None, None)
    Error: Internal error: EVM error StackOverflow

eth_call

RPC request failed:
    Request: EthCall(WithOtherFields { inner: TransactionRequest { from: None, to: None, gas_price: None, max_fee_per_gas: None, max_priority_fee_per_gas: None, max_fee_per_blob_gas: None, gas: None, value: None, input: TransactionInput { input: None, data: Some(0x95d89b41) }, nonce: None, chain_id: None, access_list: None, transaction_type: None, blob_versioned_hashes: None, sidecar: None, authorization_list: None }, other: OtherFields {} }, Some(0x133), None, None)
    Error: Internal error: EVM error StackOverflow

eth_getLogs
eth_call
eth_getLogs
eth_call
eth_call
eth_call
eth_call
eth_call
eth_call
eth_call
eth_call
eth_call
eth_call
eth_call
eth_call
eth_call
eth_call
eth_call
eth_call
eth_call
eth_call
eth_call
eth_call
eth_call
eth_call
eth_call
eth_call
eth_call
eth_call
eth_call
eth_call
eth_call
eth_call
eth_call
eth_call
eth_getTransactionReceipt
eth_blockNumber
eth_getBlockByHash
eth_blockNumber
eth_call

RPC request failed:
    Request: EthCall(WithOtherFields { inner: TransactionRequest { from: None, to: Some(Call(0xe8addd62fed354203d079926a8e563bc1a7fe81e)), gas_price: None, max_fee_per_gas: None, max_priority_fee_per_gas: None, max_fee_per_blob_gas: None, gas: None, value: None, input: TransactionInput { input: None, data: Some(0x01ffc9a780ac58cd00000000000000000000000000000000000000000000000000000000) }, nonce: None, chain_id: None, access_list: None, transaction_type: None, blob_versioned_hashes: None, sidecar: None, authorization_list: None }, other: OtherFields {} }, Some(0x134), None, None)
    Error: Execution error: execution reverted

eth_getBalance
eth_call

RPC request failed:
    Request: EthCall(WithOtherFields { inner: TransactionRequest { from: None, to: Some(Call(0xe8addd62fed354203d079926a8e563bc1a7fe81e)), gas_price: None, max_fee_per_gas: None, max_priority_fee_per_gas: None, max_fee_per_blob_gas: None, gas: None, value: None, input: TransactionInput { input: None, data: Some(0x01ffc9a7d9b67a2600000000000000000000000000000000000000000000000000000000) }, nonce: None, chain_id: None, access_list: None, transaction_type: None, blob_versioned_hashes: None, sidecar: None, authorization_list: None }, other: OtherFields {} }, Some(0x134), None, None)
    Error: Execution error: execution reverted

eth_call

RPC request failed:
    Request: EthCall(WithOtherFields { inner: TransactionRequest { from: None, to: Some(Call(0xe8addd62fed354203d079926a8e563bc1a7fe81e)), gas_price: None, max_fee_per_gas: None, max_priority_fee_per_gas: None, max_fee_per_blob_gas: None, gas: None, value: None, input: TransactionInput { input: None, data: Some(0x95d89b41) }, nonce: None, chain_id: None, access_list: None, transaction_type: None, blob_versioned_hashes: None, sidecar: None, authorization_list: None }, other: OtherFields {} }, Some(0x134), None, None)
    Error: Execution error: execution reverted

eth_call

RPC request failed:
    Request: EthCall(WithOtherFields { inner: TransactionRequest { from: None, to: Some(Call(0xe8addd62fed354203d079926a8e563bc1a7fe81e)), gas_price: None, max_fee_per_gas: None, max_priority_fee_per_gas: None, max_fee_per_blob_gas: None, gas: None, value: None, input: TransactionInput { input: None, data: Some(0x313ce567) }, nonce: None, chain_id: None, access_list: None, transaction_type: None, blob_versioned_hashes: None, sidecar: None, authorization_list: None }, other: OtherFields {} }, Some(0x134), None, None)
    Error: Execution error: execution reverted

eth_gasPrice
eth_blockNumber
eth_blockNumber
eth_blockNumber
eth_call
eth_call
eth_call
eth_call
eth_call
eth_call
eth_call
eth_call
eth_getBlockByNumber
eth_call
eth_call
eth_call
eth_call
eth_call
eth_call
eth_call
eth_call
eth_blockNumber
eth_getBalance
eth_blockNumber
eth_blockNumber
eth_getCode
eth_getCode
eth_estimateGas
eth_blockNumber
eth_call

RPC request failed:
    Request: EthCall(WithOtherFields { inner: TransactionRequest { from: None, to: Some(Call(0x34915912c01849b2353346322cf03fe127f6c126)), gas_price: None, max_fee_per_gas: None, max_priority_fee_per_gas: None, max_fee_per_blob_gas: None, gas: None, value: None, input: TransactionInput { input: None, data: Some(0x01ffc9a780ac58cd00000000000000000000000000000000000000000000000000000000) }, nonce: None, chain_id: None, access_list: None, transaction_type: None, blob_versioned_hashes: None, sidecar: None, authorization_list: None }, other: OtherFields {} }, Some(0x134), None, None)
    Error: Execution error: execution reverted

eth_call

RPC request failed:
    Request: EthCall(WithOtherFields { inner: TransactionRequest { from: None, to: Some(Call(0x34915912c01849b2353346322cf03fe127f6c126)), gas_price: None, max_fee_per_gas: None, max_priority_fee_per_gas: None, max_fee_per_blob_gas: None, gas: None, value: None, input: TransactionInput { input: None, data: Some(0x01ffc9a7d9b67a2600000000000000000000000000000000000000000000000000000000) }, nonce: None, chain_id: None, access_list: None, transaction_type: None, blob_versioned_hashes: None, sidecar: None, authorization_list: None }, other: OtherFields {} }, Some(0x134), None, None)
    Error: Execution error: execution reverted

eth_call

RPC request failed:
    Request: EthCall(WithOtherFields { inner: TransactionRequest { from: None, to: Some(Call(0x34915912c01849b2353346322cf03fe127f6c126)), gas_price: None, max_fee_per_gas: None, max_priority_fee_per_gas: None, max_fee_per_blob_gas: None, gas: None, value: None, input: TransactionInput { input: None, data: Some(0x95d89b41) }, nonce: None, chain_id: None, access_list: None, transaction_type: None, blob_versioned_hashes: None, sidecar: None, authorization_list: None }, other: OtherFields {} }, Some(0x134), None, None)
    Error: Execution error: execution reverted

eth_call

RPC request failed:
    Request: EthCall(WithOtherFields { inner: TransactionRequest { from: None, to: Some(Call(0x34915912c01849b2353346322cf03fe127f6c126)), gas_price: None, max_fee_per_gas: None, max_priority_fee_per_gas: None, max_fee_per_blob_gas: None, gas: None, value: None, input: TransactionInput { input: None, data: Some(0x313ce567) }, nonce: None, chain_id: None, access_list: None, transaction_type: None, blob_versioned_hashes: None, sidecar: None, authorization_list: None }, other: OtherFields {} }, Some(0x134), None, None)
    Error: Execution error: execution reverted

eth_call

RPC request failed:
    Request: EthCall(WithOtherFields { inner: TransactionRequest { from: None, to: Some(Call(0x34915912c01849b2353346322cf03fe127f6c126)), gas_price: None, max_fee_per_gas: None, max_priority_fee_per_gas: None, max_fee_per_blob_gas: None, gas: None, value: None, input: TransactionInput { input: None, data: Some(0x01ffc9a780ac58cd00000000000000000000000000000000000000000000000000000000) }, nonce: None, chain_id: None, access_list: None, transaction_type: None, blob_versioned_hashes: None, sidecar: None, authorization_list: None }, other: OtherFields {} }, Some(0x134), None, None)
    Error: Execution error: execution reverted

eth_call

RPC request failed:
    Request: EthCall(WithOtherFields { inner: TransactionRequest { from: None, to: Some(Call(0x34915912c01849b2353346322cf03fe127f6c126)), gas_price: None, max_fee_per_gas: None, max_priority_fee_per_gas: None, max_fee_per_blob_gas: None, gas: None, value: None, input: TransactionInput { input: None, data: Some(0x01ffc9a7d9b67a2600000000000000000000000000000000000000000000000000000000) }, nonce: None, chain_id: None, access_list: None, transaction_type: None, blob_versioned_hashes: None, sidecar: None, authorization_list: None }, other: OtherFields {} }, Some(0x134), None, None)
    Error: Execution error: execution reverted

eth_call

RPC request failed:
    Request: EthCall(WithOtherFields { inner: TransactionRequest { from: None, to: Some(Call(0x34915912c01849b2353346322cf03fe127f6c126)), gas_price: None, max_fee_per_gas: None, max_priority_fee_per_gas: None, max_fee_per_blob_gas: None, gas: None, value: None, input: TransactionInput { input: None, data: Some(0x95d89b41) }, nonce: None, chain_id: None, access_list: None, transaction_type: None, blob_versioned_hashes: None, sidecar: None, authorization_list: None }, other: OtherFields {} }, Some(0x134), None, None)
    Error: Execution error: execution reverted

eth_call

RPC request failed:
    Request: EthCall(WithOtherFields { inner: TransactionRequest { from: None, to: Some(Call(0x34915912c01849b2353346322cf03fe127f6c126)), gas_price: None, max_fee_per_gas: None, max_priority_fee_per_gas: None, max_fee_per_blob_gas: None, gas: None, value: None, input: TransactionInput { input: None, data: Some(0x313ce567) }, nonce: None, chain_id: None, access_list: None, transaction_type: None, blob_versioned_hashes: None, sidecar: None, authorization_list: None }, other: OtherFields {} }, Some(0x134), None, None)
    Error: Execution error: execution reverted

eth_call

RPC request failed:
    Request: EthCall(WithOtherFields { inner: TransactionRequest { from: None, to: Some(Call(0x34915912c01849b2353346322cf03fe127f6c126)), gas_price: None, max_fee_per_gas: None, max_priority_fee_per_gas: None, max_fee_per_blob_gas: None, gas: None, value: None, input: TransactionInput { input: None, data: Some(0x70a0823100000000000000000000000070997970c51812dc3a010c7d01b50e0d17dc79c8) }, nonce: None, chain_id: None, access_list: None, transaction_type: None, blob_versioned_hashes: None, sidecar: None, authorization_list: None }, other: OtherFields {} }, Some(0x134), None, None)
    Error: Execution error: execution reverted

eth_call

RPC request failed:
    Request: EthCall(WithOtherFields { inner: TransactionRequest { from: None, to: Some(Call(0x34915912c01849b2353346322cf03fe127f6c126)), gas_price: None, max_fee_per_gas: None, max_priority_fee_per_gas: None, max_fee_per_blob_gas: None, gas: None, value: None, input: TransactionInput { input: None, data: Some(0x01ffc9a780ac58cd00000000000000000000000000000000000000000000000000000000) }, nonce: None, chain_id: None, access_list: None, transaction_type: None, blob_versioned_hashes: None, sidecar: None, authorization_list: None }, other: OtherFields {} }, Some(0x134), None, None)
    Error: Execution error: execution reverted

eth_call

RPC request failed:
    Request: EthCall(WithOtherFields { inner: TransactionRequest { from: None, to: Some(Call(0x34915912c01849b2353346322cf03fe127f6c126)), gas_price: None, max_fee_per_gas: None, max_priority_fee_per_gas: None, max_fee_per_blob_gas: None, gas: None, value: None, input: TransactionInput { input: None, data: Some(0x01ffc9a7d9b67a2600000000000000000000000000000000000000000000000000000000) }, nonce: None, chain_id: None, access_list: None, transaction_type: None, blob_versioned_hashes: None, sidecar: None, authorization_list: None }, other: OtherFields {} }, Some(0x134), None, None)
    Error: Execution error: execution reverted

eth_blockNumber
eth_call

RPC request failed:
    Request: EthCall(WithOtherFields { inner: TransactionRequest { from: None, to: Some(Call(0x34915912c01849b2353346322cf03fe127f6c126)), gas_price: None, max_fee_per_gas: None, max_priority_fee_per_gas: None, max_fee_per_blob_gas: None, gas: None, value: None, input: TransactionInput { input: None, data: Some(0x95d89b41) }, nonce: None, chain_id: None, access_list: None, transaction_type: None, blob_versioned_hashes: None, sidecar: None, authorization_list: None }, other: OtherFields {} }, Some(0x134), None, None)
    Error: Execution error: execution reverted

eth_call

RPC request failed:
    Request: EthCall(WithOtherFields { inner: TransactionRequest { from: None, to: Some(Call(0x34915912c01849b2353346322cf03fe127f6c126)), gas_price: None, max_fee_per_gas: None, max_priority_fee_per_gas: None, max_fee_per_blob_gas: None, gas: None, value: None, input: TransactionInput { input: None, data: Some(0x313ce567) }, nonce: None, chain_id: None, access_list: None, transaction_type: None, blob_versioned_hashes: None, sidecar: None, authorization_list: None }, other: OtherFields {} }, Some(0x134), None, None)
    Error: Execution error: execution reverted

eth_call

RPC request failed:
    Request: EthCall(WithOtherFields { inner: TransactionRequest { from: None, to: Some(Call(0x34915912c01849b2353346322cf03fe127f6c126)), gas_price: None, max_fee_per_gas: None, max_priority_fee_per_gas: None, max_fee_per_blob_gas: None, gas: None, value: None, input: TransactionInput { input: None, data: Some(0x70a0823100000000000000000000000070997970c51812dc3a010c7d01b50e0d17dc79c8) }, nonce: None, chain_id: None, access_list: None, transaction_type: None, blob_versioned_hashes: None, sidecar: None, authorization_list: None }, other: OtherFields {} }, Some(0x134), None, None)
    Error: Execution error: execution reverted

eth_getTransactionCount
eth_sendRawTransaction

    Transaction: 0x0a61a54ed6243d87789a7851a4aba0bf4af086ef4ac9aae92fc5cab2a82bfaa6
    Gas used: 49138

    Block Number: 309
    Block Hash: 0xda58a327e73218d019007936278575d9669f42e96e0a4d1df2283a541fd322e6
    Block Time: "Wed, 8 Apr 2026 23:22:28 +0000"

eth_call

RPC request failed:
    Request: EthCall(WithOtherFields { inner: TransactionRequest { from: None, to: Some(Call(0x34915912c01849b2353346322cf03fe127f6c126)), gas_price: None, max_fee_per_gas: None, max_priority_fee_per_gas: None, max_fee_per_blob_gas: None, gas: None, value: None, input: TransactionInput { input: None, data: Some(0x01ffc9a780ac58cd00000000000000000000000000000000000000000000000000000000) }, nonce: None, chain_id: None, access_list: None, transaction_type: None, blob_versioned_hashes: None, sidecar: None, authorization_list: None }, other: OtherFields {} }, Some(0x134), None, None)
    Error: Execution error: execution reverted

eth_call

RPC request failed:
    Request: EthCall(WithOtherFields { inner: TransactionRequest { from: None, to: Some(Call(0x34915912c01849b2353346322cf03fe127f6c126)), gas_price: None, max_fee_per_gas: None, max_priority_fee_per_gas: None, max_fee_per_blob_gas: None, gas: None, value: None, input: TransactionInput { input: None, data: Some(0x01ffc9a7d9b67a2600000000000000000000000000000000000000000000000000000000) }, nonce: None, chain_id: None, access_list: None, transaction_type: None, blob_versioned_hashes: None, sidecar: None, authorization_list: None }, other: OtherFields {} }, Some(0x134), None, None)
    Error: Execution error: execution reverted

eth_getTransactionReceipt
eth_call

RPC request failed:
    Request: EthCall(WithOtherFields { inner: TransactionRequest { from: None, to: Some(Call(0x34915912c01849b2353346322cf03fe127f6c126)), gas_price: None, max_fee_per_gas: None, max_priority_fee_per_gas: None, max_fee_per_blob_gas: None, gas: None, value: None, input: TransactionInput { input: None, data: Some(0x95d89b41) }, nonce: None, chain_id: None, access_list: None, transaction_type: None, blob_versioned_hashes: None, sidecar: None, authorization_list: None }, other: OtherFields {} }, Some(0x134), None, None)
    Error: Execution error: execution reverted

eth_call

RPC request failed:
    Request: EthCall(WithOtherFields { inner: TransactionRequest { from: None, to: Some(Call(0x34915912c01849b2353346322cf03fe127f6c126)), gas_price: None, max_fee_per_gas: None, max_priority_fee_per_gas: None, max_fee_per_blob_gas: None, gas: None, value: None, input: TransactionInput { input: None, data: Some(0x313ce567) }, nonce: None, chain_id: None, access_list: None, transaction_type: None, blob_versioned_hashes: None, sidecar: None, authorization_list: None }, other: OtherFields {} }, Some(0x134), None, None)
    Error: Execution error: execution reverted

eth_call
eth_call
eth_call
eth_call
eth_call
eth_call
eth_call
eth_call
eth_call
eth_call
eth_call
eth_call
eth_call
eth_call
eth_call
eth_call
eth_call
eth_call
eth_call
eth_call
eth_call
eth_call
eth_call
eth_call
eth_call

RPC request failed:
    Request: EthCall(WithOtherFields { inner: TransactionRequest { from: None, to: None, gas_price: None, max_fee_per_gas: None, max_priority_fee_per_gas: None, max_fee_per_blob_gas: None, gas: None, value: None, input: TransactionInput { input: None, data: Some(0x95d89b41) }, nonce: None, chain_id: None, access_list: None, transaction_type: None, blob_versioned_hashes: None, sidecar: None, authorization_list: None }, other: OtherFields {} }, Some(0x134), None, None)
    Error: Internal error: EVM error StackOverflow

eth_call

RPC request failed:
    Request: EthCall(WithOtherFields { inner: TransactionRequest { from: None, to: None, gas_price: None, max_fee_per_gas: None, max_priority_fee_per_gas: None, max_fee_per_blob_gas: None, gas: None, value: None, input: TransactionInput { input: None, data: Some(0x95d89b41) }, nonce: None, chain_id: None, access_list: None, transaction_type: None, blob_versioned_hashes: None, sidecar: None, authorization_list: None }, other: OtherFields {} }, Some(0x134), None, None)
    Error: Internal error: EVM error StackOverflow

eth_getTransactionReceipt
eth_blockNumber
eth_getBlockByHash
eth_blockNumber
eth_call

RPC request failed:
    Request: EthCall(WithOtherFields { inner: TransactionRequest { from: None, to: Some(Call(0x34915912c01849b2353346322cf03fe127f6c126)), gas_price: None, max_fee_per_gas: None, max_priority_fee_per_gas: None, max_fee_per_blob_gas: None, gas: None, value: None, input: TransactionInput { input: None, data: Some(0x01ffc9a780ac58cd00000000000000000000000000000000000000000000000000000000) }, nonce: None, chain_id: None, access_list: None, transaction_type: None, blob_versioned_hashes: None, sidecar: None, authorization_list: None }, other: OtherFields {} }, Some(0x135), None, None)
    Error: Execution error: execution reverted

eth_getBalance
eth_call

RPC request failed:
    Request: EthCall(WithOtherFields { inner: TransactionRequest { from: None, to: Some(Call(0x34915912c01849b2353346322cf03fe127f6c126)), gas_price: None, max_fee_per_gas: None, max_priority_fee_per_gas: None, max_fee_per_blob_gas: None, gas: None, value: None, input: TransactionInput { input: None, data: Some(0x01ffc9a7d9b67a2600000000000000000000000000000000000000000000000000000000) }, nonce: None, chain_id: None, access_list: None, transaction_type: None, blob_versioned_hashes: None, sidecar: None, authorization_list: None }, other: OtherFields {} }, Some(0x135), None, None)
    Error: Execution error: execution reverted

eth_call

RPC request failed:
    Request: EthCall(WithOtherFields { inner: TransactionRequest { from: None, to: Some(Call(0x34915912c01849b2353346322cf03fe127f6c126)), gas_price: None, max_fee_per_gas: None, max_priority_fee_per_gas: None, max_fee_per_blob_gas: None, gas: None, value: None, input: TransactionInput { input: None, data: Some(0x95d89b41) }, nonce: None, chain_id: None, access_list: None, transaction_type: None, blob_versioned_hashes: None, sidecar: None, authorization_list: None }, other: OtherFields {} }, Some(0x135), None, None)
    Error: Execution error: execution reverted

eth_call

RPC request failed:
    Request: EthCall(WithOtherFields { inner: TransactionRequest { from: None, to: Some(Call(0x34915912c01849b2353346322cf03fe127f6c126)), gas_price: None, max_fee_per_gas: None, max_priority_fee_per_gas: None, max_fee_per_blob_gas: None, gas: None, value: None, input: TransactionInput { input: None, data: Some(0x313ce567) }, nonce: None, chain_id: None, access_list: None, transaction_type: None, blob_versioned_hashes: None, sidecar: None, authorization_list: None }, other: OtherFields {} }, Some(0x135), None, None)
    Error: Execution error: execution reverted

eth_gasPrice
eth_blockNumber
eth_getLogs
eth_call
eth_call
eth_call
eth_call
eth_call
eth_call
eth_call
eth_call
eth_call
eth_call
eth_call
eth_call
eth_call
eth_call
eth_call
eth_call
eth_call
eth_call
eth_call
eth_call
eth_call
eth_call
eth_call
eth_call
eth_call
eth_call
eth_call
eth_call
eth_call
eth_call
eth_call
eth_call
eth_call
eth_blockNumber
eth_call
eth_call
eth_call
eth_call
eth_call
eth_call
eth_call
eth_call
eth_call
eth_call
eth_call
eth_call
eth_call
eth_call
eth_call
eth_call
eth_call
eth_call
eth_call
eth_call
eth_call
eth_call
eth_call
eth_call
eth_call
eth_call
eth_call
eth_call
eth_call
eth_call
eth_call
eth_call
eth_call
eth_blockNumber
eth_call
eth_call
eth_call
eth_call
eth_call
eth_call
eth_call
eth_call
eth_call
eth_call
eth_call
eth_call
eth_call
eth_call
eth_call
eth_call
eth_call
eth_call
eth_call
eth_call
eth_call
eth_call
eth_call
eth_call
eth_call
eth_call
eth_call
eth_call
eth_call
eth_call
eth_call
eth_call
eth_call
eth_call
eth_call
eth_call
eth_call
eth_call
eth_call
eth_call
eth_call
eth_call
eth_call
eth_call
eth_call
eth_call
eth_call
eth_call
eth_call
eth_call
eth_call
eth_call
eth_call
eth_call
eth_call
eth_call
eth_call
eth_call
eth_call
eth_call
eth_call
eth_call
eth_call
eth_call
eth_call
eth_call
eth_call
eth_call
eth_call
eth_call
eth_call
eth_call
eth_call
eth_call
eth_call
eth_call
eth_call
eth_call
eth_call
eth_call
eth_call
eth_call
eth_call
eth_call
eth_call
eth_call
eth_call
eth_call
eth_call
eth_call
eth_call
eth_call
eth_call
eth_call
eth_call
eth_call
eth_call
eth_call
eth_call
eth_call
eth_call
eth_call
eth_call
eth_call
eth_call
eth_call
eth_call
eth_call
eth_call
eth_call
eth_call
eth_call
eth_call
eth_call
eth_call
eth_call
eth_call
eth_call
eth_call
eth_call
eth_call
eth_call
eth_call
eth_call
eth_call
eth_call
eth_call
eth_call
eth_call
eth_call
eth_call
eth_call
eth_call
eth_call
eth_call
eth_call
eth_call
eth_call
eth_call
eth_call
eth_call
eth_call
eth_call
eth_call
eth_call
eth_call
eth_call
eth_call
eth_call
eth_call
eth_call
eth_call
eth_call
eth_call
eth_call
eth_call
eth_call
eth_call
eth_call
eth_call
eth_call
eth_call
eth_call
eth_call
eth_call
eth_getLogs
eth_call
eth_call
eth_call
eth_call
eth_call
eth_call
eth_call
eth_call
eth_call
eth_call
eth_call
eth_call
eth_call
eth_call
eth_call
eth_call
eth_call
eth_call
eth_call
eth_call
eth_call
eth_call
eth_call
eth_call
eth_call
eth_call
eth_call
eth_call
eth_call
eth_call
eth_call
eth_call
eth_call
eth_call
eth_getLogs
eth_call
eth_call
eth_call
eth_call
eth_call
eth_call
eth_call
eth_call
eth_call
eth_call
eth_call
eth_call
eth_call
eth_call
eth_call
eth_call
eth_call
eth_call
eth_call
eth_call
eth_call
eth_call
eth_call
eth_call
eth_call
eth_call
eth_call
eth_call
eth_call
eth_call
eth_call
eth_call
eth_call
eth_call
eth_call
eth_call
eth_call
eth_call
eth_call
eth_call
eth_call
eth_call
eth_call
eth_call
eth_call
eth_call
eth_call
eth_call
eth_call
eth_call
eth_call
eth_call
eth_call
eth_call
eth_call
eth_call
eth_call
eth_call
eth_call
eth_call
eth_call
eth_call
eth_call
eth_call
eth_call
eth_call
eth_call
eth_call
eth_call
eth_call
eth_call
eth_call
eth_call
eth_call
eth_call
eth_call
eth_call
eth_call
eth_call
eth_call
eth_call
eth_call
eth_call
eth_call
eth_call
eth_call
eth_call
eth_call
eth_call
eth_call
eth_call
eth_call
eth_call
eth_call
eth_call
eth_call
eth_call
eth_call
eth_getLogs
eth_call
eth_call
eth_call
eth_call
eth_call
eth_call
eth_call
eth_call
eth_call
eth_call
eth_call
eth_call
eth_call
eth_call
eth_call
eth_call
eth_call
eth_call
eth_call
eth_call
eth_call
eth_call
eth_call
eth_call
eth_call
eth_call
eth_call
eth_call
eth_call
eth_call
eth_call
eth_call
eth_call
eth_call
eth_call
eth_call
eth_call
eth_call
eth_call
eth_call
eth_call
eth_call
eth_call
eth_call
eth_call
eth_call
eth_call
eth_call
eth_call
eth_call
eth_call
eth_call
eth_call
eth_call
eth_call
eth_call
eth_call
eth_call
eth_call
eth_call
eth_call
eth_call
eth_call
eth_call
eth_call
eth_call
eth_getLogs
eth_call
eth_call
eth_call
eth_call
eth_call
eth_call
eth_call
eth_call
eth_call
eth_call
eth_call
eth_call
eth_call
eth_call
eth_call
eth_call
eth_call
eth_call
eth_call
eth_call
eth_call
eth_call
eth_call
eth_call
eth_call
eth_call
eth_call
eth_call
eth_call
eth_call
eth_call
eth_call
eth_call
eth_call
eth_call
eth_call
eth_call
eth_call
eth_call
eth_call
eth_call
eth_call
eth_call
eth_call
eth_call
eth_call
eth_call
eth_call
eth_call
eth_call
eth_call
eth_call
eth_call
eth_call
eth_call
eth_call
eth_call
eth_call
eth_call
eth_call
eth_call
eth_call
eth_call
eth_call
eth_call
eth_call
eth_call
eth_call
eth_call
eth_call
eth_call
eth_call
eth_call
eth_call
eth_call
eth_call
eth_call
eth_call
eth_call
eth_call
eth_call
eth_call
eth_call
eth_call
eth_call
eth_call
eth_call
eth_call
eth_call
eth_call
eth_call
eth_call
eth_call
eth_call
eth_call
eth_call
eth_call
eth_call
eth_call
eth_call
eth_call
eth_call
eth_call
eth_call
eth_call
eth_call
eth_call
eth_call
eth_call
eth_call
eth_call
eth_call
eth_call
eth_call
eth_call
eth_call
eth_call
eth_call
eth_call
eth_call
eth_call
eth_call
eth_call
eth_call
eth_call
eth_call
eth_call
eth_call
eth_call
eth_call
eth_call
eth_call
eth_getLogs
eth_call
eth_call
eth_call
eth_call
eth_call
eth_call
eth_call
eth_call
eth_call
eth_call
eth_call
eth_call
eth_call
eth_call
eth_call
eth_call
eth_call
eth_call
eth_call
eth_call
eth_call
eth_call
eth_call
eth_call
eth_call
eth_call
eth_call
eth_call
eth_call
eth_call
eth_call
eth_call
eth_call
eth_call
eth_getLogs
eth_call
eth_call
eth_call
eth_call
eth_call
eth_call
eth_call
eth_call
eth_call
eth_call
eth_call
eth_call
eth_call
eth_call
eth_call
eth_call
eth_call
eth_call
eth_call
eth_call
eth_call
eth_call
eth_call
eth_call
eth_call
eth_call
eth_call
eth_call
eth_call
eth_call
eth_call
eth_call
eth_call
eth_call
eth_call
eth_call
eth_call
eth_call
eth_call
eth_call
eth_call
eth_call
eth_call
eth_call
eth_call
eth_call
eth_call
eth_call
eth_call
eth_call
eth_call
eth_call
eth_call
eth_call
eth_call
eth_call
eth_call
eth_call
eth_call
eth_call
eth_call
eth_call
eth_call
eth_call
eth_call
eth_call
eth_getLogs
eth_call
eth_call
eth_call
eth_call
eth_call
eth_call
eth_call
eth_call
eth_call
eth_call
eth_call
eth_call
eth_call
eth_call
eth_call
eth_call
eth_call
eth_call
eth_call
eth_call
eth_call
eth_call
eth_call
eth_call
eth_call
eth_call
eth_call
eth_call
eth_call
eth_call
eth_call
eth_call
eth_blockNumber
eth_getBlockByNumber
eth_networkId
eth_networkId
eth_blockNumber
eth_blockNumber
eth_getBalance
eth_getBlockByNumber
eth_blockNumber
eth_call
eth_call
eth_call
eth_call
eth_call
eth_call
eth_call
eth_call
eth_call
eth_call
eth_call
eth_call
eth_call
eth_call
eth_call
eth_call
eth_call
eth_call
eth_call
eth_call
eth_call
eth_call
eth_call
eth_call
eth_call
eth_call
eth_call
eth_call
eth_call
eth_call
eth_call
eth_call
eth_call
eth_blockNumber
eth_blockNumber
eth_getBalance
eth_blockNumber
eth_blockNumber
eth_blockNumber
eth_getCode
eth_getCode
eth_estimateGas
eth_gasPrice
eth_blockNumber
eth_call

RPC request failed:
    Request: EthCall(WithOtherFields { inner: TransactionRequest { from: None, to: Some(Call(0xe8addd62fed354203d079926a8e563bc1a7fe81e)), gas_price: None, max_fee_per_gas: None, max_priority_fee_per_gas: None, max_fee_per_blob_gas: None, gas: None, value: None, input: TransactionInput { input: None, data: Some(0x01ffc9a780ac58cd00000000000000000000000000000000000000000000000000000000) }, nonce: None, chain_id: None, access_list: None, transaction_type: None, blob_versioned_hashes: None, sidecar: None, authorization_list: None }, other: OtherFields {} }, Some(0x135), None, None)
    Error: Execution error: execution reverted

eth_call

RPC request failed:
    Request: EthCall(WithOtherFields { inner: TransactionRequest { from: None, to: Some(Call(0xe8addd62fed354203d079926a8e563bc1a7fe81e)), gas_price: None, max_fee_per_gas: None, max_priority_fee_per_gas: None, max_fee_per_blob_gas: None, gas: None, value: None, input: TransactionInput { input: None, data: Some(0x01ffc9a7d9b67a2600000000000000000000000000000000000000000000000000000000) }, nonce: None, chain_id: None, access_list: None, transaction_type: None, blob_versioned_hashes: None, sidecar: None, authorization_list: None }, other: OtherFields {} }, Some(0x135), None, None)
    Error: Execution error: execution reverted

eth_call
eth_call

RPC request failed:
    Request: EthCall(WithOtherFields { inner: TransactionRequest { from: None, to: Some(Call(0xe8addd62fed354203d079926a8e563bc1a7fe81e)), gas_price: None, max_fee_per_gas: None, max_priority_fee_per_gas: None, max_fee_per_blob_gas: None, gas: None, value: None, input: TransactionInput { input: None, data: Some(0x95d89b41) }, nonce: None, chain_id: None, access_list: None, transaction_type: None, blob_versioned_hashes: None, sidecar: None, authorization_list: None }, other: OtherFields {} }, Some(0x135), None, None)
    Error: Execution error: execution reverted


RPC request failed:
    Request: EthCall(WithOtherFields { inner: TransactionRequest { from: None, to: Some(Call(0xe8addd62fed354203d079926a8e563bc1a7fe81e)), gas_price: None, max_fee_per_gas: None, max_priority_fee_per_gas: None, max_fee_per_blob_gas: None, gas: None, value: None, input: TransactionInput { input: None, data: Some(0x313ce567) }, nonce: None, chain_id: None, access_list: None, transaction_type: None, blob_versioned_hashes: None, sidecar: None, authorization_list: None }, other: OtherFields {} }, Some(0x135), None, None)
    Error: Execution error: execution reverted

eth_call

RPC request failed:
    Request: EthCall(WithOtherFields { inner: TransactionRequest { from: None, to: Some(Call(0xe8addd62fed354203d079926a8e563bc1a7fe81e)), gas_price: None, max_fee_per_gas: None, max_priority_fee_per_gas: None, max_fee_per_blob_gas: None, gas: None, value: None, input: TransactionInput { input: None, data: Some(0x01ffc9a780ac58cd00000000000000000000000000000000000000000000000000000000) }, nonce: None, chain_id: None, access_list: None, transaction_type: None, blob_versioned_hashes: None, sidecar: None, authorization_list: None }, other: OtherFields {} }, Some(0x135), None, None)
    Error: Execution error: execution reverted

eth_call

RPC request failed:
    Request: EthCall(WithOtherFields { inner: TransactionRequest { from: None, to: Some(Call(0xe8addd62fed354203d079926a8e563bc1a7fe81e)), gas_price: None, max_fee_per_gas: None, max_priority_fee_per_gas: None, max_fee_per_blob_gas: None, gas: None, value: None, input: TransactionInput { input: None, data: Some(0x01ffc9a7d9b67a2600000000000000000000000000000000000000000000000000000000) }, nonce: None, chain_id: None, access_list: None, transaction_type: None, blob_versioned_hashes: None, sidecar: None, authorization_list: None }, other: OtherFields {} }, Some(0x135), None, None)
    Error: Execution error: execution reverted

eth_call

RPC request failed:
    Request: EthCall(WithOtherFields { inner: TransactionRequest { from: None, to: Some(Call(0xe8addd62fed354203d079926a8e563bc1a7fe81e)), gas_price: None, max_fee_per_gas: None, max_priority_fee_per_gas: None, max_fee_per_blob_gas: None, gas: None, value: None, input: TransactionInput { input: None, data: Some(0x95d89b41) }, nonce: None, chain_id: None, access_list: None, transaction_type: None, blob_versioned_hashes: None, sidecar: None, authorization_list: None }, other: OtherFields {} }, Some(0x135), None, None)
    Error: Execution error: execution reverted

eth_call
eth_call

RPC request failed:
    Request: EthCall(WithOtherFields { inner: TransactionRequest { from: None, to: Some(Call(0xe8addd62fed354203d079926a8e563bc1a7fe81e)), gas_price: None, max_fee_per_gas: None, max_priority_fee_per_gas: None, max_fee_per_blob_gas: None, gas: None, value: None, input: TransactionInput { input: None, data: Some(0x313ce567) }, nonce: None, chain_id: None, access_list: None, transaction_type: None, blob_versioned_hashes: None, sidecar: None, authorization_list: None }, other: OtherFields {} }, Some(0x135), None, None)
    Error: Execution error: execution reverted


RPC request failed:
    Request: EthCall(WithOtherFields { inner: TransactionRequest { from: None, to: Some(Call(0xe8addd62fed354203d079926a8e563bc1a7fe81e)), gas_price: None, max_fee_per_gas: None, max_priority_fee_per_gas: None, max_fee_per_blob_gas: None, gas: None, value: None, input: TransactionInput { input: None, data: Some(0x70a08231000000000000000000000000f39fd6e51aad88f6f4ce6ab8827279cfffb92266) }, nonce: None, chain_id: None, access_list: None, transaction_type: None, blob_versioned_hashes: None, sidecar: None, authorization_list: None }, other: OtherFields {} }, Some(0x135), None, None)
    Error: Execution error: execution reverted

eth_call

RPC request failed:
    Request: EthCall(WithOtherFields { inner: TransactionRequest { from: None, to: Some(Call(0xe8addd62fed354203d079926a8e563bc1a7fe81e)), gas_price: None, max_fee_per_gas: None, max_priority_fee_per_gas: None, max_fee_per_blob_gas: None, gas: None, value: None, input: TransactionInput { input: None, data: Some(0x01ffc9a780ac58cd00000000000000000000000000000000000000000000000000000000) }, nonce: None, chain_id: None, access_list: None, transaction_type: None, blob_versioned_hashes: None, sidecar: None, authorization_list: None }, other: OtherFields {} }, Some(0x135), None, None)
    Error: Execution error: execution reverted

eth_call

RPC request failed:
    Request: EthCall(WithOtherFields { inner: TransactionRequest { from: None, to: Some(Call(0xe8addd62fed354203d079926a8e563bc1a7fe81e)), gas_price: None, max_fee_per_gas: None, max_priority_fee_per_gas: None, max_fee_per_blob_gas: None, gas: None, value: None, input: TransactionInput { input: None, data: Some(0x01ffc9a7d9b67a2600000000000000000000000000000000000000000000000000000000) }, nonce: None, chain_id: None, access_list: None, transaction_type: None, blob_versioned_hashes: None, sidecar: None, authorization_list: None }, other: OtherFields {} }, Some(0x135), None, None)
    Error: Execution error: execution reverted

eth_call

RPC request failed:
    Request: EthCall(WithOtherFields { inner: TransactionRequest { from: None, to: Some(Call(0xe8addd62fed354203d079926a8e563bc1a7fe81e)), gas_price: None, max_fee_per_gas: None, max_priority_fee_per_gas: None, max_fee_per_blob_gas: None, gas: None, value: None, input: TransactionInput { input: None, data: Some(0x95d89b41) }, nonce: None, chain_id: None, access_list: None, transaction_type: None, blob_versioned_hashes: None, sidecar: None, authorization_list: None }, other: OtherFields {} }, Some(0x135), None, None)
    Error: Execution error: execution reverted

eth_call

RPC request failed:
    Request: EthCall(WithOtherFields { inner: TransactionRequest { from: None, to: Some(Call(0xe8addd62fed354203d079926a8e563bc1a7fe81e)), gas_price: None, max_fee_per_gas: None, max_priority_fee_per_gas: None, max_fee_per_blob_gas: None, gas: None, value: None, input: TransactionInput { input: None, data: Some(0x313ce567) }, nonce: None, chain_id: None, access_list: None, transaction_type: None, blob_versioned_hashes: None, sidecar: None, authorization_list: None }, other: OtherFields {} }, Some(0x135), None, None)
    Error: Execution error: execution reverted

eth_call

RPC request failed:
    Request: EthCall(WithOtherFields { inner: TransactionRequest { from: None, to: Some(Call(0xe8addd62fed354203d079926a8e563bc1a7fe81e)), gas_price: None, max_fee_per_gas: None, max_priority_fee_per_gas: None, max_fee_per_blob_gas: None, gas: None, value: None, input: TransactionInput { input: None, data: Some(0x70a08231000000000000000000000000f39fd6e51aad88f6f4ce6ab8827279cfffb92266) }, nonce: None, chain_id: None, access_list: None, transaction_type: None, blob_versioned_hashes: None, sidecar: None, authorization_list: None }, other: OtherFields {} }, Some(0x135), None, None)
    Error: Execution error: execution reverted

eth_call

RPC request failed:
    Request: EthCall(WithOtherFields { inner: TransactionRequest { from: None, to: Some(Call(0xe8addd62fed354203d079926a8e563bc1a7fe81e)), gas_price: None, max_fee_per_gas: None, max_priority_fee_per_gas: None, max_fee_per_blob_gas: None, gas: None, value: None, input: TransactionInput { input: None, data: Some(0x01ffc9a780ac58cd00000000000000000000000000000000000000000000000000000000) }, nonce: None, chain_id: None, access_list: None, transaction_type: None, blob_versioned_hashes: None, sidecar: None, authorization_list: None }, other: OtherFields {} }, Some(0x135), None, None)
    Error: Execution error: execution reverted

eth_blockNumber
eth_call

RPC request failed:
    Request: EthCall(WithOtherFields { inner: TransactionRequest { from: None, to: Some(Call(0xe8addd62fed354203d079926a8e563bc1a7fe81e)), gas_price: None, max_fee_per_gas: None, max_priority_fee_per_gas: None, max_fee_per_blob_gas: None, gas: None, value: None, input: TransactionInput { input: None, data: Some(0x01ffc9a7d9b67a2600000000000000000000000000000000000000000000000000000000) }, nonce: None, chain_id: None, access_list: None, transaction_type: None, blob_versioned_hashes: None, sidecar: None, authorization_list: None }, other: OtherFields {} }, Some(0x135), None, None)
    Error: Execution error: execution reverted

eth_call

RPC request failed:
    Request: EthCall(WithOtherFields { inner: TransactionRequest { from: None, to: Some(Call(0xe8addd62fed354203d079926a8e563bc1a7fe81e)), gas_price: None, max_fee_per_gas: None, max_priority_fee_per_gas: None, max_fee_per_blob_gas: None, gas: None, value: None, input: TransactionInput { input: None, data: Some(0x95d89b41) }, nonce: None, chain_id: None, access_list: None, transaction_type: None, blob_versioned_hashes: None, sidecar: None, authorization_list: None }, other: OtherFields {} }, Some(0x135), None, None)
    Error: Execution error: execution reverted

eth_call

RPC request failed:
    Request: EthCall(WithOtherFields { inner: TransactionRequest { from: None, to: Some(Call(0xe8addd62fed354203d079926a8e563bc1a7fe81e)), gas_price: None, max_fee_per_gas: None, max_priority_fee_per_gas: None, max_fee_per_blob_gas: None, gas: None, value: None, input: TransactionInput { input: None, data: Some(0x313ce567) }, nonce: None, chain_id: None, access_list: None, transaction_type: None, blob_versioned_hashes: None, sidecar: None, authorization_list: None }, other: OtherFields {} }, Some(0x135), None, None)
    Error: Execution error: execution reverted

eth_call

RPC request failed:
    Request: EthCall(WithOtherFields { inner: TransactionRequest { from: None, to: Some(Call(0xe8addd62fed354203d079926a8e563bc1a7fe81e)), gas_price: None, max_fee_per_gas: None, max_priority_fee_per_gas: None, max_fee_per_blob_gas: None, gas: None, value: None, input: TransactionInput { input: None, data: Some(0x70a08231000000000000000000000000f39fd6e51aad88f6f4ce6ab8827279cfffb92266) }, nonce: None, chain_id: None, access_list: None, transaction_type: None, blob_versioned_hashes: None, sidecar: None, authorization_list: None }, other: OtherFields {} }, Some(0x135), None, None)
    Error: Execution error: execution reverted

eth_getTransactionCount
eth_sendRawTransaction

    Transaction: 0x257400b008e21519fc12b5956b703dca7209134dbc66c6d39961519e4109214b
    Gas used: 4462148

    Block Number: 310
    Block Hash: 0x8cb902af7b0e4ff13a7c02336ece52bd3b5dcf6666e5c389a6eda08d7ca4bd5b
    Block Time: "Sun, 12 Apr 2026 20:00:42 +0000"

eth_call

RPC request failed:
    Request: EthCall(WithOtherFields { inner: TransactionRequest { from: None, to: Some(Call(0xe8addd62fed354203d079926a8e563bc1a7fe81e)), gas_price: None, max_fee_per_gas: None, max_priority_fee_per_gas: None, max_fee_per_blob_gas: None, gas: None, value: None, input: TransactionInput { input: None, data: Some(0x01ffc9a780ac58cd00000000000000000000000000000000000000000000000000000000) }, nonce: None, chain_id: None, access_list: None, transaction_type: None, blob_versioned_hashes: None, sidecar: None, authorization_list: None }, other: OtherFields {} }, Some(0x135), None, None)
    Error: Execution error: execution reverted

eth_call

RPC request failed:
    Request: EthCall(WithOtherFields { inner: TransactionRequest { from: None, to: Some(Call(0xe8addd62fed354203d079926a8e563bc1a7fe81e)), gas_price: None, max_fee_per_gas: None, max_priority_fee_per_gas: None, max_fee_per_blob_gas: None, gas: None, value: None, input: TransactionInput { input: None, data: Some(0x01ffc9a7d9b67a2600000000000000000000000000000000000000000000000000000000) }, nonce: None, chain_id: None, access_list: None, transaction_type: None, blob_versioned_hashes: None, sidecar: None, authorization_list: None }, other: OtherFields {} }, Some(0x135), None, None)
    Error: Execution error: execution reverted

eth_getTransactionReceipt
eth_call

RPC request failed:
    Request: EthCall(WithOtherFields { inner: TransactionRequest { from: None, to: Some(Call(0xe8addd62fed354203d079926a8e563bc1a7fe81e)), gas_price: None, max_fee_per_gas: None, max_priority_fee_per_gas: None, max_fee_per_blob_gas: None, gas: None, value: None, input: TransactionInput { input: None, data: Some(0x95d89b41) }, nonce: None, chain_id: None, access_list: None, transaction_type: None, blob_versioned_hashes: None, sidecar: None, authorization_list: None }, other: OtherFields {} }, Some(0x135), None, None)
    Error: Execution error: execution reverted

eth_call

RPC request failed:
    Request: EthCall(WithOtherFields { inner: TransactionRequest { from: None, to: Some(Call(0xe8addd62fed354203d079926a8e563bc1a7fe81e)), gas_price: None, max_fee_per_gas: None, max_priority_fee_per_gas: None, max_fee_per_blob_gas: None, gas: None, value: None, input: TransactionInput { input: None, data: Some(0x313ce567) }, nonce: None, chain_id: None, access_list: None, transaction_type: None, blob_versioned_hashes: None, sidecar: None, authorization_list: None }, other: OtherFields {} }, Some(0x135), None, None)
    Error: Execution error: execution reverted

eth_call

RPC request failed:
    Request: EthCall(WithOtherFields { inner: TransactionRequest { from: None, to: None, gas_price: None, max_fee_per_gas: None, max_priority_fee_per_gas: None, max_fee_per_blob_gas: None, gas: None, value: None, input: TransactionInput { input: None, data: Some(0x95d89b41) }, nonce: None, chain_id: None, access_list: None, transaction_type: None, blob_versioned_hashes: None, sidecar: None, authorization_list: None }, other: OtherFields {} }, Some(0x135), None, None)
    Error: Internal error: EVM error StackOverflow

eth_call

RPC request failed:
    Request: EthCall(WithOtherFields { inner: TransactionRequest { from: None, to: None, gas_price: None, max_fee_per_gas: None, max_priority_fee_per_gas: None, max_fee_per_blob_gas: None, gas: None, value: None, input: TransactionInput { input: None, data: Some(0x95d89b41) }, nonce: None, chain_id: None, access_list: None, transaction_type: None, blob_versioned_hashes: None, sidecar: None, authorization_list: None }, other: OtherFields {} }, Some(0x135), None, None)
    Error: Internal error: EVM error StackOverflow

eth_getLogs
eth_getTransactionReceipt
eth_getLogs
eth_blockNumber
eth_getBlockByHash
eth_call
eth_call
eth_call
eth_call
eth_call
eth_call
eth_call
eth_call
eth_call
eth_call
eth_call
eth_blockNumber
eth_call
eth_call
eth_call
eth_call
eth_call
eth_call
eth_call
eth_call
eth_call
eth_call
eth_call
eth_call
eth_getBalance
eth_call

RPC request failed:
    Request: EthCall(WithOtherFields { inner: TransactionRequest { from: None, to: Some(Call(0xe8addd62fed354203d079926a8e563bc1a7fe81e)), gas_price: None, max_fee_per_gas: None, max_priority_fee_per_gas: None, max_fee_per_blob_gas: None, gas: None, value: None, input: TransactionInput { input: None, data: Some(0x01ffc9a780ac58cd00000000000000000000000000000000000000000000000000000000) }, nonce: None, chain_id: None, access_list: None, transaction_type: None, blob_versioned_hashes: None, sidecar: None, authorization_list: None }, other: OtherFields {} }, Some(0x136), None, None)
    Error: Execution error: execution reverted

eth_call
eth_call
eth_call
eth_call
eth_call
eth_call
eth_call
eth_call
eth_blockNumber
eth_call

RPC request failed:
    Request: EthCall(WithOtherFields { inner: TransactionRequest { from: None, to: Some(Call(0xe8addd62fed354203d079926a8e563bc1a7fe81e)), gas_price: None, max_fee_per_gas: None, max_priority_fee_per_gas: None, max_fee_per_blob_gas: None, gas: None, value: None, input: TransactionInput { input: None, data: Some(0x01ffc9a7d9b67a2600000000000000000000000000000000000000000000000000000000) }, nonce: None, chain_id: None, access_list: None, transaction_type: None, blob_versioned_hashes: None, sidecar: None, authorization_list: None }, other: OtherFields {} }, Some(0x136), None, None)
    Error: Execution error: execution reverted

eth_call
eth_call
eth_call
eth_call
eth_call

RPC request failed:

RPC request failed:
    Request: EthCall(WithOtherFields { inner: TransactionRequest { from: None, to: Some(Call(0xe8addd62fed354203d079926a8e563bc1a7fe81e)), gas_price: None, max_fee_per_gas: None, max_priority_fee_per_gas: None, max_fee_per_blob_gas: None, gas: None, value: None, input: TransactionInput { input: None, data: Some(0x313ce567) }, nonce: None, chain_id: None, access_list: None, transaction_type: None, blob_versioned_hashes: None, sidecar: None, authorization_list: None }, other: OtherFields {} }, Some(0x136), None, None)
    Error: Execution error: execution reverted

    Request: EthCall(WithOtherFields { inner: TransactionRequest { from: None, to: Some(Call(0xe8addd62fed354203d079926a8e563bc1a7fe81e)), gas_price: None, max_fee_per_gas: None, max_priority_fee_per_gas: None, max_fee_per_blob_gas: None, gas: None, value: None, input: TransactionInput { input: None, data: Some(0x95d89b41) }, nonce: None, chain_id: None, access_list: None, transaction_type: None, blob_versioned_hashes: None, sidecar: None, authorization_list: None }, other: OtherFields {} }, Some(0x136), None, None)
    Error: Execution error: execution reverted

eth_call
eth_gasPrice
eth_call
eth_call
eth_blockNumber
eth_blockNumber
eth_call
eth_call
eth_call
eth_call
eth_call
eth_call
eth_call
eth_call
eth_call
eth_call
eth_call
eth_call
eth_call
eth_call
eth_call
eth_call
eth_call
eth_call
eth_getBlockByNumber
eth_blockNumber
eth_getBalance
eth_getCode
eth_getCode
eth_estimateGas
eth_call

RPC request failed:
    Request: EthCall(WithOtherFields { inner: TransactionRequest { from: None, to: Some(Call(0xfe4ae87e750c4952511058173c5d080aa6cd54aa)), gas_price: None, max_fee_per_gas: None, max_priority_fee_per_gas: None, max_fee_per_blob_gas: None, gas: None, value: None, input: TransactionInput { input: None, data: Some(0x01ffc9a780ac58cd00000000000000000000000000000000000000000000000000000000) }, nonce: None, chain_id: None, access_list: None, transaction_type: None, blob_versioned_hashes: None, sidecar: None, authorization_list: None }, other: OtherFields {} }, Some(0x136), None, None)
    Error: Execution error: execution reverted

eth_call

RPC request failed:
    Request: EthCall(WithOtherFields { inner: TransactionRequest { from: None, to: Some(Call(0xfe4ae87e750c4952511058173c5d080aa6cd54aa)), gas_price: None, max_fee_per_gas: None, max_priority_fee_per_gas: None, max_fee_per_blob_gas: None, gas: None, value: None, input: TransactionInput { input: None, data: Some(0x01ffc9a7d9b67a2600000000000000000000000000000000000000000000000000000000) }, nonce: None, chain_id: None, access_list: None, transaction_type: None, blob_versioned_hashes: None, sidecar: None, authorization_list: None }, other: OtherFields {} }, Some(0x136), None, None)
    Error: Execution error: execution reverted

eth_call

RPC request failed:
    Request: EthCall(WithOtherFields { inner: TransactionRequest { from: None, to: Some(Call(0xfe4ae87e750c4952511058173c5d080aa6cd54aa)), gas_price: None, max_fee_per_gas: None, max_priority_fee_per_gas: None, max_fee_per_blob_gas: None, gas: None, value: None, input: TransactionInput { input: None, data: Some(0x95d89b41) }, nonce: None, chain_id: None, access_list: None, transaction_type: None, blob_versioned_hashes: None, sidecar: None, authorization_list: None }, other: OtherFields {} }, Some(0x136), None, None)
    Error: Execution error: execution reverted

eth_call

RPC request failed:
    Request: EthCall(WithOtherFields { inner: TransactionRequest { from: None, to: Some(Call(0xfe4ae87e750c4952511058173c5d080aa6cd54aa)), gas_price: None, max_fee_per_gas: None, max_priority_fee_per_gas: None, max_fee_per_blob_gas: None, gas: None, value: None, input: TransactionInput { input: None, data: Some(0x313ce567) }, nonce: None, chain_id: None, access_list: None, transaction_type: None, blob_versioned_hashes: None, sidecar: None, authorization_list: None }, other: OtherFields {} }, Some(0x136), None, None)
    Error: Execution error: execution reverted

eth_blockNumber
eth_call

RPC request failed:
    Request: EthCall(WithOtherFields { inner: TransactionRequest { from: None, to: Some(Call(0xfe4ae87e750c4952511058173c5d080aa6cd54aa)), gas_price: None, max_fee_per_gas: None, max_priority_fee_per_gas: None, max_fee_per_blob_gas: None, gas: None, value: None, input: TransactionInput { input: None, data: Some(0x01ffc9a780ac58cd00000000000000000000000000000000000000000000000000000000) }, nonce: None, chain_id: None, access_list: None, transaction_type: None, blob_versioned_hashes: None, sidecar: None, authorization_list: None }, other: OtherFields {} }, Some(0x136), None, None)
    Error: Execution error: execution reverted

eth_call

RPC request failed:
    Request: EthCall(WithOtherFields { inner: TransactionRequest { from: None, to: Some(Call(0xfe4ae87e750c4952511058173c5d080aa6cd54aa)), gas_price: None, max_fee_per_gas: None, max_priority_fee_per_gas: None, max_fee_per_blob_gas: None, gas: None, value: None, input: TransactionInput { input: None, data: Some(0x01ffc9a7d9b67a2600000000000000000000000000000000000000000000000000000000) }, nonce: None, chain_id: None, access_list: None, transaction_type: None, blob_versioned_hashes: None, sidecar: None, authorization_list: None }, other: OtherFields {} }, Some(0x136), None, None)
    Error: Execution error: execution reverted

eth_call

RPC request failed:
    Request: EthCall(WithOtherFields { inner: TransactionRequest { from: None, to: Some(Call(0xfe4ae87e750c4952511058173c5d080aa6cd54aa)), gas_price: None, max_fee_per_gas: None, max_priority_fee_per_gas: None, max_fee_per_blob_gas: None, gas: None, value: None, input: TransactionInput { input: None, data: Some(0x01ffc9a780ac58cd00000000000000000000000000000000000000000000000000000000) }, nonce: None, chain_id: None, access_list: None, transaction_type: None, blob_versioned_hashes: None, sidecar: None, authorization_list: None }, other: OtherFields {} }, Some(0x136), None, None)
    Error: Execution error: execution reverted

eth_call

RPC request failed:
    Request: EthCall(WithOtherFields { inner: TransactionRequest { from: None, to: Some(Call(0xfe4ae87e750c4952511058173c5d080aa6cd54aa)), gas_price: None, max_fee_per_gas: None, max_priority_fee_per_gas: None, max_fee_per_blob_gas: None, gas: None, value: None, input: TransactionInput { input: None, data: Some(0x95d89b41) }, nonce: None, chain_id: None, access_list: None, transaction_type: None, blob_versioned_hashes: None, sidecar: None, authorization_list: None }, other: OtherFields {} }, Some(0x136), None, None)
    Error: Execution error: execution reverted

eth_call

RPC request failed:
    Request: EthCall(WithOtherFields { inner: TransactionRequest { from: None, to: Some(Call(0xfe4ae87e750c4952511058173c5d080aa6cd54aa)), gas_price: None, max_fee_per_gas: None, max_priority_fee_per_gas: None, max_fee_per_blob_gas: None, gas: None, value: None, input: TransactionInput { input: None, data: Some(0x313ce567) }, nonce: None, chain_id: None, access_list: None, transaction_type: None, blob_versioned_hashes: None, sidecar: None, authorization_list: None }, other: OtherFields {} }, Some(0x136), None, None)
    Error: Execution error: execution reverted

eth_call

RPC request failed:
    Request: EthCall(WithOtherFields { inner: TransactionRequest { from: None, to: Some(Call(0xfe4ae87e750c4952511058173c5d080aa6cd54aa)), gas_price: None, max_fee_per_gas: None, max_priority_fee_per_gas: None, max_fee_per_blob_gas: None, gas: None, value: None, input: TransactionInput { input: None, data: Some(0x70a0823100000000000000000000000070997970c51812dc3a010c7d01b50e0d17dc79c8) }, nonce: None, chain_id: None, access_list: None, transaction_type: None, blob_versioned_hashes: None, sidecar: None, authorization_list: None }, other: OtherFields {} }, Some(0x136), None, None)
    Error: Execution error: execution reverted

eth_call

RPC request failed:
    Request: EthCall(WithOtherFields { inner: TransactionRequest { from: None, to: Some(Call(0xfe4ae87e750c4952511058173c5d080aa6cd54aa)), gas_price: None, max_fee_per_gas: None, max_priority_fee_per_gas: None, max_fee_per_blob_gas: None, gas: None, value: None, input: TransactionInput { input: None, data: Some(0x01ffc9a7d9b67a2600000000000000000000000000000000000000000000000000000000) }, nonce: None, chain_id: None, access_list: None, transaction_type: None, blob_versioned_hashes: None, sidecar: None, authorization_list: None }, other: OtherFields {} }, Some(0x136), None, None)
    Error: Execution error: execution reverted

eth_call

RPC request failed:
    Request: EthCall(WithOtherFields { inner: TransactionRequest { from: None, to: Some(Call(0xfe4ae87e750c4952511058173c5d080aa6cd54aa)), gas_price: None, max_fee_per_gas: None, max_priority_fee_per_gas: None, max_fee_per_blob_gas: None, gas: None, value: None, input: TransactionInput { input: None, data: Some(0x95d89b41) }, nonce: None, chain_id: None, access_list: None, transaction_type: None, blob_versioned_hashes: None, sidecar: None, authorization_list: None }, other: OtherFields {} }, Some(0x136), None, None)
    Error: Execution error: execution reverted

eth_call

RPC request failed:
    Request: EthCall(WithOtherFields { inner: TransactionRequest { from: None, to: Some(Call(0xfe4ae87e750c4952511058173c5d080aa6cd54aa)), gas_price: None, max_fee_per_gas: None, max_priority_fee_per_gas: None, max_fee_per_blob_gas: None, gas: None, value: None, input: TransactionInput { input: None, data: Some(0x313ce567) }, nonce: None, chain_id: None, access_list: None, transaction_type: None, blob_versioned_hashes: None, sidecar: None, authorization_list: None }, other: OtherFields {} }, Some(0x136), None, None)
    Error: Execution error: execution reverted

eth_call

RPC request failed:
    Request: EthCall(WithOtherFields { inner: TransactionRequest { from: None, to: Some(Call(0xfe4ae87e750c4952511058173c5d080aa6cd54aa)), gas_price: None, max_fee_per_gas: None, max_priority_fee_per_gas: None, max_fee_per_blob_gas: None, gas: None, value: None, input: TransactionInput { input: None, data: Some(0x70a0823100000000000000000000000070997970c51812dc3a010c7d01b50e0d17dc79c8) }, nonce: None, chain_id: None, access_list: None, transaction_type: None, blob_versioned_hashes: None, sidecar: None, authorization_list: None }, other: OtherFields {} }, Some(0x136), None, None)
    Error: Execution error: execution reverted

eth_call

RPC request failed:
    Request: EthCall(WithOtherFields { inner: TransactionRequest { from: None, to: Some(Call(0xfe4ae87e750c4952511058173c5d080aa6cd54aa)), gas_price: None, max_fee_per_gas: None, max_priority_fee_per_gas: None, max_fee_per_blob_gas: None, gas: None, value: None, input: TransactionInput { input: None, data: Some(0x01ffc9a780ac58cd00000000000000000000000000000000000000000000000000000000) }, nonce: None, chain_id: None, access_list: None, transaction_type: None, blob_versioned_hashes: None, sidecar: None, authorization_list: None }, other: OtherFields {} }, Some(0x136), None, None)
    Error: Execution error: execution reverted

eth_blockNumber
eth_call

RPC request failed:
    Request: EthCall(WithOtherFields { inner: TransactionRequest { from: None, to: Some(Call(0xfe4ae87e750c4952511058173c5d080aa6cd54aa)), gas_price: None, max_fee_per_gas: None, max_priority_fee_per_gas: None, max_fee_per_blob_gas: None, gas: None, value: None, input: TransactionInput { input: None, data: Some(0x01ffc9a7d9b67a2600000000000000000000000000000000000000000000000000000000) }, nonce: None, chain_id: None, access_list: None, transaction_type: None, blob_versioned_hashes: None, sidecar: None, authorization_list: None }, other: OtherFields {} }, Some(0x136), None, None)
    Error: Execution error: execution reverted

eth_call

RPC request failed:
    Request: EthCall(WithOtherFields { inner: TransactionRequest { from: None, to: Some(Call(0xfe4ae87e750c4952511058173c5d080aa6cd54aa)), gas_price: None, max_fee_per_gas: None, max_priority_fee_per_gas: None, max_fee_per_blob_gas: None, gas: None, value: None, input: TransactionInput { input: None, data: Some(0x95d89b41) }, nonce: None, chain_id: None, access_list: None, transaction_type: None, blob_versioned_hashes: None, sidecar: None, authorization_list: None }, other: OtherFields {} }, Some(0x136), None, None)
    Error: Execution error: execution reverted

eth_call

RPC request failed:
    Request: EthCall(WithOtherFields { inner: TransactionRequest { from: None, to: Some(Call(0xfe4ae87e750c4952511058173c5d080aa6cd54aa)), gas_price: None, max_fee_per_gas: None, max_priority_fee_per_gas: None, max_fee_per_blob_gas: None, gas: None, value: None, input: TransactionInput { input: None, data: Some(0x313ce567) }, nonce: None, chain_id: None, access_list: None, transaction_type: None, blob_versioned_hashes: None, sidecar: None, authorization_list: None }, other: OtherFields {} }, Some(0x136), None, None)
    Error: Execution error: execution reverted

eth_call

RPC request failed:
    Request: EthCall(WithOtherFields { inner: TransactionRequest { from: None, to: Some(Call(0xfe4ae87e750c4952511058173c5d080aa6cd54aa)), gas_price: None, max_fee_per_gas: None, max_priority_fee_per_gas: None, max_fee_per_blob_gas: None, gas: None, value: None, input: TransactionInput { input: None, data: Some(0x70a0823100000000000000000000000070997970c51812dc3a010c7d01b50e0d17dc79c8) }, nonce: None, chain_id: None, access_list: None, transaction_type: None, blob_versioned_hashes: None, sidecar: None, authorization_list: None }, other: OtherFields {} }, Some(0x136), None, None)
    Error: Execution error: execution reverted

eth_getTransactionCount
eth_sendRawTransaction
eth_call

    Transaction: 0xebdf9429a1dcf79ac51120febbc08810cfa5b0327a7dcda5b55db7f3555b74f9
    Gas used: 49138

    Block Number: 311
    Block Hash: 0x6431472a86d0ad7e8154be3b33a92c23e6941f83608da3b7e647bc15334bcd79
    Block Time: "Sun, 12 Apr 2026 20:01:06 +0000"


RPC request failed:
    Request: EthCall(WithOtherFields { inner: TransactionRequest { from: None, to: Some(Call(0xfe4ae87e750c4952511058173c5d080aa6cd54aa)), gas_price: None, max_fee_per_gas: None, max_priority_fee_per_gas: None, max_fee_per_blob_gas: None, gas: None, value: None, input: TransactionInput { input: None, data: Some(0x01ffc9a780ac58cd00000000000000000000000000000000000000000000000000000000) }, nonce: None, chain_id: None, access_list: None, transaction_type: None, blob_versioned_hashes: None, sidecar: None, authorization_list: None }, other: OtherFields {} }, Some(0x136), None, None)
    Error: Execution error: execution reverted

eth_call

RPC request failed:
    Request: EthCall(WithOtherFields { inner: TransactionRequest { from: None, to: Some(Call(0xfe4ae87e750c4952511058173c5d080aa6cd54aa)), gas_price: None, max_fee_per_gas: None, max_priority_fee_per_gas: None, max_fee_per_blob_gas: None, gas: None, value: None, input: TransactionInput { input: None, data: Some(0x01ffc9a7d9b67a2600000000000000000000000000000000000000000000000000000000) }, nonce: None, chain_id: None, access_list: None, transaction_type: None, blob_versioned_hashes: None, sidecar: None, authorization_list: None }, other: OtherFields {} }, Some(0x136), None, None)
    Error: Execution error: execution reverted

eth_call

RPC request failed:
    Request: EthCall(WithOtherFields { inner: TransactionRequest { from: None, to: Some(Call(0xfe4ae87e750c4952511058173c5d080aa6cd54aa)), gas_price: None, max_fee_per_gas: None, max_priority_fee_per_gas: None, max_fee_per_blob_gas: None, gas: None, value: None, input: TransactionInput { input: None, data: Some(0x95d89b41) }, nonce: None, chain_id: None, access_list: None, transaction_type: None, blob_versioned_hashes: None, sidecar: None, authorization_list: None }, other: OtherFields {} }, Some(0x136), None, None)
    Error: Execution error: execution reverted

eth_call

RPC request failed:
    Request: EthCall(WithOtherFields { inner: TransactionRequest { from: None, to: Some(Call(0xfe4ae87e750c4952511058173c5d080aa6cd54aa)), gas_price: None, max_fee_per_gas: None, max_priority_fee_per_gas: None, max_fee_per_blob_gas: None, gas: None, value: None, input: TransactionInput { input: None, data: Some(0x313ce567) }, nonce: None, chain_id: None, access_list: None, transaction_type: None, blob_versioned_hashes: None, sidecar: None, authorization_list: None }, other: OtherFields {} }, Some(0x136), None, None)
    Error: Execution error: execution reverted

eth_getTransactionReceipt
eth_call
eth_call
eth_call
eth_call
eth_call
eth_call
eth_call
eth_call
eth_call
eth_call
eth_call
eth_call
eth_call
eth_call
eth_call
eth_call
eth_call
eth_call
eth_call
eth_call
eth_call
eth_call
eth_call
eth_call
eth_call
eth_call
eth_call
eth_call

RPC request failed:
    Request: EthCall(WithOtherFields { inner: TransactionRequest { from: None, to: None, gas_price: None, max_fee_per_gas: None, max_priority_fee_per_gas: None, max_fee_per_blob_gas: None, gas: None, value: None, input: TransactionInput { input: None, data: Some(0x95d89b41) }, nonce: None, chain_id: None, access_list: None, transaction_type: None, blob_versioned_hashes: None, sidecar: None, authorization_list: None }, other: OtherFields {} }, Some(0x136), None, None)
    Error: Internal error: EVM error StackOverflow

eth_call

RPC request failed:
    Request: EthCall(WithOtherFields { inner: TransactionRequest { from: None, to: None, gas_price: None, max_fee_per_gas: None, max_priority_fee_per_gas: None, max_fee_per_blob_gas: None, gas: None, value: None, input: TransactionInput { input: None, data: Some(0x95d89b41) }, nonce: None, chain_id: None, access_list: None, transaction_type: None, blob_versioned_hashes: None, sidecar: None, authorization_list: None }, other: OtherFields {} }, Some(0x136), None, None)
    Error: Internal error: EVM error StackOverflow

eth_getTransactionReceipt
eth_blockNumber
eth_getBlockByHash
eth_blockNumber
eth_call

RPC request failed:
    Request: EthCall(WithOtherFields { inner: TransactionRequest { from: None, to: Some(Call(0xfe4ae87e750c4952511058173c5d080aa6cd54aa)), gas_price: None, max_fee_per_gas: None, max_priority_fee_per_gas: None, max_fee_per_blob_gas: None, gas: None, value: None, input: TransactionInput { input: None, data: Some(0x01ffc9a780ac58cd00000000000000000000000000000000000000000000000000000000) }, nonce: None, chain_id: None, access_list: None, transaction_type: None, blob_versioned_hashes: None, sidecar: None, authorization_list: None }, other: OtherFields {} }, Some(0x137), None, None)
    Error: Execution error: execution reverted

eth_getBalance
eth_call

RPC request failed:
    Request: EthCall(WithOtherFields { inner: TransactionRequest { from: None, to: Some(Call(0xfe4ae87e750c4952511058173c5d080aa6cd54aa)), gas_price: None, max_fee_per_gas: None, max_priority_fee_per_gas: None, max_fee_per_blob_gas: None, gas: None, value: None, input: TransactionInput { input: None, data: Some(0x01ffc9a7d9b67a2600000000000000000000000000000000000000000000000000000000) }, nonce: None, chain_id: None, access_list: None, transaction_type: None, blob_versioned_hashes: None, sidecar: None, authorization_list: None }, other: OtherFields {} }, Some(0x137), None, None)
    Error: Execution error: execution reverted

eth_blockNumber
eth_call

RPC request failed:
    Request: EthCall(WithOtherFields { inner: TransactionRequest { from: None, to: Some(Call(0xfe4ae87e750c4952511058173c5d080aa6cd54aa)), gas_price: None, max_fee_per_gas: None, max_priority_fee_per_gas: None, max_fee_per_blob_gas: None, gas: None, value: None, input: TransactionInput { input: None, data: Some(0x95d89b41) }, nonce: None, chain_id: None, access_list: None, transaction_type: None, blob_versioned_hashes: None, sidecar: None, authorization_list: None }, other: OtherFields {} }, Some(0x137), None, None)
    Error: Execution error: execution reverted

eth_call

RPC request failed:
    Request: EthCall(WithOtherFields { inner: TransactionRequest { from: None, to: Some(Call(0xfe4ae87e750c4952511058173c5d080aa6cd54aa)), gas_price: None, max_fee_per_gas: None, max_priority_fee_per_gas: None, max_fee_per_blob_gas: None, gas: None, value: None, input: TransactionInput { input: None, data: Some(0x313ce567) }, nonce: None, chain_id: None, access_list: None, transaction_type: None, blob_versioned_hashes: None, sidecar: None, authorization_list: None }, other: OtherFields {} }, Some(0x137), None, None)
    Error: Execution error: execution reverted

eth_gasPrice
eth_blockNumber
eth_blockNumber
eth_blockNumber
eth_blockNumber
eth_blockNumber
eth_blockNumber
eth_blockNumber
eth_blockNumber
eth_call
eth_getTransactionReceipt
eth_call
eth_call
eth_call
eth_call
eth_call
eth_call
eth_call
eth_call
eth_call
eth_call
eth_call
eth_call
eth_call
eth_call
eth_call
eth_call
eth_call
eth_call
eth_call
eth_call
eth_call
eth_call
eth_call
eth_call
eth_call
eth_call
eth_call
eth_call
eth_call
eth_call
eth_call
eth_call
eth_call
eth_call
eth_call
eth_call
eth_blockNumber
eth_getBlockByNumber
eth_call
eth_call
eth_call
eth_call
eth_call
eth_call
eth_call
eth_call
eth_call
eth_call
eth_call
eth_call
eth_call
eth_call
eth_call
eth_call
eth_call
eth_call
eth_blockNumber
eth_getBalance
eth_blockNumber
eth_blockNumber
eth_getCode
eth_getCode
eth_estimateGas
eth_blockNumber
eth_call

RPC request failed:
    Request: EthCall(WithOtherFields { inner: TransactionRequest { from: None, to: Some(Call(0xe8addd62fed354203d079926a8e563bc1a7fe81e)), gas_price: None, max_fee_per_gas: None, max_priority_fee_per_gas: None, max_fee_per_blob_gas: None, gas: None, value: None, input: TransactionInput { input: None, data: Some(0x01ffc9a780ac58cd00000000000000000000000000000000000000000000000000000000) }, nonce: None, chain_id: None, access_list: None, transaction_type: None, blob_versioned_hashes: None, sidecar: None, authorization_list: None }, other: OtherFields {} }, Some(0x137), None, None)
    Error: Execution error: execution reverted

eth_call

RPC request failed:
    Request: EthCall(WithOtherFields { inner: TransactionRequest { from: None, to: Some(Call(0xe8addd62fed354203d079926a8e563bc1a7fe81e)), gas_price: None, max_fee_per_gas: None, max_priority_fee_per_gas: None, max_fee_per_blob_gas: None, gas: None, value: None, input: TransactionInput { input: None, data: Some(0x01ffc9a7d9b67a2600000000000000000000000000000000000000000000000000000000) }, nonce: None, chain_id: None, access_list: None, transaction_type: None, blob_versioned_hashes: None, sidecar: None, authorization_list: None }, other: OtherFields {} }, Some(0x137), None, None)
    Error: Execution error: execution reverted

eth_call

RPC request failed:
    Request: EthCall(WithOtherFields { inner: TransactionRequest { from: None, to: Some(Call(0xe8addd62fed354203d079926a8e563bc1a7fe81e)), gas_price: None, max_fee_per_gas: None, max_priority_fee_per_gas: None, max_fee_per_blob_gas: None, gas: None, value: None, input: TransactionInput { input: None, data: Some(0x95d89b41) }, nonce: None, chain_id: None, access_list: None, transaction_type: None, blob_versioned_hashes: None, sidecar: None, authorization_list: None }, other: OtherFields {} }, Some(0x137), None, None)
    Error: Execution error: execution reverted

eth_call

RPC request failed:
    Request: EthCall(WithOtherFields { inner: TransactionRequest { from: None, to: Some(Call(0xe8addd62fed354203d079926a8e563bc1a7fe81e)), gas_price: None, max_fee_per_gas: None, max_priority_fee_per_gas: None, max_fee_per_blob_gas: None, gas: None, value: None, input: TransactionInput { input: None, data: Some(0x313ce567) }, nonce: None, chain_id: None, access_list: None, transaction_type: None, blob_versioned_hashes: None, sidecar: None, authorization_list: None }, other: OtherFields {} }, Some(0x137), None, None)
    Error: Execution error: execution reverted

eth_call

RPC request failed:
    Request: EthCall(WithOtherFields { inner: TransactionRequest { from: None, to: Some(Call(0xe8addd62fed354203d079926a8e563bc1a7fe81e)), gas_price: None, max_fee_per_gas: None, max_priority_fee_per_gas: None, max_fee_per_blob_gas: None, gas: None, value: None, input: TransactionInput { input: None, data: Some(0x01ffc9a780ac58cd00000000000000000000000000000000000000000000000000000000) }, nonce: None, chain_id: None, access_list: None, transaction_type: None, blob_versioned_hashes: None, sidecar: None, authorization_list: None }, other: OtherFields {} }, Some(0x137), None, None)
    Error: Execution error: execution reverted

eth_call

RPC request failed:
    Request: EthCall(WithOtherFields { inner: TransactionRequest { from: None, to: Some(Call(0xe8addd62fed354203d079926a8e563bc1a7fe81e)), gas_price: None, max_fee_per_gas: None, max_priority_fee_per_gas: None, max_fee_per_blob_gas: None, gas: None, value: None, input: TransactionInput { input: None, data: Some(0x01ffc9a7d9b67a2600000000000000000000000000000000000000000000000000000000) }, nonce: None, chain_id: None, access_list: None, transaction_type: None, blob_versioned_hashes: None, sidecar: None, authorization_list: None }, other: OtherFields {} }, Some(0x137), None, None)
    Error: Execution error: execution reverted

eth_call

RPC request failed:
    Request: EthCall(WithOtherFields { inner: TransactionRequest { from: None, to: Some(Call(0xe8addd62fed354203d079926a8e563bc1a7fe81e)), gas_price: None, max_fee_per_gas: None, max_priority_fee_per_gas: None, max_fee_per_blob_gas: None, gas: None, value: None, input: TransactionInput { input: None, data: Some(0x01ffc9a780ac58cd00000000000000000000000000000000000000000000000000000000) }, nonce: None, chain_id: None, access_list: None, transaction_type: None, blob_versioned_hashes: None, sidecar: None, authorization_list: None }, other: OtherFields {} }, Some(0x137), None, None)
    Error: Execution error: execution reverted

eth_call

RPC request failed:
    Request: EthCall(WithOtherFields { inner: TransactionRequest { from: None, to: Some(Call(0xe8addd62fed354203d079926a8e563bc1a7fe81e)), gas_price: None, max_fee_per_gas: None, max_priority_fee_per_gas: None, max_fee_per_blob_gas: None, gas: None, value: None, input: TransactionInput { input: None, data: Some(0x95d89b41) }, nonce: None, chain_id: None, access_list: None, transaction_type: None, blob_versioned_hashes: None, sidecar: None, authorization_list: None }, other: OtherFields {} }, Some(0x137), None, None)
    Error: Execution error: execution reverted

eth_call

RPC request failed:
    Request: EthCall(WithOtherFields { inner: TransactionRequest { from: None, to: Some(Call(0xe8addd62fed354203d079926a8e563bc1a7fe81e)), gas_price: None, max_fee_per_gas: None, max_priority_fee_per_gas: None, max_fee_per_blob_gas: None, gas: None, value: None, input: TransactionInput { input: None, data: Some(0x313ce567) }, nonce: None, chain_id: None, access_list: None, transaction_type: None, blob_versioned_hashes: None, sidecar: None, authorization_list: None }, other: OtherFields {} }, Some(0x137), None, None)
    Error: Execution error: execution reverted

eth_call

RPC request failed:
    Request: EthCall(WithOtherFields { inner: TransactionRequest { from: None, to: Some(Call(0xe8addd62fed354203d079926a8e563bc1a7fe81e)), gas_price: None, max_fee_per_gas: None, max_priority_fee_per_gas: None, max_fee_per_blob_gas: None, gas: None, value: None, input: TransactionInput { input: None, data: Some(0x70a08231000000000000000000000000f39fd6e51aad88f6f4ce6ab8827279cfffb92266) }, nonce: None, chain_id: None, access_list: None, transaction_type: None, blob_versioned_hashes: None, sidecar: None, authorization_list: None }, other: OtherFields {} }, Some(0x137), None, None)
    Error: Execution error: execution reverted

eth_call

RPC request failed:
    Request: EthCall(WithOtherFields { inner: TransactionRequest { from: None, to: Some(Call(0xe8addd62fed354203d079926a8e563bc1a7fe81e)), gas_price: None, max_fee_per_gas: None, max_priority_fee_per_gas: None, max_fee_per_blob_gas: None, gas: None, value: None, input: TransactionInput { input: None, data: Some(0x01ffc9a7d9b67a2600000000000000000000000000000000000000000000000000000000) }, nonce: None, chain_id: None, access_list: None, transaction_type: None, blob_versioned_hashes: None, sidecar: None, authorization_list: None }, other: OtherFields {} }, Some(0x137), None, None)
    Error: Execution error: execution reverted

eth_call

RPC request failed:
    Request: EthCall(WithOtherFields { inner: TransactionRequest { from: None, to: Some(Call(0xe8addd62fed354203d079926a8e563bc1a7fe81e)), gas_price: None, max_fee_per_gas: None, max_priority_fee_per_gas: None, max_fee_per_blob_gas: None, gas: None, value: None, input: TransactionInput { input: None, data: Some(0x95d89b41) }, nonce: None, chain_id: None, access_list: None, transaction_type: None, blob_versioned_hashes: None, sidecar: None, authorization_list: None }, other: OtherFields {} }, Some(0x137), None, None)
    Error: Execution error: execution reverted

eth_call

RPC request failed:
    Request: EthCall(WithOtherFields { inner: TransactionRequest { from: None, to: Some(Call(0xe8addd62fed354203d079926a8e563bc1a7fe81e)), gas_price: None, max_fee_per_gas: None, max_priority_fee_per_gas: None, max_fee_per_blob_gas: None, gas: None, value: None, input: TransactionInput { input: None, data: Some(0x313ce567) }, nonce: None, chain_id: None, access_list: None, transaction_type: None, blob_versioned_hashes: None, sidecar: None, authorization_list: None }, other: OtherFields {} }, Some(0x137), None, None)
    Error: Execution error: execution reverted

eth_call

RPC request failed:
    Request: EthCall(WithOtherFields { inner: TransactionRequest { from: None, to: Some(Call(0xe8addd62fed354203d079926a8e563bc1a7fe81e)), gas_price: None, max_fee_per_gas: None, max_priority_fee_per_gas: None, max_fee_per_blob_gas: None, gas: None, value: None, input: TransactionInput { input: None, data: Some(0x70a08231000000000000000000000000f39fd6e51aad88f6f4ce6ab8827279cfffb92266) }, nonce: None, chain_id: None, access_list: None, transaction_type: None, blob_versioned_hashes: None, sidecar: None, authorization_list: None }, other: OtherFields {} }, Some(0x137), None, None)
    Error: Execution error: execution reverted

eth_call

RPC request failed:
    Request: EthCall(WithOtherFields { inner: TransactionRequest { from: None, to: Some(Call(0xe8addd62fed354203d079926a8e563bc1a7fe81e)), gas_price: None, max_fee_per_gas: None, max_priority_fee_per_gas: None, max_fee_per_blob_gas: None, gas: None, value: None, input: TransactionInput { input: None, data: Some(0x01ffc9a780ac58cd00000000000000000000000000000000000000000000000000000000) }, nonce: None, chain_id: None, access_list: None, transaction_type: None, blob_versioned_hashes: None, sidecar: None, authorization_list: None }, other: OtherFields {} }, Some(0x137), None, None)
    Error: Execution error: execution reverted

eth_blockNumber
eth_call

RPC request failed:
    Request: EthCall(WithOtherFields { inner: TransactionRequest { from: None, to: Some(Call(0xe8addd62fed354203d079926a8e563bc1a7fe81e)), gas_price: None, max_fee_per_gas: None, max_priority_fee_per_gas: None, max_fee_per_blob_gas: None, gas: None, value: None, input: TransactionInput { input: None, data: Some(0x01ffc9a7d9b67a2600000000000000000000000000000000000000000000000000000000) }, nonce: None, chain_id: None, access_list: None, transaction_type: None, blob_versioned_hashes: None, sidecar: None, authorization_list: None }, other: OtherFields {} }, Some(0x137), None, None)
    Error: Execution error: execution reverted

eth_call

RPC request failed:
    Request: EthCall(WithOtherFields { inner: TransactionRequest { from: None, to: Some(Call(0xe8addd62fed354203d079926a8e563bc1a7fe81e)), gas_price: None, max_fee_per_gas: None, max_priority_fee_per_gas: None, max_fee_per_blob_gas: None, gas: None, value: None, input: TransactionInput { input: None, data: Some(0x95d89b41) }, nonce: None, chain_id: None, access_list: None, transaction_type: None, blob_versioned_hashes: None, sidecar: None, authorization_list: None }, other: OtherFields {} }, Some(0x137), None, None)
    Error: Execution error: execution reverted

eth_call

RPC request failed:
    Request: EthCall(WithOtherFields { inner: TransactionRequest { from: None, to: Some(Call(0xe8addd62fed354203d079926a8e563bc1a7fe81e)), gas_price: None, max_fee_per_gas: None, max_priority_fee_per_gas: None, max_fee_per_blob_gas: None, gas: None, value: None, input: TransactionInput { input: None, data: Some(0x313ce567) }, nonce: None, chain_id: None, access_list: None, transaction_type: None, blob_versioned_hashes: None, sidecar: None, authorization_list: None }, other: OtherFields {} }, Some(0x137), None, None)
    Error: Execution error: execution reverted

eth_call

RPC request failed:
    Request: EthCall(WithOtherFields { inner: TransactionRequest { from: None, to: Some(Call(0xe8addd62fed354203d079926a8e563bc1a7fe81e)), gas_price: None, max_fee_per_gas: None, max_priority_fee_per_gas: None, max_fee_per_blob_gas: None, gas: None, value: None, input: TransactionInput { input: None, data: Some(0x70a08231000000000000000000000000f39fd6e51aad88f6f4ce6ab8827279cfffb92266) }, nonce: None, chain_id: None, access_list: None, transaction_type: None, blob_versioned_hashes: None, sidecar: None, authorization_list: None }, other: OtherFields {} }, Some(0x137), None, None)
    Error: Execution error: execution reverted

eth_getTransactionCount
eth_sendRawTransaction

    Transaction: 0xaf634e3210d60f7b1ae100d832db5ef76a4b3fd355a5d89f36a012947c6bf83d
    Gas used: 4460865

    Block Number: 312
    Block Hash: 0x5555080e70fd82d01d2825ee3464712cbad086feaa6d8ccb43f2e9a149e3412d
    Block Time: "Sun, 12 Apr 2026 20:05:49 +0000"

eth_call

RPC request failed:
    Request: EthCall(WithOtherFields { inner: TransactionRequest { from: None, to: Some(Call(0xe8addd62fed354203d079926a8e563bc1a7fe81e)), gas_price: None, max_fee_per_gas: None, max_priority_fee_per_gas: None, max_fee_per_blob_gas: None, gas: None, value: None, input: TransactionInput { input: None, data: Some(0x01ffc9a780ac58cd00000000000000000000000000000000000000000000000000000000) }, nonce: None, chain_id: None, access_list: None, transaction_type: None, blob_versioned_hashes: None, sidecar: None, authorization_list: None }, other: OtherFields {} }, Some(0x137), None, None)
    Error: Execution error: execution reverted

eth_getTransactionReceipt
eth_call

RPC request failed:
    Request: EthCall(WithOtherFields { inner: TransactionRequest { from: None, to: Some(Call(0xe8addd62fed354203d079926a8e563bc1a7fe81e)), gas_price: None, max_fee_per_gas: None, max_priority_fee_per_gas: None, max_fee_per_blob_gas: None, gas: None, value: None, input: TransactionInput { input: None, data: Some(0x01ffc9a7d9b67a2600000000000000000000000000000000000000000000000000000000) }, nonce: None, chain_id: None, access_list: None, transaction_type: None, blob_versioned_hashes: None, sidecar: None, authorization_list: None }, other: OtherFields {} }, Some(0x137), None, None)
    Error: Execution error: execution reverted

eth_call

RPC request failed:
    Request: EthCall(WithOtherFields { inner: TransactionRequest { from: None, to: Some(Call(0xe8addd62fed354203d079926a8e563bc1a7fe81e)), gas_price: None, max_fee_per_gas: None, max_priority_fee_per_gas: None, max_fee_per_blob_gas: None, gas: None, value: None, input: TransactionInput { input: None, data: Some(0x95d89b41) }, nonce: None, chain_id: None, access_list: None, transaction_type: None, blob_versioned_hashes: None, sidecar: None, authorization_list: None }, other: OtherFields {} }, Some(0x137), None, None)
    Error: Execution error: execution reverted

eth_call

RPC request failed:
    Request: EthCall(WithOtherFields { inner: TransactionRequest { from: None, to: Some(Call(0xe8addd62fed354203d079926a8e563bc1a7fe81e)), gas_price: None, max_fee_per_gas: None, max_priority_fee_per_gas: None, max_fee_per_blob_gas: None, gas: None, value: None, input: TransactionInput { input: None, data: Some(0x313ce567) }, nonce: None, chain_id: None, access_list: None, transaction_type: None, blob_versioned_hashes: None, sidecar: None, authorization_list: None }, other: OtherFields {} }, Some(0x137), None, None)
    Error: Execution error: execution reverted

eth_call

RPC request failed:
    Request: EthCall(WithOtherFields { inner: TransactionRequest { from: None, to: None, gas_price: None, max_fee_per_gas: None, max_priority_fee_per_gas: None, max_fee_per_blob_gas: None, gas: None, value: None, input: TransactionInput { input: None, data: Some(0x95d89b41) }, nonce: None, chain_id: None, access_list: None, transaction_type: None, blob_versioned_hashes: None, sidecar: None, authorization_list: None }, other: OtherFields {} }, Some(0x137), None, None)
    Error: Internal error: EVM error StackOverflow

eth_call

RPC request failed:
    Request: EthCall(WithOtherFields { inner: TransactionRequest { from: None, to: None, gas_price: None, max_fee_per_gas: None, max_priority_fee_per_gas: None, max_fee_per_blob_gas: None, gas: None, value: None, input: TransactionInput { input: None, data: Some(0x95d89b41) }, nonce: None, chain_id: None, access_list: None, transaction_type: None, blob_versioned_hashes: None, sidecar: None, authorization_list: None }, other: OtherFields {} }, Some(0x137), None, None)
    Error: Internal error: EVM error StackOverflow

eth_getLogs
eth_getLogs
eth_call
eth_call
eth_call
eth_call
eth_call
eth_call
eth_call
eth_call
eth_call
eth_getTransactionReceipt
eth_call
eth_call
eth_call
eth_call
eth_call
eth_call
eth_blockNumber
eth_call
eth_call
eth_call
eth_call
eth_call
eth_call
eth_call
eth_call
eth_call
eth_call
eth_call
eth_getBlockByHash
eth_call
eth_call
eth_call
eth_call
eth_call
eth_blockNumber
eth_call
eth_call
eth_call
eth_call
eth_call
eth_call
eth_call
eth_call
eth_call
eth_call
eth_call

RPC request failed:
    Request: EthCall(WithOtherFields { inner: TransactionRequest { from: None, to: Some(Call(0xe8addd62fed354203d079926a8e563bc1a7fe81e)), gas_price: None, max_fee_per_gas: None, max_priority_fee_per_gas: None, max_fee_per_blob_gas: None, gas: None, value: None, input: TransactionInput { input: None, data: Some(0x01ffc9a780ac58cd00000000000000000000000000000000000000000000000000000000) }, nonce: None, chain_id: None, access_list: None, transaction_type: None, blob_versioned_hashes: None, sidecar: None, authorization_list: None }, other: OtherFields {} }, Some(0x138), None, None)
    Error: Execution error: execution reverted

eth_getBalance
eth_call

RPC request failed:
    Request: EthCall(WithOtherFields { inner: TransactionRequest { from: None, to: Some(Call(0xe8addd62fed354203d079926a8e563bc1a7fe81e)), gas_price: None, max_fee_per_gas: None, max_priority_fee_per_gas: None, max_fee_per_blob_gas: None, gas: None, value: None, input: TransactionInput { input: None, data: Some(0x01ffc9a7d9b67a2600000000000000000000000000000000000000000000000000000000) }, nonce: None, chain_id: None, access_list: None, transaction_type: None, blob_versioned_hashes: None, sidecar: None, authorization_list: None }, other: OtherFields {} }, Some(0x138), None, None)
    Error: Execution error: execution reverted

eth_call

RPC request failed:
    Request: EthCall(WithOtherFields { inner: TransactionRequest { from: None, to: Some(Call(0xe8addd62fed354203d079926a8e563bc1a7fe81e)), gas_price: None, max_fee_per_gas: None, max_priority_fee_per_gas: None, max_fee_per_blob_gas: None, gas: None, value: None, input: TransactionInput { input: None, data: Some(0x95d89b41) }, nonce: None, chain_id: None, access_list: None, transaction_type: None, blob_versioned_hashes: None, sidecar: None, authorization_list: None }, other: OtherFields {} }, Some(0x138), None, None)
    Error: Execution error: execution reverted

eth_call

RPC request failed:
    Request: EthCall(WithOtherFields { inner: TransactionRequest { from: None, to: Some(Call(0xe8addd62fed354203d079926a8e563bc1a7fe81e)), gas_price: None, max_fee_per_gas: None, max_priority_fee_per_gas: None, max_fee_per_blob_gas: None, gas: None, value: None, input: TransactionInput { input: None, data: Some(0x313ce567) }, nonce: None, chain_id: None, access_list: None, transaction_type: None, blob_versioned_hashes: None, sidecar: None, authorization_list: None }, other: OtherFields {} }, Some(0x138), None, None)
    Error: Execution error: execution reverted

eth_gasPrice
eth_blockNumber
eth_blockNumber
eth_call
eth_call
eth_call
eth_call
eth_call
eth_call
eth_call
eth_call
eth_call
eth_call
eth_call
eth_call
eth_call
eth_call
eth_call
eth_call
eth_call
eth_call
eth_call
eth_call
eth_getBlockByNumber
eth_blockNumber
eth_getBalance
eth_getCode
eth_getCode
eth_estimateGas
eth_blockNumber
eth_call

RPC request failed:
    Request: EthCall(WithOtherFields { inner: TransactionRequest { from: None, to: Some(Call(0xfe024288cacba0946971dde754123828388eadd8)), gas_price: None, max_fee_per_gas: None, max_priority_fee_per_gas: None, max_fee_per_blob_gas: None, gas: None, value: None, input: TransactionInput { input: None, data: Some(0x01ffc9a780ac58cd00000000000000000000000000000000000000000000000000000000) }, nonce: None, chain_id: None, access_list: None, transaction_type: None, blob_versioned_hashes: None, sidecar: None, authorization_list: None }, other: OtherFields {} }, Some(0x138), None, None)
    Error: Execution error: execution reverted

eth_call

RPC request failed:
    Request: EthCall(WithOtherFields { inner: TransactionRequest { from: None, to: Some(Call(0xfe024288cacba0946971dde754123828388eadd8)), gas_price: None, max_fee_per_gas: None, max_priority_fee_per_gas: None, max_fee_per_blob_gas: None, gas: None, value: None, input: TransactionInput { input: None, data: Some(0x01ffc9a7d9b67a2600000000000000000000000000000000000000000000000000000000) }, nonce: None, chain_id: None, access_list: None, transaction_type: None, blob_versioned_hashes: None, sidecar: None, authorization_list: None }, other: OtherFields {} }, Some(0x138), None, None)
    Error: Execution error: execution reverted

eth_call

RPC request failed:
    Request: EthCall(WithOtherFields { inner: TransactionRequest { from: None, to: Some(Call(0xfe024288cacba0946971dde754123828388eadd8)), gas_price: None, max_fee_per_gas: None, max_priority_fee_per_gas: None, max_fee_per_blob_gas: None, gas: None, value: None, input: TransactionInput { input: None, data: Some(0x95d89b41) }, nonce: None, chain_id: None, access_list: None, transaction_type: None, blob_versioned_hashes: None, sidecar: None, authorization_list: None }, other: OtherFields {} }, Some(0x138), None, None)
    Error: Execution error: execution reverted

eth_call

RPC request failed:
    Request: EthCall(WithOtherFields { inner: TransactionRequest { from: None, to: Some(Call(0xfe024288cacba0946971dde754123828388eadd8)), gas_price: None, max_fee_per_gas: None, max_priority_fee_per_gas: None, max_fee_per_blob_gas: None, gas: None, value: None, input: TransactionInput { input: None, data: Some(0x313ce567) }, nonce: None, chain_id: None, access_list: None, transaction_type: None, blob_versioned_hashes: None, sidecar: None, authorization_list: None }, other: OtherFields {} }, Some(0x138), None, None)
    Error: Execution error: execution reverted

eth_call

RPC request failed:
    Request: EthCall(WithOtherFields { inner: TransactionRequest { from: None, to: Some(Call(0xfe024288cacba0946971dde754123828388eadd8)), gas_price: None, max_fee_per_gas: None, max_priority_fee_per_gas: None, max_fee_per_blob_gas: None, gas: None, value: None, input: TransactionInput { input: None, data: Some(0x01ffc9a780ac58cd00000000000000000000000000000000000000000000000000000000) }, nonce: None, chain_id: None, access_list: None, transaction_type: None, blob_versioned_hashes: None, sidecar: None, authorization_list: None }, other: OtherFields {} }, Some(0x138), None, None)
    Error: Execution error: execution reverted

eth_call

RPC request failed:
    Request: EthCall(WithOtherFields { inner: TransactionRequest { from: None, to: Some(Call(0xfe024288cacba0946971dde754123828388eadd8)), gas_price: None, max_fee_per_gas: None, max_priority_fee_per_gas: None, max_fee_per_blob_gas: None, gas: None, value: None, input: TransactionInput { input: None, data: Some(0x01ffc9a7d9b67a2600000000000000000000000000000000000000000000000000000000) }, nonce: None, chain_id: None, access_list: None, transaction_type: None, blob_versioned_hashes: None, sidecar: None, authorization_list: None }, other: OtherFields {} }, Some(0x138), None, None)
    Error: Execution error: execution reverted

eth_call

RPC request failed:
    Request: EthCall(WithOtherFields { inner: TransactionRequest { from: None, to: Some(Call(0xfe024288cacba0946971dde754123828388eadd8)), gas_price: None, max_fee_per_gas: None, max_priority_fee_per_gas: None, max_fee_per_blob_gas: None, gas: None, value: None, input: TransactionInput { input: None, data: Some(0x01ffc9a780ac58cd00000000000000000000000000000000000000000000000000000000) }, nonce: None, chain_id: None, access_list: None, transaction_type: None, blob_versioned_hashes: None, sidecar: None, authorization_list: None }, other: OtherFields {} }, Some(0x138), None, None)
    Error: Execution error: execution reverted

eth_call

RPC request failed:
    Request: EthCall(WithOtherFields { inner: TransactionRequest { from: None, to: Some(Call(0xfe024288cacba0946971dde754123828388eadd8)), gas_price: None, max_fee_per_gas: None, max_priority_fee_per_gas: None, max_fee_per_blob_gas: None, gas: None, value: None, input: TransactionInput { input: None, data: Some(0x95d89b41) }, nonce: None, chain_id: None, access_list: None, transaction_type: None, blob_versioned_hashes: None, sidecar: None, authorization_list: None }, other: OtherFields {} }, Some(0x138), None, None)
    Error: Execution error: execution reverted

eth_call

RPC request failed:
    Request: EthCall(WithOtherFields { inner: TransactionRequest { from: None, to: Some(Call(0xfe024288cacba0946971dde754123828388eadd8)), gas_price: None, max_fee_per_gas: None, max_priority_fee_per_gas: None, max_fee_per_blob_gas: None, gas: None, value: None, input: TransactionInput { input: None, data: Some(0x313ce567) }, nonce: None, chain_id: None, access_list: None, transaction_type: None, blob_versioned_hashes: None, sidecar: None, authorization_list: None }, other: OtherFields {} }, Some(0x138), None, None)
    Error: Execution error: execution reverted

eth_call

RPC request failed:
    Request: EthCall(WithOtherFields { inner: TransactionRequest { from: None, to: Some(Call(0xfe024288cacba0946971dde754123828388eadd8)), gas_price: None, max_fee_per_gas: None, max_priority_fee_per_gas: None, max_fee_per_blob_gas: None, gas: None, value: None, input: TransactionInput { input: None, data: Some(0x70a0823100000000000000000000000070997970c51812dc3a010c7d01b50e0d17dc79c8) }, nonce: None, chain_id: None, access_list: None, transaction_type: None, blob_versioned_hashes: None, sidecar: None, authorization_list: None }, other: OtherFields {} }, Some(0x138), None, None)
    Error: Execution error: execution reverted

eth_call

RPC request failed:
    Request: EthCall(WithOtherFields { inner: TransactionRequest { from: None, to: Some(Call(0xfe024288cacba0946971dde754123828388eadd8)), gas_price: None, max_fee_per_gas: None, max_priority_fee_per_gas: None, max_fee_per_blob_gas: None, gas: None, value: None, input: TransactionInput { input: None, data: Some(0x01ffc9a7d9b67a2600000000000000000000000000000000000000000000000000000000) }, nonce: None, chain_id: None, access_list: None, transaction_type: None, blob_versioned_hashes: None, sidecar: None, authorization_list: None }, other: OtherFields {} }, Some(0x138), None, None)
    Error: Execution error: execution reverted

eth_call

RPC request failed:
    Request: EthCall(WithOtherFields { inner: TransactionRequest { from: None, to: Some(Call(0xfe024288cacba0946971dde754123828388eadd8)), gas_price: None, max_fee_per_gas: None, max_priority_fee_per_gas: None, max_fee_per_blob_gas: None, gas: None, value: None, input: TransactionInput { input: None, data: Some(0x95d89b41) }, nonce: None, chain_id: None, access_list: None, transaction_type: None, blob_versioned_hashes: None, sidecar: None, authorization_list: None }, other: OtherFields {} }, Some(0x138), None, None)
    Error: Execution error: execution reverted

eth_call

RPC request failed:
    Request: EthCall(WithOtherFields { inner: TransactionRequest { from: None, to: Some(Call(0xfe024288cacba0946971dde754123828388eadd8)), gas_price: None, max_fee_per_gas: None, max_priority_fee_per_gas: None, max_fee_per_blob_gas: None, gas: None, value: None, input: TransactionInput { input: None, data: Some(0x313ce567) }, nonce: None, chain_id: None, access_list: None, transaction_type: None, blob_versioned_hashes: None, sidecar: None, authorization_list: None }, other: OtherFields {} }, Some(0x138), None, None)
    Error: Execution error: execution reverted

eth_call

RPC request failed:
    Request: EthCall(WithOtherFields { inner: TransactionRequest { from: None, to: Some(Call(0xfe024288cacba0946971dde754123828388eadd8)), gas_price: None, max_fee_per_gas: None, max_priority_fee_per_gas: None, max_fee_per_blob_gas: None, gas: None, value: None, input: TransactionInput { input: None, data: Some(0x70a0823100000000000000000000000070997970c51812dc3a010c7d01b50e0d17dc79c8) }, nonce: None, chain_id: None, access_list: None, transaction_type: None, blob_versioned_hashes: None, sidecar: None, authorization_list: None }, other: OtherFields {} }, Some(0x138), None, None)
    Error: Execution error: execution reverted

eth_call

RPC request failed:
    Request: EthCall(WithOtherFields { inner: TransactionRequest { from: None, to: Some(Call(0xfe024288cacba0946971dde754123828388eadd8)), gas_price: None, max_fee_per_gas: None, max_priority_fee_per_gas: None, max_fee_per_blob_gas: None, gas: None, value: None, input: TransactionInput { input: None, data: Some(0x01ffc9a780ac58cd00000000000000000000000000000000000000000000000000000000) }, nonce: None, chain_id: None, access_list: None, transaction_type: None, blob_versioned_hashes: None, sidecar: None, authorization_list: None }, other: OtherFields {} }, Some(0x138), None, None)
    Error: Execution error: execution reverted

eth_blockNumber
eth_call

RPC request failed:
    Request: EthCall(WithOtherFields { inner: TransactionRequest { from: None, to: Some(Call(0xfe024288cacba0946971dde754123828388eadd8)), gas_price: None, max_fee_per_gas: None, max_priority_fee_per_gas: None, max_fee_per_blob_gas: None, gas: None, value: None, input: TransactionInput { input: None, data: Some(0x01ffc9a7d9b67a2600000000000000000000000000000000000000000000000000000000) }, nonce: None, chain_id: None, access_list: None, transaction_type: None, blob_versioned_hashes: None, sidecar: None, authorization_list: None }, other: OtherFields {} }, Some(0x138), None, None)
    Error: Execution error: execution reverted

eth_call

RPC request failed:
    Request: EthCall(WithOtherFields { inner: TransactionRequest { from: None, to: Some(Call(0xfe024288cacba0946971dde754123828388eadd8)), gas_price: None, max_fee_per_gas: None, max_priority_fee_per_gas: None, max_fee_per_blob_gas: None, gas: None, value: None, input: TransactionInput { input: None, data: Some(0x95d89b41) }, nonce: None, chain_id: None, access_list: None, transaction_type: None, blob_versioned_hashes: None, sidecar: None, authorization_list: None }, other: OtherFields {} }, Some(0x138), None, None)
    Error: Execution error: execution reverted

eth_call

RPC request failed:
    Request: EthCall(WithOtherFields { inner: TransactionRequest { from: None, to: Some(Call(0xfe024288cacba0946971dde754123828388eadd8)), gas_price: None, max_fee_per_gas: None, max_priority_fee_per_gas: None, max_fee_per_blob_gas: None, gas: None, value: None, input: TransactionInput { input: None, data: Some(0x313ce567) }, nonce: None, chain_id: None, access_list: None, transaction_type: None, blob_versioned_hashes: None, sidecar: None, authorization_list: None }, other: OtherFields {} }, Some(0x138), None, None)
    Error: Execution error: execution reverted

eth_call

RPC request failed:
    Request: EthCall(WithOtherFields { inner: TransactionRequest { from: None, to: Some(Call(0xfe024288cacba0946971dde754123828388eadd8)), gas_price: None, max_fee_per_gas: None, max_priority_fee_per_gas: None, max_fee_per_blob_gas: None, gas: None, value: None, input: TransactionInput { input: None, data: Some(0x70a0823100000000000000000000000070997970c51812dc3a010c7d01b50e0d17dc79c8) }, nonce: None, chain_id: None, access_list: None, transaction_type: None, blob_versioned_hashes: None, sidecar: None, authorization_list: None }, other: OtherFields {} }, Some(0x138), None, None)
    Error: Execution error: execution reverted

eth_getTransactionCount
eth_sendRawTransaction

    Transaction: 0x825c1ce0c707e6e63ccd0493633277cd66de45d15a42f4e17e032b54632ef934
    Gas used: 49138

    Block Number: 313
    Block Hash: 0xcff93ce8a3d7f98e7e5a0cda1c985ab338b5c105bf495559ba1641e785acadd8
    Block Time: "Sun, 12 Apr 2026 20:06:22 +0000"

eth_call

RPC request failed:
    Request: EthCall(WithOtherFields { inner: TransactionRequest { from: None, to: Some(Call(0xfe024288cacba0946971dde754123828388eadd8)), gas_price: None, max_fee_per_gas: None, max_priority_fee_per_gas: None, max_fee_per_blob_gas: None, gas: None, value: None, input: TransactionInput { input: None, data: Some(0x01ffc9a780ac58cd00000000000000000000000000000000000000000000000000000000) }, nonce: None, chain_id: None, access_list: None, transaction_type: None, blob_versioned_hashes: None, sidecar: None, authorization_list: None }, other: OtherFields {} }, Some(0x138), None, None)
    Error: Execution error: execution reverted

eth_call

RPC request failed:
    Request: EthCall(WithOtherFields { inner: TransactionRequest { from: None, to: Some(Call(0xfe024288cacba0946971dde754123828388eadd8)), gas_price: None, max_fee_per_gas: None, max_priority_fee_per_gas: None, max_fee_per_blob_gas: None, gas: None, value: None, input: TransactionInput { input: None, data: Some(0x01ffc9a7d9b67a2600000000000000000000000000000000000000000000000000000000) }, nonce: None, chain_id: None, access_list: None, transaction_type: None, blob_versioned_hashes: None, sidecar: None, authorization_list: None }, other: OtherFields {} }, Some(0x138), None, None)
    Error: Execution error: execution reverted

eth_call

RPC request failed:
    Request: EthCall(WithOtherFields { inner: TransactionRequest { from: None, to: Some(Call(0xfe024288cacba0946971dde754123828388eadd8)), gas_price: None, max_fee_per_gas: None, max_priority_fee_per_gas: None, max_fee_per_blob_gas: None, gas: None, value: None, input: TransactionInput { input: None, data: Some(0x95d89b41) }, nonce: None, chain_id: None, access_list: None, transaction_type: None, blob_versioned_hashes: None, sidecar: None, authorization_list: None }, other: OtherFields {} }, Some(0x138), None, None)
    Error: Execution error: execution reverted

eth_call

RPC request failed:
    Request: EthCall(WithOtherFields { inner: TransactionRequest { from: None, to: Some(Call(0xfe024288cacba0946971dde754123828388eadd8)), gas_price: None, max_fee_per_gas: None, max_priority_fee_per_gas: None, max_fee_per_blob_gas: None, gas: None, value: None, input: TransactionInput { input: None, data: Some(0x313ce567) }, nonce: None, chain_id: None, access_list: None, transaction_type: None, blob_versioned_hashes: None, sidecar: None, authorization_list: None }, other: OtherFields {} }, Some(0x138), None, None)
    Error: Execution error: execution reverted

eth_getTransactionReceipt
eth_call
eth_call
eth_call
eth_call
eth_call
eth_call
eth_call
eth_call
eth_call
eth_call
eth_call
eth_call
eth_call
eth_call
eth_call
eth_call
eth_call
eth_call
eth_call
eth_call
eth_call
eth_call
eth_call
eth_call
eth_call
eth_call
eth_call
eth_call
eth_call
eth_call
eth_call

RPC request failed:
    Request: EthCall(WithOtherFields { inner: TransactionRequest { from: None, to: None, gas_price: None, max_fee_per_gas: None, max_priority_fee_per_gas: None, max_fee_per_blob_gas: None, gas: None, value: None, input: TransactionInput { input: None, data: Some(0x95d89b41) }, nonce: None, chain_id: None, access_list: None, transaction_type: None, blob_versioned_hashes: None, sidecar: None, authorization_list: None }, other: OtherFields {} }, Some(0x138), None, None)
    Error: Internal error: EVM error StackOverflow

eth_call

RPC request failed:
    Request: EthCall(WithOtherFields { inner: TransactionRequest { from: None, to: None, gas_price: None, max_fee_per_gas: None, max_priority_fee_per_gas: None, max_fee_per_blob_gas: None, gas: None, value: None, input: TransactionInput { input: None, data: Some(0x95d89b41) }, nonce: None, chain_id: None, access_list: None, transaction_type: None, blob_versioned_hashes: None, sidecar: None, authorization_list: None }, other: OtherFields {} }, Some(0x138), None, None)
    Error: Internal error: EVM error StackOverflow

eth_getTransactionReceipt
eth_blockNumber
eth_getBlockByHash
eth_blockNumber
eth_call

RPC request failed:
    Request: EthCall(WithOtherFields { inner: TransactionRequest { from: None, to: Some(Call(0xfe024288cacba0946971dde754123828388eadd8)), gas_price: None, max_fee_per_gas: None, max_priority_fee_per_gas: None, max_fee_per_blob_gas: None, gas: None, value: None, input: TransactionInput { input: None, data: Some(0x01ffc9a780ac58cd00000000000000000000000000000000000000000000000000000000) }, nonce: None, chain_id: None, access_list: None, transaction_type: None, blob_versioned_hashes: None, sidecar: None, authorization_list: None }, other: OtherFields {} }, Some(0x139), None, None)
    Error: Execution error: execution reverted

eth_getBalance
eth_call

RPC request failed:
    Request: EthCall(WithOtherFields { inner: TransactionRequest { from: None, to: Some(Call(0xfe024288cacba0946971dde754123828388eadd8)), gas_price: None, max_fee_per_gas: None, max_priority_fee_per_gas: None, max_fee_per_blob_gas: None, gas: None, value: None, input: TransactionInput { input: None, data: Some(0x01ffc9a7d9b67a2600000000000000000000000000000000000000000000000000000000) }, nonce: None, chain_id: None, access_list: None, transaction_type: None, blob_versioned_hashes: None, sidecar: None, authorization_list: None }, other: OtherFields {} }, Some(0x139), None, None)
    Error: Execution error: execution reverted

eth_blockNumber
eth_call

RPC request failed:
    Request: EthCall(WithOtherFields { inner: TransactionRequest { from: None, to: Some(Call(0xfe024288cacba0946971dde754123828388eadd8)), gas_price: None, max_fee_per_gas: None, max_priority_fee_per_gas: None, max_fee_per_blob_gas: None, gas: None, value: None, input: TransactionInput { input: None, data: Some(0x95d89b41) }, nonce: None, chain_id: None, access_list: None, transaction_type: None, blob_versioned_hashes: None, sidecar: None, authorization_list: None }, other: OtherFields {} }, Some(0x139), None, None)
    Error: Execution error: execution reverted

eth_call

RPC request failed:
    Request: EthCall(WithOtherFields { inner: TransactionRequest { from: None, to: Some(Call(0xfe024288cacba0946971dde754123828388eadd8)), gas_price: None, max_fee_per_gas: None, max_priority_fee_per_gas: None, max_fee_per_blob_gas: None, gas: None, value: None, input: TransactionInput { input: None, data: Some(0x313ce567) }, nonce: None, chain_id: None, access_list: None, transaction_type: None, blob_versioned_hashes: None, sidecar: None, authorization_list: None }, other: OtherFields {} }, Some(0x139), None, None)
    Error: Execution error: execution reverted

eth_gasPrice
eth_blockNumber
eth_blockNumber
eth_blockNumber
eth_blockNumber
eth_blockNumber
eth_blockNumber
eth_blockNumber
eth_blockNumber
eth_blockNumber
eth_blockNumber
eth_blockNumber
eth_blockNumber
eth_blockNumber
